JPGNumber,RaceNumber,BubbleNumber,Actual,Baseline,CNN
1917,0,0,1,1,-1
1917,0,1,1,1,-1
1917,0,2,0,0,-1
1917,0,3,1,1,-1
1917,0,4,0,0,-1
1917,0,5,0,0,-1
1917,0,6,0,0,-1
1919,0,0,0,0,-1
1919,0,1,0,0,-1
1919,0,2,1,1,-1
1919,0,3,0,0,-1
1919,0,4,0,0,-1
1919,0,5,0,0,-1
1919,0,6,0,0,-1
1921,0,0,0,0,-1
1921,0,1,0,0,-1
1921,0,2,1,1,-1
1921,0,3,0,0,-1
1921,0,4,0,0,-1
1921,0,5,0,0,-1
1921,0,6,0,0,-1
1923,0,0,1,1,-1
1923,0,1,0,0,-1
1923,0,2,1,1,-1
1923,0,3,1,1,-1
1923,0,4,0,0,-1
1923,0,5,0,0,-1
1923,0,6,0,0,-1
1925,0,0,0,2,-1
1925,0,1,1,2,-1
1925,0,2,1,2,-1
1925,0,3,1,2,-1
1925,0,4,0,2,-1
1925,0,5,0,2,-1
1925,0,6,0,2,-1
1927,0,0,1,1,-1
1927,0,1,0,0,-1
1927,0,2,0,0,-1
1927,0,3,0,0,-1
1927,0,4,0,0,-1
1927,0,5,0,0,-1
1927,0,6,0,0,-1
1929,0,0,0,0,-1
1929,0,1,1,1,-1
1929,0,2,1,1,-1
1929,0,3,1,1,-1
1929,0,4,0,0,-1
1929,0,5,0,0,-1
1929,0,6,0,0,-1
1931,0,0,1,1,-1
1931,0,1,1,1,-1
1931,0,2,1,1,-1
1931,0,3,0,0,-1
1931,0,4,0,0,-1
1931,0,5,0,0,-1
1931,0,6,0,0,-1
1933,0,0,0,0,-1
1933,0,1,0,0,-1
1933,0,2,0,0,-1
1933,0,3,0,0,-1
1933,0,4,0,0,-1
1933,0,5,0,0,-1
1933,0,6,0,0,-1
1935,0,0,1,1,-1
1935,0,1,0,0,-1
1935,0,2,1,1,-1
1935,0,3,1,1,-1
1935,0,4,0,0,-1
1935,0,5,0,0,-1
1935,0,6,0,0,-1
1937,0,0,1,1,-1
1937,0,1,1,1,-1
1937,0,2,0,0,-1
1937,0,3,1,1,-1
1937,0,4,0,0,-1
1937,0,5,0,0,-1
1937,0,6,0,0,-1
1939,0,0,1,1,-1
1939,0,1,1,1,-1
1939,0,2,1,1,-1
1939,0,3,0,0,-1
1939,0,4,0,0,-1
1939,0,5,0,0,-1
1939,0,6,0,0,-1
1941,0,0,1,1,-1
1941,0,1,1,1,-1
1941,0,2,1,1,-1
1941,0,3,0,0,-1
1941,0,4,0,0,-1
1941,0,5,0,0,-1
1941,0,6,0,0,-1
1943,0,0,1,1,-1
1943,0,1,1,1,-1
1943,0,2,1,1,-1
1943,0,3,0,0,-1
1943,0,4,0,0,-1
1943,0,5,0,0,-1
1943,0,6,0,0,-1
1945,0,0,1,1,-1
1945,0,1,1,1,-1
1945,0,2,1,1,-1
1945,0,3,0,0,-1
1945,0,4,0,0,-1
1945,0,5,0,0,-1
1945,0,6,0,0,-1
1947,0,0,1,1,-1
1947,0,1,1,1,-1
1947,0,2,1,1,-1
1947,0,3,0,0,-1
1947,0,4,0,0,-1
1947,0,5,0,0,-1
1947,0,6,0,0,-1
1949,0,0,0,0,-1
1949,0,1,0,0,-1
1949,0,2,1,1,-1
1949,0,3,0,0,-1
1949,0,4,0,0,-1
1949,0,5,0,0,-1
1949,0,6,0,0,-1
1951,0,0,0,0,-1
1951,0,1,0,0,-1
1951,0,2,1,1,-1
1951,0,3,0,0,-1
1951,0,4,0,0,-1
1951,0,5,0,0,-1
1951,0,6,0,0,-1
1953,0,0,0,0,-1
1953,0,1,1,1,-1
1953,0,2,1,1,-1
1953,0,3,1,1,-1
1953,0,4,0,0,-1
1953,0,5,0,0,-1
1953,0,6,0,0,-1
1955,0,0,0,0,-1
1955,0,1,1,1,-1
1955,0,2,1,1,-1
1955,0,3,1,1,-1
1955,0,4,0,0,-1
1955,0,5,0,0,-1
1955,0,6,0,0,-1
2009,0,0,1,1,-1
2009,0,1,1,1,-1
2009,0,2,0,0,-1
2009,0,3,1,1,-1
2009,0,4,0,0,-1
2009,0,5,0,0,-1
2009,0,6,0,0,-1
2011,0,0,1,1,-1
2011,0,1,1,1,-1
2011,0,2,0,0,-1
2011,0,3,1,1,-1
2011,0,4,0,0,-1
2011,0,5,0,0,-1
2011,0,6,0,0,-1
2013,0,0,0,2,-1
2013,0,1,1,2,-1
2013,0,2,1,2,-1
2013,0,3,1,2,-1
2013,0,4,0,2,-1
2013,0,5,0,2,-1
2013,0,6,0,2,-1
2015,0,0,1,1,-1
2015,0,1,1,1,-1
2015,0,2,0,0,-1
2015,0,3,1,1,-1
2015,0,4,0,0,-1
2015,0,5,0,0,-1
2015,0,6,0,0,-1
2017,0,0,0,0,-1
2017,0,1,1,1,-1
2017,0,2,1,1,-1
2017,0,3,1,1,-1
2017,0,4,0,0,-1
2017,0,5,0,0,-1
2017,0,6,0,0,-1
2019,0,0,0,0,-1
2019,0,1,0,0,-1
2019,0,2,0,0,-1
2019,0,3,0,0,-1
2019,0,4,0,0,-1
2019,0,5,0,0,-1
2019,0,6,0,0,-1
2021,0,0,0,0,-1
2021,0,1,1,1,-1
2021,0,2,1,1,-1
2021,0,3,1,1,-1
2021,0,4,0,0,-1
2021,0,5,0,0,-1
2021,0,6,0,0,-1
2023,0,0,1,1,-1
2023,0,1,0,0,-1
2023,0,2,1,1,-1
2023,0,3,1,1,-1
2023,0,4,0,0,-1
2023,0,5,0,0,-1
2023,0,6,0,0,-1
2025,0,0,1,1,-1
2025,0,1,1,1,-1
2025,0,2,1,1,-1
2025,0,3,0,0,-1
2025,0,4,0,0,-1
2025,0,5,0,0,-1
2025,0,6,0,0,-1
2027,0,0,1,1,-1
2027,0,1,1,1,-1
2027,0,2,0,0,-1
2027,0,3,1,1,-1
2027,0,4,0,0,-1
2027,0,5,0,0,-1
2027,0,6,0,0,-1
2029,0,0,1,1,-1
2029,0,1,1,1,-1
2029,0,2,0,0,-1
2029,0,3,1,1,-1
2029,0,4,0,0,-1
2029,0,5,0,0,-1
2029,0,6,0,0,-1
2031,0,0,0,0,-1
2031,0,1,0,0,-1
2031,0,2,1,1,-1
2031,0,3,1,1,-1
2031,0,4,1,1,-1
2031,0,5,0,0,-1
2031,0,6,0,0,-1
2033,0,0,0,0,-1
2033,0,1,0,0,-1
2033,0,2,1,1,-1
2033,0,3,0,0,-1
2033,0,4,0,0,-1
2033,0,5,0,0,-1
2033,0,6,0,0,-1
2035,0,0,1,1,-1
2035,0,1,1,1,-1
2035,0,2,1,1,-1
2035,0,3,0,0,-1
2035,0,4,0,0,-1
2035,0,5,0,0,-1
2035,0,6,0,0,-1
2037,0,0,1,1,-1
2037,0,1,1,1,-1
2037,0,2,1,1,-1
2037,0,3,0,0,-1
2037,0,4,0,0,-1
2037,0,5,0,0,-1
2037,0,6,0,0,-1
2039,0,0,1,1,-1
2039,0,1,1,1,-1
2039,0,2,1,1,-1
2039,0,3,0,0,-1
2039,0,4,0,0,-1
2039,0,5,0,0,-1
2039,0,6,0,0,-1
2041,0,0,1,1,-1
2041,0,1,1,1,-1
2041,0,2,0,0,-1
2041,0,3,1,1,-1
2041,0,4,0,0,-1
2041,0,5,0,0,-1
2041,0,6,0,0,-1
2043,0,0,1,1,-1
2043,0,1,0,0,-1
2043,0,2,1,1,-1
2043,0,3,1,1,-1
2043,0,4,0,0,-1
2043,0,5,0,0,-1
2043,0,6,0,0,-1
2045,0,0,1,1,-1
2045,0,1,1,1,-1
2045,0,2,0,0,-1
2045,0,3,1,1,-1
2045,0,4,0,0,-1
2045,0,5,0,0,-1
2045,0,6,0,0,-1
2047,0,0,1,1,-1
2047,0,1,1,1,-1
2047,0,2,0,0,-1
2047,0,3,1,1,-1
2047,0,4,0,0,-1
2047,0,5,0,0,-1
2047,0,6,0,0,-1
2049,0,0,0,0,-1
2049,0,1,0,0,-1
2049,0,2,1,1,-1
2049,0,3,0,0,-1
2049,0,4,0,0,-1
2049,0,5,0,0,-1
2049,0,6,0,0,-1
2051,0,0,1,1,-1
2051,0,1,1,1,-1
2051,0,2,0,0,-1
2051,0,3,1,1,-1
2051,0,4,0,0,-1
2051,0,5,0,0,-1
2051,0,6,0,0,-1
2053,0,0,1,1,-1
2053,0,1,1,1,-1
2053,0,2,0,0,-1
2053,0,3,1,1,-1
2053,0,4,0,0,-1
2053,0,5,0,0,-1
2053,0,6,0,0,-1
2055,0,0,1,1,-1
2055,0,1,1,1,-1
2055,0,2,0,0,-1
2055,0,3,1,1,-1
2055,0,4,0,0,-1
2055,0,5,0,0,-1
2055,0,6,0,0,-1
2057,0,0,0,0,-1
2057,0,1,0,0,-1
2057,0,2,1,1,-1
2057,0,3,0,0,-1
2057,0,4,0,0,-1
2057,0,5,0,0,-1
2057,0,6,0,0,-1
2059,0,0,1,1,-1
2059,0,1,1,1,-1
2059,0,2,0,0,-1
2059,0,3,1,1,-1
2059,0,4,0,0,-1
2059,0,5,0,0,-1
2059,0,6,0,0,-1
2803,0,0,1,1,-1
2803,0,1,1,1,-1
2803,0,2,0,0,-1
2803,0,3,1,1,-1
2803,0,4,0,0,-1
2803,0,5,0,0,-1
2803,0,6,0,0,-1
2805,0,0,0,0,-1
2805,0,1,1,1,-1
2805,0,2,1,1,-1
2805,0,3,1,1,-1
2805,0,4,0,0,-1
2805,0,5,0,0,-1
2805,0,6,0,0,-1
2807,0,0,1,1,-1
2807,0,1,0,0,-1
2807,0,2,1,1,-1
2807,0,3,1,1,-1
2807,0,4,0,0,-1
2807,0,5,0,0,-1
2807,0,6,0,0,-1
2809,0,0,0,0,-1
2809,0,1,1,1,-1
2809,0,2,1,1,-1
2809,0,3,1,1,-1
2809,0,4,0,0,-1
2809,0,5,0,0,-1
2809,0,6,0,0,-1
2811,0,0,1,1,-1
2811,0,1,1,1,-1
2811,0,2,0,0,-1
2811,0,3,1,1,-1
2811,0,4,0,0,-1
2811,0,5,0,0,-1
2811,0,6,0,0,-1
2813,0,0,1,1,-1
2813,0,1,1,1,-1
2813,0,2,0,0,-1
2813,0,3,1,1,-1
2813,0,4,0,0,-1
2813,0,5,0,0,-1
2813,0,6,0,0,-1
2815,0,0,0,0,-1
2815,0,1,1,1,-1
2815,0,2,1,1,-1
2815,0,3,1,1,-1
2815,0,4,0,0,-1
2815,0,5,0,0,-1
2815,0,6,0,0,-1
2817,0,0,0,0,-1
2817,0,1,1,1,-1
2817,0,2,1,1,-1
2817,0,3,1,1,-1
2817,0,4,0,0,-1
2817,0,5,0,0,-1
2817,0,6,0,0,-1
2819,0,0,1,1,-1
2819,0,1,1,1,-1
2819,0,2,0,0,-1
2819,0,3,1,1,-1
2819,0,4,0,0,-1
2819,0,5,0,0,-1
2819,0,6,0,0,-1
2821,0,0,1,1,-1
2821,0,1,1,1,-1
2821,0,2,0,0,-1
2821,0,3,1,1,-1
2821,0,4,0,0,-1
2821,0,5,0,0,-1
2821,0,6,0,0,-1
2823,0,0,1,1,-1
2823,0,1,0,0,-1
2823,0,2,1,1,-1
2823,0,3,1,1,-1
2823,0,4,0,0,-1
2823,0,5,0,0,-1
2823,0,6,0,0,-1
2825,0,0,1,1,-1
2825,0,1,1,1,-1
2825,0,2,1,1,-1
2825,0,3,0,0,-1
2825,0,4,0,0,-1
2825,0,5,0,0,-1
2825,0,6,0,0,-1
2827,0,0,1,1,-1
2827,0,1,0,0,-1
2827,0,2,1,1,-1
2827,0,3,1,1,-1
2827,0,4,0,0,-1
2827,0,5,0,0,-1
2827,0,6,0,0,-1
2829,0,0,1,1,-1
2829,0,1,0,0,-1
2829,0,2,1,1,-1
2829,0,3,1,1,-1
2829,0,4,0,0,-1
2829,0,5,0,0,-1
2829,0,6,0,0,-1
2831,0,0,0,0,-1
2831,0,1,1,1,-1
2831,0,2,1,1,-1
2831,0,3,1,1,-1
2831,0,4,0,0,-1
2831,0,5,0,0,-1
2831,0,6,0,0,-1
2833,0,0,1,1,-1
2833,0,1,0,0,-1
2833,0,2,1,1,-1
2833,0,3,1,1,-1
2833,0,4,0,0,-1
2833,0,5,0,0,-1
2833,0,6,0,0,-1
2835,0,0,1,1,-1
2835,0,1,0,0,-1
2835,0,2,1,1,-1
2835,0,3,1,1,-1
2835,0,4,0,0,-1
2835,0,5,0,0,-1
2835,0,6,0,0,-1
2837,0,0,1,1,-1
2837,0,1,1,1,-1
2837,0,2,0,0,-1
2837,0,3,1,1,-1
2837,0,4,0,0,-1
2837,0,5,0,0,-1
2837,0,6,0,0,-1
2839,0,0,0,0,-1
2839,0,1,0,0,-1
2839,0,2,0,0,-1
2839,0,3,0,0,-1
2839,0,4,0,0,-1
2839,0,5,0,0,-1
2839,0,6,0,0,-1
2841,0,0,0,0,-1
2841,0,1,0,0,-1
2841,0,2,0,0,-1
2841,0,3,0,0,-1
2841,0,4,0,0,-1
2841,0,5,0,0,-1
2841,0,6,0,0,-1
5447,0,0,1,1,-1
5447,0,1,1,1,-1
5447,0,2,0,0,-1
5447,0,3,1,1,-1
5447,0,4,0,0,-1
5447,0,5,0,0,-1
5447,0,6,0,0,-1
5535,0,0,1,1,-1
5535,0,1,0,0,-1
5535,0,2,1,1,-1
5535,0,3,1,1,-1
5535,0,4,0,0,-1
5535,0,5,0,0,-1
5535,0,6,0,0,-1
5537,0,0,0,0,-1
5537,0,1,1,1,-1
5537,0,2,1,1,-1
5537,0,3,1,1,-1
5537,0,4,0,0,-1
5537,0,5,0,0,-1
5537,0,6,0,0,-1
5539,0,0,1,1,-1
5539,0,1,1,1,-1
5539,0,2,0,0,-1
5539,0,3,1,1,-1
5539,0,4,0,0,-1
5539,0,5,0,0,-1
5539,0,6,0,0,-1
5541,0,0,1,1,-1
5541,0,1,1,1,-1
5541,0,2,1,1,-1
5541,0,3,0,0,-1
5541,0,4,0,0,-1
5541,0,5,0,0,-1
5541,0,6,0,0,-1
5543,0,0,0,0,-1
5543,0,1,1,1,-1
5543,0,2,1,1,-1
5543,0,3,1,1,-1
5543,0,4,0,0,-1
5543,0,5,0,0,-1
5543,0,6,0,0,-1
5545,0,0,1,1,-1
5545,0,1,1,1,-1
5545,0,2,1,1,-1
5545,0,3,0,0,-1
5545,0,4,0,0,-1
5545,0,5,0,0,-1
5545,0,6,0,0,-1
5547,0,0,1,1,-1
5547,0,1,0,0,-1
5547,0,2,1,1,-1
5547,0,3,1,1,-1
5547,0,4,0,0,-1
5547,0,5,0,0,-1
5547,0,6,0,0,-1
5549,0,0,1,1,-1
5549,0,1,1,1,-1
5549,0,2,1,1,-1
5549,0,3,0,0,-1
5549,0,4,0,0,-1
5549,0,5,0,0,-1
5549,0,6,0,0,-1
5551,0,0,1,1,-1
5551,0,1,1,1,-1
5551,0,2,0,0,-1
5551,0,3,1,1,-1
5551,0,4,0,0,-1
5551,0,5,0,0,-1
5551,0,6,0,0,-1
5553,0,0,1,1,-1
5553,0,1,0,0,-1
5553,0,2,1,1,-1
5553,0,3,1,1,-1
5553,0,4,0,0,-1
5553,0,5,0,0,-1
5553,0,6,0,0,-1
5555,0,0,0,0,-1
5555,0,1,0,0,-1
5555,0,2,0,0,-1
5555,0,3,0,0,-1
5555,0,4,0,0,-1
5555,0,5,0,0,-1
5555,0,6,0,0,-1
5557,0,0,1,1,-1
5557,0,1,1,1,-1
5557,0,2,1,1,-1
5557,0,3,0,0,-1
5557,0,4,0,0,-1
5557,0,5,0,0,-1
5557,0,6,0,0,-1
5559,0,0,1,1,-1
5559,0,1,1,1,-1
5559,0,2,1,1,-1
5559,0,3,0,0,-1
5559,0,4,0,0,-1
5559,0,5,0,0,-1
5559,0,6,0,0,-1
5561,0,0,0,0,-1
5561,0,1,1,1,-1
5561,0,2,1,1,-1
5561,0,3,1,1,-1
5561,0,4,0,0,-1
5561,0,5,0,0,-1
5561,0,6,0,0,-1
5563,0,0,1,1,-1
5563,0,1,0,0,-1
5563,0,2,1,1,-1
5563,0,3,1,1,-1
5563,0,4,0,0,-1
5563,0,5,0,0,-1
5563,0,6,0,0,-1
5565,0,0,1,1,-1
5565,0,1,0,0,-1
5565,0,2,1,1,-1
5565,0,3,1,1,-1
5565,0,4,0,0,-1
5565,0,5,0,0,-1
5565,0,6,0,0,-1
5567,0,0,1,1,-1
5567,0,1,0,0,-1
5567,0,2,1,1,-1
5567,0,3,1,1,-1
5567,0,4,0,0,-1
5567,0,5,0,0,-1
5567,0,6,0,0,-1
5569,0,0,1,1,-1
5569,0,1,1,1,-1
5569,0,2,1,1,-1
5569,0,3,0,0,-1
5569,0,4,0,0,-1
5569,0,5,0,0,-1
5569,0,6,0,0,-1
5571,0,0,1,1,-1
5571,0,1,1,1,-1
5571,0,2,1,1,-1
5571,0,3,0,0,-1
5571,0,4,0,0,-1
5571,0,5,0,0,-1
5571,0,6,0,0,-1
5573,0,0,1,1,-1
5573,0,1,1,1,-1
5573,0,2,0,0,-1
5573,0,3,1,1,-1
5573,0,4,0,0,-1
5573,0,5,0,0,-1
5573,0,6,0,0,-1
5575,0,0,0,0,-1
5575,0,1,0,0,-1
5575,0,2,0,0,-1
5575,0,3,0,0,-1
5575,0,4,0,0,-1
5575,0,5,0,0,-1
5575,0,6,0,0,-1
13365,0,0,1,1,-1
13365,0,1,1,1,-1
13365,0,2,1,1,-1
13365,0,3,0,0,-1
13365,0,4,0,0,-1
13365,0,5,0,0,-1
13365,0,6,0,0,-1
13367,0,0,1,1,-1
13367,0,1,1,1,-1
13367,0,2,0,0,-1
13367,0,3,0,0,-1
13367,0,4,0,0,-1
13367,0,5,0,0,-1
13367,0,6,0,0,-1
13369,0,0,1,1,-1
13369,0,1,1,1,-1
13369,0,2,0,0,-1
13369,0,3,0,0,-1
13369,0,4,0,0,-1
13369,0,5,0,0,-1
13369,0,6,0,0,-1
13371,0,0,0,0,-1
13371,0,1,1,1,-1
13371,0,2,1,1,-1
13371,0,3,1,1,-1
13371,0,4,0,0,-1
13371,0,5,0,0,-1
13371,0,6,0,0,-1
13373,0,0,0,2,-1
13373,0,1,1,2,-1
13373,0,2,1,2,-1
13373,0,3,1,2,-1
13373,0,4,0,2,-1
13373,0,5,0,2,-1
13373,0,6,0,2,-1
13375,0,0,1,1,-1
13375,0,1,0,0,-1
13375,0,2,1,1,-1
13375,0,3,1,1,-1
13375,0,4,0,0,-1
13375,0,5,0,0,-1
13375,0,6,0,0,-1
13377,0,0,1,1,-1
13377,0,1,1,1,-1
13377,0,2,1,1,-1
13377,0,3,0,0,-1
13377,0,4,0,0,-1
13377,0,5,0,0,-1
13377,0,6,0,0,-1
13379,0,0,1,1,-1
13379,0,1,0,0,-1
13379,0,2,1,1,-1
13379,0,3,1,1,-1
13379,0,4,0,0,-1
13379,0,5,0,0,-1
13379,0,6,0,0,-1
13381,0,0,0,0,-1
13381,0,1,0,0,-1
13381,0,2,0,0,-1
13381,0,3,0,0,-1
13381,0,4,0,0,-1
13381,0,5,0,0,-1
13381,0,6,0,0,-1
13383,0,0,1,1,-1
13383,0,1,1,1,-1
13383,0,2,1,1,-1
13383,0,3,0,0,-1
13383,0,4,0,0,-1
13383,0,5,0,0,-1
13383,0,6,0,0,-1
13385,0,0,1,1,-1
13385,0,1,0,0,-1
13385,0,2,1,1,-1
13385,0,3,1,1,-1
13385,0,4,0,0,-1
13385,0,5,0,0,-1
13385,0,6,0,0,-1
13387,0,0,1,1,-1
13387,0,1,0,0,-1
13387,0,2,1,1,-1
13387,0,3,1,1,-1
13387,0,4,0,0,-1
13387,0,5,0,0,-1
13387,0,6,0,0,-1
13389,0,0,1,1,-1
13389,0,1,0,0,-1
13389,0,2,0,0,-1
13389,0,3,1,1,-1
13389,0,4,1,1,-1
13389,0,5,0,0,-1
13389,0,6,0,0,-1
13391,0,0,1,1,-1
13391,0,1,1,1,-1
13391,0,2,0,0,-1
13391,0,3,1,1,-1
13391,0,4,0,0,-1
13391,0,5,0,0,-1
13391,0,6,0,0,-1
13393,0,0,1,1,-1
13393,0,1,1,1,-1
13393,0,2,0,0,-1
13393,0,3,1,1,-1
13393,0,4,0,0,-1
13393,0,5,0,0,-1
13393,0,6,0,0,-1
13395,0,0,0,0,-1
13395,0,1,1,1,-1
13395,0,2,1,1,-1
13395,0,3,1,1,-1
13395,0,4,0,0,-1
13395,0,5,0,0,-1
13395,0,6,0,0,-1
13397,0,0,1,1,-1
13397,0,1,1,1,-1
13397,0,2,1,1,-1
13397,0,3,0,0,-1
13397,0,4,0,0,-1
13397,0,5,0,0,-1
13397,0,6,0,0,-1
13399,0,0,1,1,-1
13399,0,1,1,1,-1
13399,0,2,1,1,-1
13399,0,3,0,0,-1
13399,0,4,0,0,-1
13399,0,5,0,0,-1
13399,0,6,0,0,-1
13401,0,0,1,1,-1
13401,0,1,1,1,-1
13401,0,2,0,0,-1
13401,0,3,1,1,-1
13401,0,4,0,0,-1
13401,0,5,0,0,-1
13401,0,6,0,0,-1
13403,0,0,1,1,-1
13403,0,1,1,1,-1
13403,0,2,1,1,-1
13403,0,3,0,0,-1
13403,0,4,0,0,-1
13403,0,5,0,0,-1
13403,0,6,0,0,-1
13405,0,0,0,0,-1
13405,0,1,1,1,-1
13405,0,2,1,1,-1
13405,0,3,1,1,-1
13405,0,4,0,0,-1
13405,0,5,0,0,-1
13405,0,6,0,0,-1
13407,0,0,0,0,-1
13407,0,1,1,1,-1
13407,0,2,1,1,-1
13407,0,3,1,1,-1
13407,0,4,0,0,-1
13407,0,5,0,0,-1
13407,0,6,0,0,-1
13409,0,0,1,1,-1
13409,0,1,1,1,-1
13409,0,2,0,0,-1
13409,0,3,1,1,-1
13409,0,4,0,0,-1
13409,0,5,0,0,-1
13409,0,6,0,0,-1
13411,0,0,0,0,-1
13411,0,1,0,0,-1
13411,0,2,0,0,-1
13411,0,3,0,0,-1
13411,0,4,1,1,-1
13411,0,5,0,0,-1
13411,0,6,0,0,-1
13413,0,0,0,0,-1
13413,0,1,1,1,-1
13413,0,2,1,1,-1
13413,0,3,1,1,-1
13413,0,4,0,0,-1
13413,0,5,0,0,-1
13413,0,6,0,0,-1
13415,0,0,1,1,-1
13415,0,1,0,0,-1
13415,0,2,1,1,-1
13415,0,3,1,1,-1
13415,0,4,0,0,-1
13415,0,5,0,0,-1
13415,0,6,0,0,-1
13417,0,0,1,1,-1
13417,0,1,1,1,-1
13417,0,2,0,0,-1
13417,0,3,1,1,-1
13417,0,4,0,0,-1
13417,0,5,0,0,-1
13417,0,6,0,0,-1
13419,0,0,0,0,-1
13419,0,1,1,1,-1
13419,0,2,0,0,-1
13419,0,3,0,0,-1
13419,0,4,0,0,-1
13419,0,5,0,0,-1
13419,0,6,0,0,-1
13421,0,0,1,1,-1
13421,0,1,1,1,-1
13421,0,2,1,1,-1
13421,0,3,0,0,-1
13421,0,4,0,0,-1
13421,0,5,0,0,-1
13421,0,6,0,0,-1
13423,0,0,1,1,-1
13423,0,1,1,1,-1
13423,0,2,0,0,-1
13423,0,3,1,1,-1
13423,0,4,0,0,-1
13423,0,5,0,0,-1
13423,0,6,0,0,-1
13425,0,0,0,0,-1
13425,0,1,1,1,-1
13425,0,2,1,1,-1
13425,0,3,1,1,-1
13425,0,4,0,0,-1
13425,0,5,0,0,-1
13425,0,6,0,0,-1
13427,0,0,1,1,-1
13427,0,1,1,1,-1
13427,0,2,1,1,-1
13427,0,3,0,0,-1
13427,0,4,0,0,-1
13427,0,5,0,0,-1
13427,0,6,0,0,-1
13429,0,0,0,2,-1
13429,0,1,0,2,-1
13429,0,2,0,2,-1
13429,0,3,1,2,-1
13429,0,4,0,2,-1
13429,0,5,0,2,-1
13429,0,6,0,2,-1
13431,0,0,1,1,-1
13431,0,1,1,1,-1
13431,0,2,1,1,-1
13431,0,3,0,0,-1
13431,0,4,0,0,-1
13431,0,5,0,0,-1
13431,0,6,0,0,-1
13433,0,0,1,1,-1
13433,0,1,0,0,-1
13433,0,2,1,1,-1
13433,0,3,1,1,-1
13433,0,4,0,0,-1
13433,0,5,0,0,-1
13433,0,6,0,0,-1
13435,0,0,0,0,-1
13435,0,1,1,1,-1
13435,0,2,1,1,-1
13435,0,3,1,1,-1
13435,0,4,0,0,-1
13435,0,5,0,0,-1
13435,0,6,0,0,-1
13437,0,0,0,0,-1
13437,0,1,1,1,-1
13437,0,2,1,1,-1
13437,0,3,1,1,-1
13437,0,4,0,0,-1
13437,0,5,0,0,-1
13437,0,6,0,0,-1
13439,0,0,0,0,-1
13439,0,1,1,1,-1
13439,0,2,1,1,-1
13439,0,3,0,0,-1
13439,0,4,0,0,-1
13439,0,5,0,0,-1
13439,0,6,0,0,-1
13441,0,0,1,1,-1
13441,0,1,1,1,-1
13441,0,2,1,1,-1
13441,0,3,0,0,-1
13441,0,4,0,0,-1
13441,0,5,0,0,-1
13441,0,6,0,0,-1
13443,0,0,0,2,-1
13443,0,1,1,2,-1
13443,0,2,1,2,-1
13443,0,3,1,2,-1
13443,0,4,0,2,-1
13443,0,5,0,2,-1
13443,0,6,0,2,-1
13445,0,0,1,1,-1
13445,0,1,1,1,-1
13445,0,2,1,1,-1
13445,0,3,0,0,-1
13445,0,4,0,0,-1
13445,0,5,0,0,-1
13445,0,6,0,0,-1
13447,0,0,1,1,-1
13447,0,1,1,1,-1
13447,0,2,0,0,-1
13447,0,3,1,1,-1
13447,0,4,0,0,-1
13447,0,5,0,0,-1
13447,0,6,0,0,-1
13449,0,0,1,1,-1
13449,0,1,1,1,-1
13449,0,2,0,0,-1
13449,0,3,1,1,-1
13449,0,4,0,0,-1
13449,0,5,0,0,-1
13449,0,6,0,0,-1
13451,0,0,1,1,-1
13451,0,1,1,1,-1
13451,0,2,1,1,-1
13451,0,3,0,0,-1
13451,0,4,0,0,-1
13451,0,5,0,0,-1
13451,0,6,0,0,-1
13453,0,0,1,0,-1
13453,0,1,1,0,-1
13453,0,2,1,0,-1
13453,0,3,0,0,-1
13453,0,4,0,0,-1
13453,0,5,0,0,-1
13453,0,6,0,0,-1
13455,0,0,1,0,-1
13455,0,1,1,0,-1
13455,0,2,0,0,-1
13455,0,3,1,0,-1
13455,0,4,0,0,-1
13455,0,5,0,0,-1
13455,0,6,0,0,-1
13457,0,0,1,0,-1
13457,0,1,0,0,-1
13457,0,2,1,0,-1
13457,0,3,1,0,-1
13457,0,4,0,0,-1
13457,0,5,0,0,-1
13457,0,6,0,0,-1
13459,0,0,0,0,-1
13459,0,1,0,0,-1
13459,0,2,0,0,-1
13459,0,3,0,0,-1
13459,0,4,1,1,-1
13459,0,5,0,0,-1
13459,0,6,0,0,-1
13461,0,0,1,1,-1
13461,0,1,1,1,-1
13461,0,2,0,0,-1
13461,0,3,1,1,-1
13461,0,4,0,0,-1
13461,0,5,0,0,-1
13461,0,6,0,0,-1
13463,0,0,0,0,-1
13463,0,1,0,0,-1
13463,0,2,0,0,-1
13463,0,3,0,0,-1
13463,0,4,0,0,-1
13463,0,5,0,0,-1
13463,0,6,0,0,-1
13465,0,0,1,1,-1
13465,0,1,0,0,-1
13465,0,2,0,0,-1
13465,0,3,0,0,-1
13465,0,4,0,0,-1
13465,0,5,0,0,-1
13465,0,6,0,0,-1
13467,0,0,1,1,-1
13467,0,1,1,1,-1
13467,0,2,0,0,-1
13467,0,3,1,1,-1
13467,0,4,0,0,-1
13467,0,5,0,0,-1
13467,0,6,0,0,-1
13469,0,0,0,0,-1
13469,0,1,1,1,-1
13469,0,2,1,1,-1
13469,0,3,1,1,-1
13469,0,4,0,0,-1
13469,0,5,0,0,-1
13469,0,6,0,0,-1
13471,0,0,1,1,-1
13471,0,1,0,0,-1
13471,0,2,1,1,-1
13471,0,3,1,1,-1
13471,0,4,0,0,-1
13471,0,5,0,0,-1
13471,0,6,0,0,-1
13473,0,0,1,1,-1
13473,0,1,1,1,-1
13473,0,2,0,0,-1
13473,0,3,1,1,-1
13473,0,4,0,0,-1
13473,0,5,0,0,-1
13473,0,6,0,0,-1
13475,0,0,1,1,-1
13475,0,1,1,1,-1
13475,0,2,0,0,-1
13475,0,3,1,1,-1
13475,0,4,0,0,-1
13475,0,5,0,0,-1
13475,0,6,0,0,-1
13477,0,0,1,1,-1
13477,0,1,1,1,-1
13477,0,2,0,0,-1
13477,0,3,1,1,-1
13477,0,4,0,0,-1
13477,0,5,0,0,-1
13477,0,6,0,0,-1
13479,0,0,1,1,-1
13479,0,1,1,1,-1
13479,0,2,0,0,-1
13479,0,3,0,0,-1
13479,0,4,0,0,-1
13479,0,5,0,0,-1
13479,0,6,0,0,-1
13481,0,0,0,0,-1
13481,0,1,0,0,-1
13481,0,2,1,1,-1
13481,0,3,1,1,-1
13481,0,4,0,0,-1
13481,0,5,0,0,-1
13481,0,6,0,0,-1
13483,0,0,1,1,-1
13483,0,1,1,1,-1
13483,0,2,0,0,-1
13483,0,3,1,1,-1
13483,0,4,0,0,-1
13483,0,5,0,0,-1
13483,0,6,0,0,-1
13485,0,0,0,0,-1
13485,0,1,1,1,-1
13485,0,2,1,1,-1
13485,0,3,1,1,-1
13485,0,4,0,0,-1
13485,0,5,0,0,-1
13485,0,6,0,0,-1
13487,0,0,1,1,-1
13487,0,1,1,1,-1
13487,0,2,1,1,-1
13487,0,3,0,0,-1
13487,0,4,0,0,-1
13487,0,5,0,0,-1
13487,0,6,0,0,-1
13489,0,0,0,0,-1
13489,0,1,0,0,-1
13489,0,2,0,0,-1
13489,0,3,1,1,-1
13489,0,4,0,0,-1
13489,0,5,0,0,-1
13489,0,6,0,0,-1
13491,0,0,1,1,-1
13491,0,1,1,1,-1
13491,0,2,1,1,-1
13491,0,3,0,0,-1
13491,0,4,0,0,-1
13491,0,5,0,0,-1
13491,0,6,0,0,-1
13493,0,0,1,1,-1
13493,0,1,1,1,-1
13493,0,2,0,0,-1
13493,0,3,1,1,-1
13493,0,4,0,0,-1
13493,0,5,0,0,-1
13493,0,6,0,0,-1
13495,0,0,1,1,-1
13495,0,1,0,0,-1
13495,0,2,0,0,-1
13495,0,3,0,0,-1
13495,0,4,0,0,-1
13495,0,5,0,0,-1
13495,0,6,0,0,-1
13497,0,0,1,1,-1
13497,0,1,1,1,-1
13497,0,2,1,1,-1
13497,0,3,0,0,-1
13497,0,4,0,0,-1
13497,0,5,0,0,-1
13497,0,6,0,0,-1
13499,0,0,0,0,-1
13499,0,1,1,1,-1
13499,0,2,1,1,-1
13499,0,3,1,1,-1
13499,0,4,0,0,-1
13499,0,5,0,0,-1
13499,0,6,0,0,-1
13501,0,0,0,0,-1
13501,0,1,0,0,-1
13501,0,2,1,1,-1
13501,0,3,0,0,-1
13501,0,4,0,0,-1
13501,0,5,0,0,-1
13501,0,6,0,0,-1
13503,0,0,0,0,-1
13503,0,1,1,1,-1
13503,0,2,1,1,-1
13503,0,3,1,1,-1
13503,0,4,0,0,-1
13503,0,5,0,0,-1
13503,0,6,0,0,-1
13505,0,0,0,0,-1
13505,0,1,0,0,-1
13505,0,2,1,1,-1
13505,0,3,0,0,-1
13505,0,4,0,0,-1
13505,0,5,0,0,-1
13505,0,6,0,0,-1
13507,0,0,1,1,-1
13507,0,1,1,1,-1
13507,0,2,0,0,-1
13507,0,3,1,1,-1
13507,0,4,0,0,-1
13507,0,5,0,0,-1
13507,0,6,0,0,-1
13509,0,0,1,1,-1
13509,0,1,1,1,-1
13509,0,2,0,0,-1
13509,0,3,1,1,-1
13509,0,4,0,0,-1
13509,0,5,0,0,-1
13509,0,6,0,0,-1
13511,0,0,1,1,-1
13511,0,1,1,1,-1
13511,0,2,0,0,-1
13511,0,3,1,1,-1
13511,0,4,0,0,-1
13511,0,5,0,0,-1
13511,0,6,0,0,-1
13513,0,0,1,1,-1
13513,0,1,0,0,-1
13513,0,2,1,1,-1
13513,0,3,1,1,-1
13513,0,4,0,0,-1
13513,0,5,0,0,-1
13513,0,6,0,0,-1
13515,0,0,1,1,-1
13515,0,1,1,1,-1
13515,0,2,0,0,-1
13515,0,3,1,1,-1
13515,0,4,0,0,-1
13515,0,5,0,0,-1
13515,0,6,0,0,-1
13517,0,0,0,0,-1
13517,0,1,0,0,-1
13517,0,2,1,1,-1
13517,0,3,1,1,-1
13517,0,4,0,0,-1
13517,0,5,0,0,-1
13517,0,6,0,0,-1
13519,0,0,1,1,-1
13519,0,1,0,0,-1
13519,0,2,1,1,-1
13519,0,3,1,1,-1
13519,0,4,0,0,-1
13519,0,5,0,0,-1
13519,0,6,0,0,-1
13521,0,0,0,0,-1
13521,0,1,1,1,-1
13521,0,2,1,1,-1
13521,0,3,1,1,-1
13521,0,4,0,0,-1
13521,0,5,0,0,-1
13521,0,6,0,0,-1
13523,0,0,0,0,-1
13523,0,1,1,1,-1
13523,0,2,1,1,-1
13523,0,3,1,1,-1
13523,0,4,0,0,-1
13523,0,5,0,0,-1
13523,0,6,0,0,-1
13525,0,0,1,1,-1
13525,0,1,0,0,-1
13525,0,2,1,1,-1
13525,0,3,1,1,-1
13525,0,4,0,0,-1
13525,0,5,0,0,-1
13525,0,6,0,0,-1
13527,0,0,0,0,-1
13527,0,1,1,1,-1
13527,0,2,1,1,-1
13527,0,3,1,1,-1
13527,0,4,0,0,-1
13527,0,5,0,0,-1
13527,0,6,0,0,-1
13529,0,0,1,1,-1
13529,0,1,1,1,-1
13529,0,2,0,0,-1
13529,0,3,1,1,-1
13529,0,4,0,0,-1
13529,0,5,0,0,-1
13529,0,6,0,0,-1
13531,0,0,1,1,-1
13531,0,1,1,1,-1
13531,0,2,0,0,-1
13531,0,3,1,1,-1
13531,0,4,0,0,-1
13531,0,5,0,0,-1
13531,0,6,0,0,-1
13533,0,0,0,0,-1
13533,0,1,1,1,-1
13533,0,2,1,1,-1
13533,0,3,1,1,-1
13533,0,4,0,0,-1
13533,0,5,0,0,-1
13533,0,6,0,0,-1
13535,0,0,0,0,-1
13535,0,1,1,1,-1
13535,0,2,1,1,-1
13535,0,3,1,1,-1
13535,0,4,0,0,-1
13535,0,5,0,0,-1
13535,0,6,0,0,-1
13537,0,0,0,0,-1
13537,0,1,0,0,-1
13537,0,2,0,0,-1
13537,0,3,0,0,-1
13537,0,4,0,0,-1
13537,0,5,0,0,-1
13537,0,6,0,0,-1
13539,0,0,1,1,-1
13539,0,1,1,1,-1
13539,0,2,0,0,-1
13539,0,3,1,1,-1
13539,0,4,0,0,-1
13539,0,5,0,0,-1
13539,0,6,0,0,-1
13541,0,0,1,1,-1
13541,0,1,1,1,-1
13541,0,2,1,1,-1
13541,0,3,0,0,-1
13541,0,4,0,0,-1
13541,0,5,0,0,-1
13541,0,6,0,0,-1
13543,0,0,1,1,-1
13543,0,1,0,0,-1
13543,0,2,0,0,-1
13543,0,3,0,0,-1
13543,0,4,0,0,-1
13543,0,5,0,0,-1
13543,0,6,0,0,-1
13545,0,0,0,0,-1
13545,0,1,0,0,-1
13545,0,2,1,1,-1
13545,0,3,0,0,-1
13545,0,4,0,0,-1
13545,0,5,0,0,-1
13545,0,6,0,0,-1
13547,0,0,0,0,-1
13547,0,1,1,1,-1
13547,0,2,1,1,-1
13547,0,3,1,1,-1
13547,0,4,0,0,-1
13547,0,5,0,0,-1
13547,0,6,0,0,-1
31233,0,0,1,1,-1
31233,0,1,1,1,-1
31233,0,2,0,0,-1
31233,0,3,1,1,-1
31233,0,4,0,0,-1
31233,0,5,0,0,-1
31233,0,6,0,0,-1
31235,0,0,1,1,-1
31235,0,1,1,1,-1
31235,0,2,0,0,-1
31235,0,3,1,1,-1
31235,0,4,0,0,-1
31235,0,5,0,0,-1
31235,0,6,0,0,-1
31237,0,0,1,1,-1
31237,0,1,1,1,-1
31237,0,2,0,0,-1
31237,0,3,1,1,-1
31237,0,4,0,0,-1
31237,0,5,0,0,-1
31237,0,6,0,0,-1
31239,0,0,0,0,-1
31239,0,1,0,0,-1
31239,0,2,0,0,-1
31239,0,3,0,0,-1
31239,0,4,0,0,-1
31239,0,5,0,0,-1
31239,0,6,0,0,-1
31241,0,0,1,1,-1
31241,0,1,1,1,-1
31241,0,2,0,0,-1
31241,0,3,1,1,-1
31241,0,4,0,0,-1
31241,0,5,0,0,-1
31241,0,6,0,0,-1
31243,0,0,0,0,-1
31243,0,1,0,0,-1
31243,0,2,1,1,-1
31243,0,3,1,1,-1
31243,0,4,1,1,-1
31243,0,5,0,0,-1
31243,0,6,0,0,-1
31245,0,0,0,0,-1
31245,0,1,0,0,-1
31245,0,2,0,0,-1
31245,0,3,0,0,-1
31245,0,4,0,0,-1
31245,0,5,0,0,-1
31245,0,6,0,0,-1
31247,0,0,1,1,-1
31247,0,1,0,0,-1
31247,0,2,0,0,-1
31247,0,3,1,1,-1
31247,0,4,1,1,-1
31247,0,5,0,0,-1
31247,0,6,0,0,-1
31249,0,0,0,0,-1
31249,0,1,0,0,-1
31249,0,2,1,1,-1
31249,0,3,0,0,-1
31249,0,4,0,0,-1
31249,0,5,0,0,-1
31249,0,6,0,0,-1
31251,0,0,1,1,-1
31251,0,1,1,1,-1
31251,0,2,1,1,-1
31251,0,3,0,0,-1
31251,0,4,0,0,-1
31251,0,5,0,0,-1
31251,0,6,0,0,-1
31253,0,0,0,0,-1
31253,0,1,0,0,-1
31253,0,2,0,0,-1
31253,0,3,0,0,-1
31253,0,4,0,0,-1
31253,0,5,0,0,-1
31253,0,6,0,0,-1
31255,0,0,1,2,-1
31255,0,1,1,2,-1
31255,0,2,0,2,-1
31255,0,3,1,2,-1
31255,0,4,0,2,-1
31255,0,5,0,2,-1
31255,0,6,0,2,-1
31257,0,0,1,1,-1
31257,0,1,0,0,-1
31257,0,2,1,1,-1
31257,0,3,1,1,-1
31257,0,4,0,0,-1
31257,0,5,0,0,-1
31257,0,6,0,0,-1
31259,0,0,0,0,-1
31259,0,1,0,0,-1
31259,0,2,0,0,-1
31259,0,3,0,0,-1
31259,0,4,0,0,-1
31259,0,5,0,0,-1
31259,0,6,0,0,-1
31261,0,0,0,0,-1
31261,0,1,0,0,-1
31261,0,2,1,1,-1
31261,0,3,1,1,-1
31261,0,4,0,0,-1
31261,0,5,0,0,-1
31261,0,6,0,0,-1
31263,0,0,0,0,-1
31263,0,1,1,1,-1
31263,0,2,1,1,-1
31263,0,3,1,1,-1
31263,0,4,0,0,-1
31263,0,5,0,0,-1
31263,0,6,0,0,-1
31265,0,0,0,0,-1
31265,0,1,0,0,-1
31265,0,2,0,0,-1
31265,0,3,0,0,-1
31265,0,4,0,0,-1
31265,0,5,0,0,-1
31265,0,6,0,0,-1
31267,0,0,0,0,-1
31267,0,1,0,0,-1
31267,0,2,0,0,-1
31267,0,3,0,0,-1
31267,0,4,0,0,-1
31267,0,5,0,0,-1
31267,0,6,0,0,-1
31269,0,0,0,0,-1
31269,0,1,0,0,-1
31269,0,2,1,1,-1
31269,0,3,0,0,-1
31269,0,4,0,0,-1
31269,0,5,0,0,-1
31269,0,6,0,0,-1
31271,0,0,1,1,-1
31271,0,1,1,1,-1
31271,0,2,1,1,-1
31271,0,3,0,0,-1
31271,0,4,0,0,-1
31271,0,5,0,0,-1
31271,0,6,0,0,-1
31273,0,0,0,0,-1
31273,0,1,1,1,-1
31273,0,2,1,1,-1
31273,0,3,1,1,-1
31273,0,4,0,0,-1
31273,0,5,0,0,-1
31273,0,6,0,0,-1
31275,0,0,0,0,-1
31275,0,1,0,0,-1
31275,0,2,1,1,-1
31275,0,3,0,0,-1
31275,0,4,0,0,-1
31275,0,5,0,0,-1
31275,0,6,0,0,-1
31277,0,0,0,0,-1
31277,0,1,1,1,-1
31277,0,2,1,1,-1
31277,0,3,1,1,-1
31277,0,4,0,0,-1
31277,0,5,0,0,-1
31277,0,6,0,0,-1
31279,0,0,0,0,-1
31279,0,1,0,0,-1
31279,0,2,0,0,-1
31279,0,3,0,0,-1
31279,0,4,0,0,-1
31279,0,5,0,0,-1
31279,0,6,0,0,-1
31281,0,0,0,0,-1
31281,0,1,0,0,-1
31281,0,2,1,1,-1
31281,0,3,0,0,-1
31281,0,4,0,0,-1
31281,0,5,0,0,-1
31281,0,6,0,0,-1
31283,0,0,0,0,-1
31283,0,1,0,0,-1
31283,0,2,1,1,-1
31283,0,3,1,1,-1
31283,0,4,0,0,-1
31283,0,5,0,0,-1
31283,0,6,0,0,-1
31285,0,0,0,0,-1
31285,0,1,0,0,-1
31285,0,2,1,1,-1
31285,0,3,1,1,-1
31285,0,4,0,0,-1
31285,0,5,0,0,-1
31285,0,6,0,0,-1
31287,0,0,1,1,-1
31287,0,1,1,1,-1
31287,0,2,1,1,-1
31287,0,3,0,0,-1
31287,0,4,0,0,-1
31287,0,5,0,0,-1
31287,0,6,0,0,-1
31289,0,0,1,1,-1
31289,0,1,1,1,-1
31289,0,2,1,1,-1
31289,0,3,0,0,-1
31289,0,4,0,0,-1
31289,0,5,0,0,-1
31289,0,6,0,0,-1
31291,0,0,1,1,-1
31291,0,1,1,1,-1
31291,0,2,0,0,-1
31291,0,3,1,1,-1
31291,0,4,0,0,-1
31291,0,5,0,0,-1
31291,0,6,0,0,-1
31293,0,0,0,0,-1
31293,0,1,0,0,-1
31293,0,2,0,0,-1
31293,0,3,0,0,-1
31293,0,4,0,0,-1
31293,0,5,0,0,-1
31293,0,6,0,0,-1
31295,0,0,1,1,-1
31295,0,1,0,0,-1
31295,0,2,1,1,-1
31295,0,3,1,1,-1
31295,0,4,0,0,-1
31295,0,5,0,0,-1
31295,0,6,0,0,-1
31297,0,0,0,0,-1
31297,0,1,0,0,-1
31297,0,2,0,0,-1
31297,0,3,0,0,-1
31297,0,4,0,0,-1
31297,0,5,0,0,-1
31297,0,6,0,0,-1
31299,0,0,1,1,-1
31299,0,1,0,0,-1
31299,0,2,1,1,-1
31299,0,3,1,1,-1
31299,0,4,0,0,-1
31299,0,5,0,0,-1
31299,0,6,0,0,-1
31301,0,0,1,1,-1
31301,0,1,1,1,-1
31301,0,2,0,0,-1
31301,0,3,1,1,-1
31301,0,4,0,0,-1
31301,0,5,0,0,-1
31301,0,6,0,0,-1
31303,0,0,1,1,-1
31303,0,1,1,1,-1
31303,0,2,0,0,-1
31303,0,3,1,1,-1
31303,0,4,0,0,-1
31303,0,5,0,0,-1
31303,0,6,0,0,-1
31305,0,0,1,1,-1
31305,0,1,0,0,-1
31305,0,2,1,1,-1
31305,0,3,1,1,-1
31305,0,4,0,0,-1
31305,0,5,0,0,-1
31305,0,6,0,0,-1
31307,0,0,0,0,-1
31307,0,1,0,0,-1
31307,0,2,1,1,-1
31307,0,3,0,0,-1
31307,0,4,0,0,-1
31307,0,5,0,0,-1
31307,0,6,0,0,-1
31309,0,0,1,1,-1
31309,0,1,0,0,-1
31309,0,2,1,1,-1
31309,0,3,1,1,-1
31309,0,4,0,0,-1
31309,0,5,0,0,-1
31309,0,6,0,0,-1
31311,0,0,0,0,-1
31311,0,1,1,1,-1
31311,0,2,1,1,-1
31311,0,3,1,1,-1
31311,0,4,0,0,-1
31311,0,5,0,0,-1
31311,0,6,0,0,-1
31313,0,0,1,1,-1
31313,0,1,1,1,-1
31313,0,2,0,0,-1
31313,0,3,1,1,-1
31313,0,4,0,0,-1
31313,0,5,0,0,-1
31313,0,6,0,0,-1
31315,0,0,0,0,-1
31315,0,1,0,0,-1
31315,0,2,1,1,-1
31315,0,3,0,0,-1
31315,0,4,0,0,-1
31315,0,5,0,0,-1
31315,0,6,0,0,-1
31317,0,0,0,0,-1
31317,0,1,1,1,-1
31317,0,2,1,1,-1
31317,0,3,1,1,-1
31317,0,4,0,0,-1
31317,0,5,0,0,-1
31317,0,6,0,0,-1
31319,0,0,1,1,-1
31319,0,1,1,1,-1
31319,0,2,0,0,-1
31319,0,3,1,1,-1
31319,0,4,0,0,-1
31319,0,5,0,0,-1
31319,0,6,0,0,-1
31321,0,0,1,1,-1
31321,0,1,1,1,-1
31321,0,2,0,0,-1
31321,0,3,1,1,-1
31321,0,4,0,0,-1
31321,0,5,0,0,-1
31321,0,6,0,0,-1
31323,0,0,1,2,-1
31323,0,1,1,2,-1
31323,0,2,0,2,-1
31323,0,3,1,2,-1
31323,0,4,0,2,-1
31323,0,5,0,2,-1
31323,0,6,0,2,-1
31325,0,0,1,1,-1
31325,0,1,1,1,-1
31325,0,2,1,1,-1
31325,0,3,0,0,-1
31325,0,4,0,0,-1
31325,0,5,0,0,-1
31325,0,6,0,0,-1
31327,0,0,1,1,-1
31327,0,1,1,1,-1
31327,0,2,0,0,-1
31327,0,3,1,1,-1
31327,0,4,0,0,-1
31327,0,5,0,0,-1
31327,0,6,0,0,-1
31329,0,0,1,1,-1
31329,0,1,0,0,-1
31329,0,2,0,0,-1
31329,0,3,0,0,-1
31329,0,4,0,0,-1
31329,0,5,0,0,-1
31329,0,6,0,0,-1
31331,0,0,1,1,-1
31331,0,1,1,1,-1
31331,0,2,0,0,-1
31331,0,3,1,1,-1
31331,0,4,0,0,-1
31331,0,5,0,0,-1
31331,0,6,0,0,-1
31333,0,0,0,0,-1
31333,0,1,1,1,-1
31333,0,2,0,0,-1
31333,0,3,0,0,-1
31333,0,4,0,0,-1
31333,0,5,0,0,-1
31333,0,6,0,0,-1
31335,0,0,0,0,-1
31335,0,1,0,0,-1
31335,0,2,1,1,-1
31335,0,3,1,1,-1
31335,0,4,0,0,-1
31335,0,5,0,0,-1
31335,0,6,0,0,-1
31337,0,0,0,0,-1
31337,0,1,0,0,-1
31337,0,2,1,1,-1
31337,0,3,0,0,-1
31337,0,4,0,0,-1
31337,0,5,0,0,-1
31337,0,6,0,0,-1
31339,0,0,0,0,-1
31339,0,1,0,0,-1
31339,0,2,1,1,-1
31339,0,3,0,0,-1
31339,0,4,0,0,-1
31339,0,5,0,0,-1
31339,0,6,0,0,-1
31341,0,0,0,0,-1
31341,0,1,1,1,-1
31341,0,2,1,1,-1
31341,0,3,1,1,-1
31341,0,4,0,0,-1
31341,0,5,0,0,-1
31341,0,6,0,0,-1
31343,0,0,1,1,-1
31343,0,1,1,1,-1
31343,0,2,0,0,-1
31343,0,3,1,1,-1
31343,0,4,0,0,-1
31343,0,5,0,0,-1
31343,0,6,0,0,-1
31345,0,0,1,1,-1
31345,0,1,1,1,-1
31345,0,2,0,0,-1
31345,0,3,1,1,-1
31345,0,4,0,0,-1
31345,0,5,0,0,-1
31345,0,6,0,0,-1
31347,0,0,0,0,-1
31347,0,1,0,0,-1
31347,0,2,1,1,-1
31347,0,3,1,1,-1
31347,0,4,0,0,-1
31347,0,5,0,0,-1
31347,0,6,0,0,-1
31349,0,0,0,0,-1
31349,0,1,0,0,-1
31349,0,2,0,0,-1
31349,0,3,1,1,-1
31349,0,4,0,0,-1
31349,0,5,0,0,-1
31349,0,6,0,0,-1
31351,0,0,1,1,-1
31351,0,1,1,1,-1
31351,0,2,0,0,-1
31351,0,3,1,1,-1
31351,0,4,0,0,-1
31351,0,5,0,0,-1
31351,0,6,0,0,-1
31353,0,0,0,0,-1
31353,0,1,0,0,-1
31353,0,2,0,0,-1
31353,0,3,0,0,-1
31353,0,4,0,0,-1
31353,0,5,0,0,-1
31353,0,6,0,0,-1
31355,0,0,0,0,-1
31355,0,1,1,1,-1
31355,0,2,0,0,-1
31355,0,3,1,1,-1
31355,0,4,0,0,-1
31355,0,5,0,0,-1
31355,0,6,0,0,-1
31357,0,0,0,0,-1
31357,0,1,0,0,-1
31357,0,2,1,1,-1
31357,0,3,0,0,-1
31357,0,4,0,0,-1
31357,0,5,0,0,-1
31357,0,6,0,0,-1
31359,0,0,0,0,-1
31359,0,1,0,0,-1
31359,0,2,0,0,-1
31359,0,3,0,0,-1
31359,0,4,0,0,-1
31359,0,5,0,0,-1
31359,0,6,0,0,-1
31361,0,0,0,0,-1
31361,0,1,0,0,-1
31361,0,2,0,0,-1
31361,0,3,1,1,-1
31361,0,4,0,0,-1
31361,0,5,0,0,-1
31361,0,6,0,0,-1
31363,0,0,1,1,-1
31363,0,1,1,1,-1
31363,0,2,1,1,-1
31363,0,3,0,0,-1
31363,0,4,0,0,-1
31363,0,5,0,0,-1
31363,0,6,0,0,-1
31365,0,0,0,0,-1
31365,0,1,0,0,-1
31365,0,2,0,0,-1
31365,0,3,1,1,-1
31365,0,4,0,0,-1
31365,0,5,0,0,-1
31365,0,6,0,0,-1
31367,0,0,1,1,-1
31367,0,1,1,1,-1
31367,0,2,0,0,-1
31367,0,3,1,1,-1
31367,0,4,0,0,-1
31367,0,5,0,0,-1
31367,0,6,0,0,-1
31369,0,0,0,2,-1
31369,0,1,0,2,-1
31369,0,2,1,2,-1
31369,0,3,1,2,-1
31369,0,4,0,2,-1
31369,0,5,1,2,-1
31369,0,6,0,2,-1
31371,0,0,0,0,-1
31371,0,1,0,0,-1
31371,0,2,0,0,-1
31371,0,3,0,0,-1
31371,0,4,0,0,-1
31371,0,5,0,0,-1
31371,0,6,0,0,-1
31373,0,0,0,0,-1
31373,0,1,0,0,-1
31373,0,2,0,0,-1
31373,0,3,0,0,-1
31373,0,4,0,0,-1
31373,0,5,0,0,-1
31373,0,6,0,0,-1
31375,0,0,0,0,-1
31375,0,1,1,1,-1
31375,0,2,1,1,-1
31375,0,3,1,1,-1
31375,0,4,0,0,-1
31375,0,5,0,0,-1
31375,0,6,0,0,-1
31377,0,0,1,1,-1
31377,0,1,1,1,-1
31377,0,2,1,1,-1
31377,0,3,0,0,-1
31377,0,4,0,0,-1
31377,0,5,0,0,-1
31377,0,6,0,0,-1
31379,0,0,0,0,-1
31379,0,1,0,0,-1
31379,0,2,1,1,-1
31379,0,3,1,1,-1
31379,0,4,0,0,-1
31379,0,5,0,0,-1
31379,0,6,0,0,-1
31381,0,0,1,1,-1
31381,0,1,0,0,-1
31381,0,2,1,1,-1
31381,0,3,1,1,-1
31381,0,4,0,0,-1
31381,0,5,0,0,-1
31381,0,6,0,0,-1
31383,0,0,1,1,-1
31383,0,1,1,1,-1
31383,0,2,0,0,-1
31383,0,3,1,1,-1
31383,0,4,0,0,-1
31383,0,5,0,0,-1
31383,0,6,0,0,-1
31385,0,0,1,2,-1
31385,0,1,0,2,-1
31385,0,2,1,2,-1
31385,0,3,0,2,-1
31385,0,4,0,2,-1
31385,0,5,0,2,-1
31385,0,6,0,2,-1
31387,0,0,0,0,-1
31387,0,1,1,1,-1
31387,0,2,1,1,-1
31387,0,3,1,1,-1
31387,0,4,0,0,-1
31387,0,5,0,0,-1
31387,0,6,0,0,-1
31389,0,0,1,1,-1
31389,0,1,1,1,-1
31389,0,2,0,0,-1
31389,0,3,1,1,-1
31389,0,4,0,0,-1
31389,0,5,0,0,-1
31389,0,6,0,0,-1
31391,0,0,1,1,-1
31391,0,1,1,1,-1
31391,0,2,1,1,-1
31391,0,3,0,0,-1
31391,0,4,0,0,-1
31391,0,5,0,0,-1
31391,0,6,0,0,-1
31393,0,0,0,0,-1
31393,0,1,0,0,-1
31393,0,2,1,1,-1
31393,0,3,0,0,-1
31393,0,4,1,1,-1
31393,0,5,1,1,-1
31393,0,6,0,0,-1
31395,0,0,1,1,-1
31395,0,1,1,1,-1
31395,0,2,1,1,-1
31395,0,3,0,0,-1
31395,0,4,0,0,-1
31395,0,5,0,0,-1
31395,0,6,0,0,-1
31397,0,0,0,0,-1
31397,0,1,0,0,-1
31397,0,2,0,0,-1
31397,0,3,0,0,-1
31397,0,4,0,0,-1
31397,0,5,0,0,-1
31397,0,6,0,0,-1
31399,0,0,1,2,-1
31399,0,1,1,2,-1
31399,0,2,0,2,-1
31399,0,3,1,2,-1
31399,0,4,0,2,-1
31399,0,5,0,2,-1
31399,0,6,0,2,-1
31401,0,0,1,1,-1
31401,0,1,0,0,-1
31401,0,2,1,1,-1
31401,0,3,1,1,-1
31401,0,4,0,0,-1
31401,0,5,0,0,-1
31401,0,6,0,0,-1
31403,0,0,0,0,-1
31403,0,1,0,0,-1
31403,0,2,1,1,-1
31403,0,3,0,0,-1
31403,0,4,0,0,-1
31403,0,5,0,0,-1
31403,0,6,0,0,-1
31405,0,0,0,0,-1
31405,0,1,0,0,-1
31405,0,2,1,1,-1
31405,0,3,0,0,-1
31405,0,4,0,0,-1
31405,0,5,0,0,-1
31405,0,6,0,0,-1
31407,0,0,1,1,-1
31407,0,1,1,1,-1
31407,0,2,0,0,-1
31407,0,3,1,1,-1
31407,0,4,0,0,-1
31407,0,5,0,0,-1
31407,0,6,0,0,-1
31409,0,0,0,0,-1
31409,0,1,0,0,-1
31409,0,2,1,1,-1
31409,0,3,1,1,-1
31409,0,4,0,0,-1
31409,0,5,0,0,-1
31409,0,6,0,0,-1
31411,0,0,0,0,-1
31411,0,1,1,1,-1
31411,0,2,1,1,-1
31411,0,3,1,1,-1
31411,0,4,0,0,-1
31411,0,5,0,0,-1
31411,0,6,0,0,-1
31413,0,0,1,1,-1
31413,0,1,0,0,-1
31413,0,2,1,1,-1
31413,0,3,1,1,-1
31413,0,4,0,0,-1
31413,0,5,0,0,-1
31413,0,6,0,0,-1
31415,0,0,1,1,-1
31415,0,1,0,0,-1
31415,0,2,1,1,-1
31415,0,3,1,1,-1
31415,0,4,0,0,-1
31415,0,5,0,0,-1
31415,0,6,0,0,-1
31417,0,0,1,1,-1
31417,0,1,1,1,-1
31417,0,2,1,1,-1
31417,0,3,0,0,-1
31417,0,4,0,0,-1
31417,0,5,0,0,-1
31417,0,6,0,0,-1
31419,0,0,1,1,-1
31419,0,1,1,1,-1
31419,0,2,0,0,-1
31419,0,3,1,1,-1
31419,0,4,0,0,-1
31419,0,5,0,0,-1
31419,0,6,0,0,-1
31421,0,0,1,1,-1
31421,0,1,1,1,-1
31421,0,2,0,0,-1
31421,0,3,1,1,-1
31421,0,4,0,0,-1
31421,0,5,0,0,-1
31421,0,6,0,0,-1
31423,0,0,1,1,-1
31423,0,1,0,0,-1
31423,0,2,1,1,-1
31423,0,3,1,1,-1
31423,0,4,0,0,-1
31423,0,5,0,0,-1
31423,0,6,0,0,-1
31425,0,0,1,2,-1
31425,0,1,1,2,-1
31425,0,2,1,2,-1
31425,0,3,0,2,-1
31425,0,4,0,2,-1
31425,0,5,0,2,-1
31425,0,6,0,2,-1
31427,0,0,0,0,-1
31427,0,1,0,0,-1
31427,0,2,1,1,-1
31427,0,3,0,0,-1
31427,0,4,0,0,-1
31427,0,5,0,0,-1
31427,0,6,0,0,-1
31429,0,0,1,1,-1
31429,0,1,1,1,-1
31429,0,2,0,0,-1
31429,0,3,1,1,-1
31429,0,4,0,0,-1
31429,0,5,0,0,-1
31429,0,6,0,0,-1
31431,0,0,1,1,-1
31431,0,1,1,1,-1
31431,0,2,1,1,-1
31431,0,3,0,0,-1
31431,0,4,0,0,-1
31431,0,5,0,0,-1
31431,0,6,0,0,-1
31433,0,0,0,0,-1
31433,0,1,1,1,-1
31433,0,2,1,1,-1
31433,0,3,1,1,-1
31433,0,4,0,0,-1
31433,0,5,0,0,-1
31433,0,6,0,0,-1
31435,0,0,1,2,-1
31435,0,1,1,2,-1
31435,0,2,0,2,-1
31435,0,3,1,2,-1
31435,0,4,0,2,-1
31435,0,5,0,2,-1
31435,0,6,0,2,-1
31437,0,0,1,1,-1
31437,0,1,0,0,-1
31437,0,2,1,1,-1
31437,0,3,1,1,-1
31437,0,4,0,0,-1
31437,0,5,0,0,-1
31437,0,6,0,0,-1
31439,0,0,0,0,-1
31439,0,1,0,0,-1
31439,0,2,1,1,-1
31439,0,3,0,0,-1
31439,0,4,0,0,-1
31439,0,5,0,0,-1
31439,0,6,0,0,-1
31441,0,0,0,0,-1
31441,0,1,1,1,-1
31441,0,2,1,1,-1
31441,0,3,1,1,-1
31441,0,4,0,0,-1
31441,0,5,0,0,-1
31441,0,6,0,0,-1
31443,0,0,1,1,-1
31443,0,1,1,1,-1
31443,0,2,1,1,-1
31443,0,3,0,0,-1
31443,0,4,0,0,-1
31443,0,5,0,0,-1
31443,0,6,0,0,-1
31445,0,0,1,1,-1
31445,0,1,1,1,-1
31445,0,2,0,0,-1
31445,0,3,1,1,-1
31445,0,4,0,0,-1
31445,0,5,0,0,-1
31445,0,6,0,0,-1
31447,0,0,1,1,-1
31447,0,1,1,1,-1
31447,0,2,1,1,-1
31447,0,3,0,0,-1
31447,0,4,0,0,-1
31447,0,5,0,0,-1
31447,0,6,0,0,-1
31449,0,0,1,1,-1
31449,0,1,1,1,-1
31449,0,2,1,1,-1
31449,0,3,0,0,-1
31449,0,4,0,0,-1
31449,0,5,0,0,-1
31449,0,6,0,0,-1
31451,0,0,1,1,-1
31451,0,1,1,1,-1
31451,0,2,1,1,-1
31451,0,3,0,0,-1
31451,0,4,0,0,-1
31451,0,5,0,0,-1
31451,0,6,0,0,-1
31453,0,0,0,0,-1
31453,0,1,0,0,-1
31453,0,2,0,0,-1
31453,0,3,0,0,-1
31453,0,4,0,0,-1
31453,0,5,0,0,-1
31453,0,6,0,0,-1
31455,0,0,0,0,-1
31455,0,1,0,0,-1
31455,0,2,0,0,-1
31455,0,3,0,0,-1
31455,0,4,0,0,-1
31455,0,5,0,0,-1
31455,0,6,0,0,-1
31457,0,0,1,1,-1
31457,0,1,1,1,-1
31457,0,2,1,1,-1
31457,0,3,0,0,-1
31457,0,4,0,0,-1
31457,0,5,0,0,-1
31457,0,6,0,0,-1
31459,0,0,0,0,-1
31459,0,1,0,0,-1
31459,0,2,1,1,-1
31459,0,3,0,0,-1
31459,0,4,0,0,-1
31459,0,5,0,0,-1
31459,0,6,0,0,-1
31461,0,0,1,1,-1
31461,0,1,1,1,-1
31461,0,2,1,1,-1
31461,0,3,0,0,-1
31461,0,4,0,0,-1
31461,0,5,0,0,-1
31461,0,6,0,0,-1
31463,0,0,1,1,-1
31463,0,1,1,1,-1
31463,0,2,1,1,-1
31463,0,3,0,0,-1
31463,0,4,0,0,-1
31463,0,5,0,0,-1
31463,0,6,0,0,-1
31465,0,0,1,1,-1
31465,0,1,1,1,-1
31465,0,2,1,1,-1
31465,0,3,0,0,-1
31465,0,4,0,0,-1
31465,0,5,0,0,-1
31465,0,6,0,0,-1
31467,0,0,0,0,-1
31467,0,1,0,0,-1
31467,0,2,0,0,-1
31467,0,3,0,0,-1
31467,0,4,0,0,-1
31467,0,5,0,0,-1
31467,0,6,0,0,-1
31469,0,0,0,0,-1
31469,0,1,0,0,-1
31469,0,2,0,0,-1
31469,0,3,0,0,-1
31469,0,4,0,0,-1
31469,0,5,0,0,-1
31469,0,6,0,0,-1
31471,0,0,0,0,-1
31471,0,1,0,0,-1
31471,0,2,0,0,-1
31471,0,3,0,0,-1
31471,0,4,0,0,-1
31471,0,5,0,0,-1
31471,0,6,0,0,-1
31473,0,0,0,0,-1
31473,0,1,0,0,-1
31473,0,2,0,0,-1
31473,0,3,0,0,-1
31473,0,4,0,0,-1
31473,0,5,0,0,-1
31473,0,6,0,0,-1
31475,0,0,1,1,-1
31475,0,1,1,1,-1
31475,0,2,1,1,-1
31475,0,3,0,0,-1
31475,0,4,0,0,-1
31475,0,5,0,0,-1
31475,0,6,0,0,-1
31477,0,0,1,1,-1
31477,0,1,1,1,-1
31477,0,2,0,0,-1
31477,0,3,1,1,-1
31477,0,4,0,0,-1
31477,0,5,0,0,-1
31477,0,6,0,0,-1
31479,0,0,1,2,-1
31479,0,1,0,2,-1
31479,0,2,1,2,-1
31479,0,3,1,2,-1
31479,0,4,0,2,-1
31479,0,5,0,2,-1
31479,0,6,0,2,-1
31481,0,0,1,1,-1
31481,0,1,1,1,-1
31481,0,2,0,0,-1
31481,0,3,1,1,-1
31481,0,4,0,0,-1
31481,0,5,0,0,-1
31481,0,6,0,0,-1
31483,0,0,1,1,-1
31483,0,1,1,1,-1
31483,0,2,0,0,-1
31483,0,3,0,0,-1
31483,0,4,0,0,-1
31483,0,5,0,0,-1
31483,0,6,0,0,-1
31485,0,0,0,0,-1
31485,0,1,0,0,-1
31485,0,2,0,0,-1
31485,0,3,1,1,-1
31485,0,4,0,0,-1
31485,0,5,0,0,-1
31485,0,6,0,0,-1
31487,0,0,1,1,-1
31487,0,1,1,1,-1
31487,0,2,1,1,-1
31487,0,3,0,0,-1
31487,0,4,0,0,-1
31487,0,5,0,0,-1
31487,0,6,0,0,-1
31489,0,0,0,0,-1
31489,0,1,1,1,-1
31489,0,2,0,0,-1
31489,0,3,0,0,-1
31489,0,4,0,0,-1
31489,0,5,0,0,-1
31489,0,6,0,0,-1
31491,0,0,1,1,-1
31491,0,1,1,1,-1
31491,0,2,1,1,-1
31491,0,3,0,0,-1
31491,0,4,0,0,-1
31491,0,5,0,0,-1
31491,0,6,0,0,-1
31493,0,0,1,1,-1
31493,0,1,0,0,-1
31493,0,2,0,0,-1
31493,0,3,1,1,-1
31493,0,4,1,1,-1
31493,0,5,0,0,-1
31493,0,6,0,0,-1
31495,0,0,1,1,-1
31495,0,1,1,1,-1
31495,0,2,0,0,-1
31495,0,3,1,1,-1
31495,0,4,0,0,-1
31495,0,5,0,0,-1
31495,0,6,0,0,-1
31497,0,0,0,0,-1
31497,0,1,0,0,-1
31497,0,2,1,1,-1
31497,0,3,0,0,-1
31497,0,4,0,0,-1
31497,0,5,0,0,-1
31497,0,6,0,0,-1
31499,0,0,1,1,-1
31499,0,1,1,1,-1
31499,0,2,0,0,-1
31499,0,3,1,1,-1
31499,0,4,0,0,-1
31499,0,5,0,0,-1
31499,0,6,0,0,-1
31501,0,0,1,2,-1
31501,0,1,1,2,-1
31501,0,2,0,2,-1
31501,0,3,1,2,-1
31501,0,4,0,2,-1
31501,0,5,0,2,-1
31501,0,6,0,2,-1
31503,0,0,1,1,-1
31503,0,1,1,1,-1
31503,0,2,1,1,-1
31503,0,3,0,0,-1
31503,0,4,0,0,-1
31503,0,5,0,0,-1
31503,0,6,0,0,-1
31505,0,0,1,1,-1
31505,0,1,1,1,-1
31505,0,2,1,1,-1
31505,0,3,0,0,-1
31505,0,4,0,0,-1
31505,0,5,0,0,-1
31505,0,6,0,0,-1
31507,0,0,1,1,-1
31507,0,1,1,1,-1
31507,0,2,0,0,-1
31507,0,3,1,1,-1
31507,0,4,0,0,-1
31507,0,5,0,0,-1
31507,0,6,0,0,-1
31509,0,0,1,1,-1
31509,0,1,0,0,-1
31509,0,2,1,1,-1
31509,0,3,1,1,-1
31509,0,4,0,0,-1
31509,0,5,0,0,-1
31509,0,6,0,0,-1
31511,0,0,1,1,-1
31511,0,1,0,0,-1
31511,0,2,0,1,-1
31511,0,3,1,1,-1
31511,0,4,0,0,-1
31511,0,5,0,0,-1
31511,0,6,0,0,-1
31513,0,0,0,0,-1
31513,0,1,0,0,-1
31513,0,2,0,0,-1
31513,0,3,1,1,-1
31513,0,4,0,0,-1
31513,0,5,0,0,-1
31513,0,6,0,0,-1
31515,0,0,0,0,-1
31515,0,1,0,0,-1
31515,0,2,0,0,-1
31515,0,3,1,1,-1
31515,0,4,0,0,-1
31515,0,5,0,0,-1
31515,0,6,0,0,-1
31517,0,0,1,1,-1
31517,0,1,0,0,-1
31517,0,2,1,1,-1
31517,0,3,0,0,-1
31517,0,4,0,0,-1
31517,0,5,0,0,-1
31517,0,6,0,0,-1
31519,0,0,1,1,-1
31519,0,1,1,1,-1
31519,0,2,1,1,-1
31519,0,3,0,0,-1
31519,0,4,0,0,-1
31519,0,5,0,0,-1
31519,0,6,0,0,-1
33911,0,0,0,0,-1
33911,0,1,0,0,-1
33911,0,2,0,0,-1
33911,0,3,0,0,-1
33911,0,4,0,0,-1
33911,0,5,0,0,-1
33911,0,6,0,0,-1
33913,0,0,1,1,-1
33913,0,1,1,1,-1
33913,0,2,0,0,-1
33913,0,3,1,1,-1
33913,0,4,0,0,-1
33913,0,5,0,0,-1
33913,0,6,0,0,-1
33915,0,0,1,1,-1
33915,0,1,1,1,-1
33915,0,2,0,0,-1
33915,0,3,1,1,-1
33915,0,4,0,0,-1
33915,0,5,0,0,-1
33915,0,6,0,0,-1
34677,0,0,1,1,-1
34677,0,1,1,1,-1
34677,0,2,0,0,-1
34677,0,3,1,1,-1
34677,0,4,0,0,-1
34677,0,5,0,0,-1
34677,0,6,0,0,-1
34679,0,0,1,1,-1
34679,0,1,1,1,-1
34679,0,2,0,0,-1
34679,0,3,1,1,-1
34679,0,4,0,0,-1
34679,0,5,0,0,-1
34679,0,6,0,0,-1
34681,0,0,1,1,-1
34681,0,1,0,0,-1
34681,0,2,1,1,-1
34681,0,3,1,1,-1
34681,0,4,0,0,-1
34681,0,5,0,0,-1
34681,0,6,0,0,-1
34683,0,0,0,0,-1
34683,0,1,0,0,-1
34683,0,2,0,0,-1
34683,0,3,0,0,-1
34683,0,4,0,0,-1
34683,0,5,0,0,-1
34683,0,6,0,0,-1
34685,0,0,1,1,-1
34685,0,1,1,1,-1
34685,0,2,0,0,-1
34685,0,3,1,1,-1
34685,0,4,0,0,-1
34685,0,5,0,0,-1
34685,0,6,0,0,-1
34687,0,0,0,0,-1
34687,0,1,0,0,-1
34687,0,2,1,1,-1
34687,0,3,0,0,-1
34687,0,4,0,0,-1
34687,0,5,0,0,-1
34687,0,6,0,0,-1
34689,0,0,0,0,-1
34689,0,1,1,1,-1
34689,0,2,1,1,-1
34689,0,3,1,1,-1
34689,0,4,0,0,-1
34689,0,5,0,0,-1
34689,0,6,0,0,-1
34691,0,0,0,0,-1
34691,0,1,0,0,-1
34691,0,2,1,1,-1
34691,0,3,1,1,-1
34691,0,4,0,0,-1
34691,0,5,0,0,-1
34691,0,6,0,0,-1
34741,0,0,0,0,-1
34741,0,1,1,1,-1
34741,0,2,1,1,-1
34741,0,3,1,1,-1
34741,0,4,0,0,-1
34741,0,5,0,0,-1
34741,0,6,0,0,-1
34743,0,0,1,1,-1
34743,0,1,0,0,-1
34743,0,2,1,1,-1
34743,0,3,1,1,-1
34743,0,4,0,0,-1
34743,0,5,0,0,-1
34743,0,6,0,0,-1
34745,0,0,1,1,-1
34745,0,1,1,1,-1
34745,0,2,0,0,-1
34745,0,3,1,1,-1
34745,0,4,0,0,-1
34745,0,5,0,0,-1
34745,0,6,0,0,-1
34747,0,0,1,1,-1
34747,0,1,1,1,-1
34747,0,2,1,1,-1
34747,0,3,0,0,-1
34747,0,4,0,0,-1
34747,0,5,0,0,-1
34747,0,6,0,0,-1
34749,0,0,1,1,-1
34749,0,1,1,1,-1
34749,0,2,1,1,-1
34749,0,3,0,0,-1
34749,0,4,0,0,-1
34749,0,5,0,0,-1
34749,0,6,0,0,-1
34751,0,0,1,1,-1
34751,0,1,1,1,-1
34751,0,2,1,1,-1
34751,0,3,0,0,-1
34751,0,4,0,0,-1
34751,0,5,0,0,-1
34751,0,6,0,0,-1
34753,0,0,1,1,-1
34753,0,1,1,1,-1
34753,0,2,0,0,-1
34753,0,3,0,0,-1
34753,0,4,0,0,-1
34753,0,5,0,0,-1
34753,0,6,0,0,-1
34755,0,0,1,1,-1
34755,0,1,0,0,-1
34755,0,2,1,1,-1
34755,0,3,1,1,-1
34755,0,4,0,0,-1
34755,0,5,0,0,-1
34755,0,6,0,0,-1
34757,0,0,1,1,-1
34757,0,1,0,0,-1
34757,0,2,1,1,-1
34757,0,3,1,1,-1
34757,0,4,0,0,-1
34757,0,5,0,0,-1
34757,0,6,0,0,-1
34759,0,0,1,1,-1
34759,0,1,0,0,-1
34759,0,2,0,0,-1
34759,0,3,0,0,-1
34759,0,4,0,0,-1
34759,0,5,0,0,-1
34759,0,6,0,0,-1
34761,0,0,0,0,-1
34761,0,1,0,0,-1
34761,0,2,0,0,-1
34761,0,3,0,0,-1
34761,0,4,0,0,-1
34761,0,5,0,0,-1
34761,0,6,0,0,-1
34763,0,0,1,1,-1
34763,0,1,1,1,-1
34763,0,2,0,0,-1
34763,0,3,1,1,-1
34763,0,4,0,0,-1
34763,0,5,0,0,-1
34763,0,6,0,0,-1
