JPGNumber,RaceNumber,BubbleNumber,Actual,Baseline,CNN
001917,0,0,-1,1,-1
001917,0,1,-1,1,-1
001917,0,2,-1,0,-1
001917,0,3,-1,1,-1
001917,0,4,-1,0,-1
001917,0,5,-1,0,-1
001917,0,6,-1,0,-1
001919,0,0,-1,0,-1
001919,0,1,-1,0,-1
001919,0,2,-1,1,-1
001919,0,3,-1,0,-1
001919,0,4,-1,0,-1
001919,0,5,-1,0,-1
001919,0,6,-1,0,-1
001921,0,0,-1,0,-1
001921,0,1,-1,0,-1
001921,0,2,-1,1,-1
001921,0,3,-1,0,-1
001921,0,4,-1,0,-1
001921,0,5,-1,0,-1
001921,0,6,-1,0,-1
001923,0,0,-1,1,-1
001923,0,1,-1,0,-1
001923,0,2,-1,1,-1
001923,0,3,-1,1,-1
001923,0,4,-1,0,-1
001923,0,5,-1,0,-1
001923,0,6,-1,0,-1
001925,0,0,-1,2,-1
001925,0,1,-1,2,-1
001925,0,2,-1,2,-1
001925,0,3,-1,2,-1
001925,0,4,-1,2,-1
001925,0,5,-1,2,-1
001925,0,6,-1,2,-1
001927,0,0,-1,1,-1
001927,0,1,-1,0,-1
001927,0,2,-1,0,-1
001927,0,3,-1,0,-1
001927,0,4,-1,0,-1
001927,0,5,-1,0,-1
001927,0,6,-1,0,-1
001929,0,0,-1,0,-1
001929,0,1,-1,1,-1
001929,0,2,-1,1,-1
001929,0,3,-1,1,-1
001929,0,4,-1,0,-1
001929,0,5,-1,0,-1
001929,0,6,-1,0,-1
001931,0,0,-1,1,-1
001931,0,1,-1,1,-1
001931,0,2,-1,1,-1
001931,0,3,-1,0,-1
001931,0,4,-1,0,-1
001931,0,5,-1,0,-1
001931,0,6,-1,0,-1
001933,0,0,-1,0,-1
001933,0,1,-1,0,-1
001933,0,2,-1,0,-1
001933,0,3,-1,0,-1
001933,0,4,-1,0,-1
001933,0,5,-1,0,-1
001933,0,6,-1,0,-1
001935,0,0,-1,1,-1
001935,0,1,-1,0,-1
001935,0,2,-1,1,-1
001935,0,3,-1,1,-1
001935,0,4,-1,0,-1
001935,0,5,-1,0,-1
001935,0,6,-1,0,-1
001937,0,0,-1,1,-1
001937,0,1,-1,1,-1
001937,0,2,-1,0,-1
001937,0,3,-1,1,-1
001937,0,4,-1,0,-1
001937,0,5,-1,0,-1
001937,0,6,-1,0,-1
001939,0,0,-1,1,-1
001939,0,1,-1,1,-1
001939,0,2,-1,1,-1
001939,0,3,-1,0,-1
001939,0,4,-1,0,-1
001939,0,5,-1,0,-1
001939,0,6,-1,0,-1
001941,0,0,-1,1,-1
001941,0,1,-1,1,-1
001941,0,2,-1,1,-1
001941,0,3,-1,0,-1
001941,0,4,-1,0,-1
001941,0,5,-1,0,-1
001941,0,6,-1,0,-1
001943,0,0,-1,1,-1
001943,0,1,-1,1,-1
001943,0,2,-1,1,-1
001943,0,3,-1,0,-1
001943,0,4,-1,0,-1
001943,0,5,-1,0,-1
001943,0,6,-1,0,-1
001945,0,0,-1,1,-1
001945,0,1,-1,1,-1
001945,0,2,-1,1,-1
001945,0,3,-1,0,-1
001945,0,4,-1,0,-1
001945,0,5,-1,0,-1
001945,0,6,-1,0,-1
001947,0,0,-1,1,-1
001947,0,1,-1,1,-1
001947,0,2,-1,1,-1
001947,0,3,-1,0,-1
001947,0,4,-1,0,-1
001947,0,5,-1,0,-1
001947,0,6,-1,0,-1
001949,0,0,-1,0,-1
001949,0,1,-1,0,-1
001949,0,2,-1,1,-1
001949,0,3,-1,0,-1
001949,0,4,-1,0,-1
001949,0,5,-1,0,-1
001949,0,6,-1,0,-1
001951,0,0,-1,0,-1
001951,0,1,-1,0,-1
001951,0,2,-1,1,-1
001951,0,3,-1,0,-1
001951,0,4,-1,0,-1
001951,0,5,-1,0,-1
001951,0,6,-1,0,-1
001953,0,0,-1,0,-1
001953,0,1,-1,1,-1
001953,0,2,-1,1,-1
001953,0,3,-1,1,-1
001953,0,4,-1,0,-1
001953,0,5,-1,0,-1
001953,0,6,-1,0,-1
001955,0,0,-1,0,-1
001955,0,1,-1,1,-1
001955,0,2,-1,1,-1
001955,0,3,-1,1,-1
001955,0,4,-1,0,-1
001955,0,5,-1,0,-1
001955,0,6,-1,0,-1
002009,0,0,-1,1,-1
002009,0,1,-1,1,-1
002009,0,2,-1,0,-1
002009,0,3,-1,1,-1
002009,0,4,-1,0,-1
002009,0,5,-1,0,-1
002009,0,6,-1,0,-1
002011,0,0,-1,1,-1
002011,0,1,-1,1,-1
002011,0,2,-1,0,-1
002011,0,3,-1,1,-1
002011,0,4,-1,0,-1
002011,0,5,-1,0,-1
002011,0,6,-1,0,-1
002013,0,0,-1,2,-1
002013,0,1,-1,2,-1
002013,0,2,-1,2,-1
002013,0,3,-1,2,-1
002013,0,4,-1,2,-1
002013,0,5,-1,2,-1
002013,0,6,-1,2,-1
002015,0,0,-1,1,-1
002015,0,1,-1,1,-1
002015,0,2,-1,0,-1
002015,0,3,-1,1,-1
002015,0,4,-1,0,-1
002015,0,5,-1,0,-1
002015,0,6,-1,0,-1
002017,0,0,-1,0,-1
002017,0,1,-1,1,-1
002017,0,2,-1,1,-1
002017,0,3,-1,1,-1
002017,0,4,-1,0,-1
002017,0,5,-1,0,-1
002017,0,6,-1,0,-1
002019,0,0,-1,0,-1
002019,0,1,-1,0,-1
002019,0,2,-1,0,-1
002019,0,3,-1,0,-1
002019,0,4,-1,0,-1
002019,0,5,-1,0,-1
002019,0,6,-1,0,-1
002021,0,0,-1,0,-1
002021,0,1,-1,1,-1
002021,0,2,-1,1,-1
002021,0,3,-1,1,-1
002021,0,4,-1,0,-1
002021,0,5,-1,0,-1
002021,0,6,-1,0,-1
002023,0,0,-1,1,-1
002023,0,1,-1,0,-1
002023,0,2,-1,1,-1
002023,0,3,-1,1,-1
002023,0,4,-1,0,-1
002023,0,5,-1,0,-1
002023,0,6,-1,0,-1
002025,0,0,-1,1,-1
002025,0,1,-1,1,-1
002025,0,2,-1,1,-1
002025,0,3,-1,0,-1
002025,0,4,-1,0,-1
002025,0,5,-1,0,-1
002025,0,6,-1,0,-1
002027,0,0,-1,1,-1
002027,0,1,-1,1,-1
002027,0,2,-1,0,-1
002027,0,3,-1,1,-1
002027,0,4,-1,0,-1
002027,0,5,-1,0,-1
002027,0,6,-1,0,-1
002029,0,0,-1,1,-1
002029,0,1,-1,1,-1
002029,0,2,-1,0,-1
002029,0,3,-1,1,-1
002029,0,4,-1,0,-1
002029,0,5,-1,0,-1
002029,0,6,-1,0,-1
002031,0,0,-1,0,-1
002031,0,1,-1,0,-1
002031,0,2,-1,1,-1
002031,0,3,-1,1,-1
002031,0,4,-1,1,-1
002031,0,5,-1,0,-1
002031,0,6,-1,0,-1
002033,0,0,-1,0,-1
002033,0,1,-1,0,-1
002033,0,2,-1,1,-1
002033,0,3,-1,0,-1
002033,0,4,-1,0,-1
002033,0,5,-1,0,-1
002033,0,6,-1,0,-1
002035,0,0,-1,1,-1
002035,0,1,-1,1,-1
002035,0,2,-1,1,-1
002035,0,3,-1,0,-1
002035,0,4,-1,0,-1
002035,0,5,-1,0,-1
002035,0,6,-1,0,-1
002037,0,0,-1,1,-1
002037,0,1,-1,1,-1
002037,0,2,-1,1,-1
002037,0,3,-1,0,-1
002037,0,4,-1,0,-1
002037,0,5,-1,0,-1
002037,0,6,-1,0,-1
002039,0,0,-1,1,-1
002039,0,1,-1,1,-1
002039,0,2,-1,1,-1
002039,0,3,-1,0,-1
002039,0,4,-1,0,-1
002039,0,5,-1,0,-1
002039,0,6,-1,0,-1
002041,0,0,-1,1,-1
002041,0,1,-1,1,-1
002041,0,2,-1,0,-1
002041,0,3,-1,1,-1
002041,0,4,-1,0,-1
002041,0,5,-1,0,-1
002041,0,6,-1,0,-1
002043,0,0,-1,1,-1
002043,0,1,-1,0,-1
002043,0,2,-1,1,-1
002043,0,3,-1,1,-1
002043,0,4,-1,0,-1
002043,0,5,-1,0,-1
002043,0,6,-1,0,-1
002045,0,0,-1,1,-1
002045,0,1,-1,1,-1
002045,0,2,-1,0,-1
002045,0,3,-1,1,-1
002045,0,4,-1,0,-1
002045,0,5,-1,0,-1
002045,0,6,-1,0,-1
002047,0,0,-1,1,-1
002047,0,1,-1,1,-1
002047,0,2,-1,0,-1
002047,0,3,-1,1,-1
002047,0,4,-1,0,-1
002047,0,5,-1,0,-1
002047,0,6,-1,0,-1
002049,0,0,-1,0,-1
002049,0,1,-1,0,-1
002049,0,2,-1,1,-1
002049,0,3,-1,0,-1
002049,0,4,-1,0,-1
002049,0,5,-1,0,-1
002049,0,6,-1,0,-1
002051,0,0,-1,1,-1
002051,0,1,-1,1,-1
002051,0,2,-1,0,-1
002051,0,3,-1,1,-1
002051,0,4,-1,0,-1
002051,0,5,-1,0,-1
002051,0,6,-1,0,-1
002053,0,0,-1,1,-1
002053,0,1,-1,1,-1
002053,0,2,-1,0,-1
002053,0,3,-1,1,-1
002053,0,4,-1,0,-1
002053,0,5,-1,0,-1
002053,0,6,-1,0,-1
002055,0,0,-1,1,-1
002055,0,1,-1,1,-1
002055,0,2,-1,0,-1
002055,0,3,-1,1,-1
002055,0,4,-1,0,-1
002055,0,5,-1,0,-1
002055,0,6,-1,0,-1
002057,0,0,-1,0,-1
002057,0,1,-1,0,-1
002057,0,2,-1,1,-1
002057,0,3,-1,0,-1
002057,0,4,-1,0,-1
002057,0,5,-1,0,-1
002057,0,6,-1,0,-1
002059,0,0,-1,1,-1
002059,0,1,-1,1,-1
002059,0,2,-1,0,-1
002059,0,3,-1,1,-1
002059,0,4,-1,0,-1
002059,0,5,-1,0,-1
002059,0,6,-1,0,-1
002803,0,0,-1,1,-1
002803,0,1,-1,1,-1
002803,0,2,-1,0,-1
002803,0,3,-1,1,-1
002803,0,4,-1,0,-1
002803,0,5,-1,0,-1
002803,0,6,-1,0,-1
002805,0,0,-1,0,-1
002805,0,1,-1,1,-1
002805,0,2,-1,1,-1
002805,0,3,-1,1,-1
002805,0,4,-1,0,-1
002805,0,5,-1,0,-1
002805,0,6,-1,0,-1
002807,0,0,-1,1,-1
002807,0,1,-1,0,-1
002807,0,2,-1,1,-1
002807,0,3,-1,1,-1
002807,0,4,-1,0,-1
002807,0,5,-1,0,-1
002807,0,6,-1,0,-1
002809,0,0,-1,0,-1
002809,0,1,-1,1,-1
002809,0,2,-1,1,-1
002809,0,3,-1,1,-1
002809,0,4,-1,0,-1
002809,0,5,-1,0,-1
002809,0,6,-1,0,-1
002811,0,0,-1,1,-1
002811,0,1,-1,1,-1
002811,0,2,-1,0,-1
002811,0,3,-1,1,-1
002811,0,4,-1,0,-1
002811,0,5,-1,0,-1
002811,0,6,-1,0,-1
002813,0,0,-1,1,-1
002813,0,1,-1,1,-1
002813,0,2,-1,0,-1
002813,0,3,-1,1,-1
002813,0,4,-1,0,-1
002813,0,5,-1,0,-1
002813,0,6,-1,0,-1
002815,0,0,-1,0,-1
002815,0,1,-1,1,-1
002815,0,2,-1,1,-1
002815,0,3,-1,1,-1
002815,0,4,-1,0,-1
002815,0,5,-1,0,-1
002815,0,6,-1,0,-1
002817,0,0,-1,0,-1
002817,0,1,-1,1,-1
002817,0,2,-1,1,-1
002817,0,3,-1,1,-1
002817,0,4,-1,0,-1
002817,0,5,-1,0,-1
002817,0,6,-1,0,-1
002819,0,0,-1,1,-1
002819,0,1,-1,1,-1
002819,0,2,-1,0,-1
002819,0,3,-1,1,-1
002819,0,4,-1,0,-1
002819,0,5,-1,0,-1
002819,0,6,-1,0,-1
002821,0,0,-1,1,-1
002821,0,1,-1,1,-1
002821,0,2,-1,0,-1
002821,0,3,-1,1,-1
002821,0,4,-1,0,-1
002821,0,5,-1,0,-1
002821,0,6,-1,0,-1
002823,0,0,-1,1,-1
002823,0,1,-1,0,-1
002823,0,2,-1,1,-1
002823,0,3,-1,1,-1
002823,0,4,-1,0,-1
002823,0,5,-1,0,-1
002823,0,6,-1,0,-1
002825,0,0,-1,1,-1
002825,0,1,-1,1,-1
002825,0,2,-1,1,-1
002825,0,3,-1,0,-1
002825,0,4,-1,0,-1
002825,0,5,-1,0,-1
002825,0,6,-1,0,-1
002827,0,0,-1,1,-1
002827,0,1,-1,0,-1
002827,0,2,-1,1,-1
002827,0,3,-1,1,-1
002827,0,4,-1,0,-1
002827,0,5,-1,0,-1
002827,0,6,-1,0,-1
002829,0,0,-1,1,-1
002829,0,1,-1,0,-1
002829,0,2,-1,1,-1
002829,0,3,-1,1,-1
002829,0,4,-1,0,-1
002829,0,5,-1,0,-1
002829,0,6,-1,0,-1
002831,0,0,-1,0,-1
002831,0,1,-1,1,-1
002831,0,2,-1,1,-1
002831,0,3,-1,1,-1
002831,0,4,-1,0,-1
002831,0,5,-1,0,-1
002831,0,6,-1,0,-1
002833,0,0,-1,1,-1
002833,0,1,-1,0,-1
002833,0,2,-1,1,-1
002833,0,3,-1,1,-1
002833,0,4,-1,0,-1
002833,0,5,-1,0,-1
002833,0,6,-1,0,-1
002835,0,0,-1,1,-1
002835,0,1,-1,0,-1
002835,0,2,-1,1,-1
002835,0,3,-1,1,-1
002835,0,4,-1,0,-1
002835,0,5,-1,0,-1
002835,0,6,-1,0,-1
002837,0,0,-1,1,-1
002837,0,1,-1,1,-1
002837,0,2,-1,0,-1
002837,0,3,-1,1,-1
002837,0,4,-1,0,-1
002837,0,5,-1,0,-1
002837,0,6,-1,0,-1
002839,0,0,-1,0,-1
002839,0,1,-1,0,-1
002839,0,2,-1,0,-1
002839,0,3,-1,0,-1
002839,0,4,-1,0,-1
002839,0,5,-1,0,-1
002839,0,6,-1,0,-1
002841,0,0,-1,0,-1
002841,0,1,-1,0,-1
002841,0,2,-1,0,-1
002841,0,3,-1,0,-1
002841,0,4,-1,0,-1
002841,0,5,-1,0,-1
002841,0,6,-1,0,-1
005447,0,0,-1,1,-1
005447,0,1,-1,1,-1
005447,0,2,-1,0,-1
005447,0,3,-1,1,-1
005447,0,4,-1,0,-1
005447,0,5,-1,0,-1
005447,0,6,-1,0,-1
005535,0,0,-1,1,-1
005535,0,1,-1,0,-1
005535,0,2,-1,1,-1
005535,0,3,-1,1,-1
005535,0,4,-1,0,-1
005535,0,5,-1,0,-1
005535,0,6,-1,0,-1
005537,0,0,-1,0,-1
005537,0,1,-1,1,-1
005537,0,2,-1,1,-1
005537,0,3,-1,1,-1
005537,0,4,-1,0,-1
005537,0,5,-1,0,-1
005537,0,6,-1,0,-1
005539,0,0,-1,1,-1
005539,0,1,-1,1,-1
005539,0,2,-1,0,-1
005539,0,3,-1,1,-1
005539,0,4,-1,0,-1
005539,0,5,-1,0,-1
005539,0,6,-1,0,-1
005541,0,0,-1,1,-1
005541,0,1,-1,1,-1
005541,0,2,-1,1,-1
005541,0,3,-1,0,-1
005541,0,4,-1,0,-1
005541,0,5,-1,0,-1
005541,0,6,-1,0,-1
005543,0,0,-1,0,-1
005543,0,1,-1,1,-1
005543,0,2,-1,1,-1
005543,0,3,-1,1,-1
005543,0,4,-1,0,-1
005543,0,5,-1,0,-1
005543,0,6,-1,0,-1
005545,0,0,-1,1,-1
005545,0,1,-1,1,-1
005545,0,2,-1,1,-1
005545,0,3,-1,0,-1
005545,0,4,-1,0,-1
005545,0,5,-1,0,-1
005545,0,6,-1,0,-1
005547,0,0,-1,1,-1
005547,0,1,-1,0,-1
005547,0,2,-1,1,-1
005547,0,3,-1,1,-1
005547,0,4,-1,0,-1
005547,0,5,-1,0,-1
005547,0,6,-1,0,-1
005549,0,0,-1,1,-1
005549,0,1,-1,1,-1
005549,0,2,-1,1,-1
005549,0,3,-1,0,-1
005549,0,4,-1,0,-1
005549,0,5,-1,0,-1
005549,0,6,-1,0,-1
005551,0,0,-1,1,-1
005551,0,1,-1,1,-1
005551,0,2,-1,0,-1
005551,0,3,-1,1,-1
005551,0,4,-1,0,-1
005551,0,5,-1,0,-1
005551,0,6,-1,0,-1
005553,0,0,-1,1,-1
005553,0,1,-1,0,-1
005553,0,2,-1,1,-1
005553,0,3,-1,1,-1
005553,0,4,-1,0,-1
005553,0,5,-1,0,-1
005553,0,6,-1,0,-1
005555,0,0,-1,0,-1
005555,0,1,-1,0,-1
005555,0,2,-1,0,-1
005555,0,3,-1,0,-1
005555,0,4,-1,0,-1
005555,0,5,-1,0,-1
005555,0,6,-1,0,-1
005557,0,0,-1,1,-1
005557,0,1,-1,1,-1
005557,0,2,-1,1,-1
005557,0,3,-1,0,-1
005557,0,4,-1,0,-1
005557,0,5,-1,0,-1
005557,0,6,-1,0,-1
005559,0,0,-1,1,-1
005559,0,1,-1,1,-1
005559,0,2,-1,1,-1
005559,0,3,-1,0,-1
005559,0,4,-1,0,-1
005559,0,5,-1,0,-1
005559,0,6,-1,0,-1
005561,0,0,-1,0,-1
005561,0,1,-1,1,-1
005561,0,2,-1,1,-1
005561,0,3,-1,1,-1
005561,0,4,-1,0,-1
005561,0,5,-1,0,-1
005561,0,6,-1,0,-1
005563,0,0,-1,1,-1
005563,0,1,-1,0,-1
005563,0,2,-1,1,-1
005563,0,3,-1,1,-1
005563,0,4,-1,0,-1
005563,0,5,-1,0,-1
005563,0,6,-1,0,-1
005565,0,0,-1,1,-1
005565,0,1,-1,0,-1
005565,0,2,-1,1,-1
005565,0,3,-1,1,-1
005565,0,4,-1,0,-1
005565,0,5,-1,0,-1
005565,0,6,-1,0,-1
005567,0,0,-1,1,-1
005567,0,1,-1,0,-1
005567,0,2,-1,1,-1
005567,0,3,-1,1,-1
005567,0,4,-1,0,-1
005567,0,5,-1,0,-1
005567,0,6,-1,0,-1
005569,0,0,-1,1,-1
005569,0,1,-1,1,-1
005569,0,2,-1,1,-1
005569,0,3,-1,0,-1
005569,0,4,-1,0,-1
005569,0,5,-1,0,-1
005569,0,6,-1,0,-1
005571,0,0,-1,1,-1
005571,0,1,-1,1,-1
005571,0,2,-1,1,-1
005571,0,3,-1,0,-1
005571,0,4,-1,0,-1
005571,0,5,-1,0,-1
005571,0,6,-1,0,-1
005573,0,0,-1,1,-1
005573,0,1,-1,1,-1
005573,0,2,-1,0,-1
005573,0,3,-1,1,-1
005573,0,4,-1,0,-1
005573,0,5,-1,0,-1
005573,0,6,-1,0,-1
005575,0,0,-1,0,-1
005575,0,1,-1,0,-1
005575,0,2,-1,0,-1
005575,0,3,-1,0,-1
005575,0,4,-1,0,-1
005575,0,5,-1,0,-1
005575,0,6,-1,0,-1
013365,0,0,-1,1,-1
013365,0,1,-1,1,-1
013365,0,2,-1,1,-1
013365,0,3,-1,0,-1
013365,0,4,-1,0,-1
013365,0,5,-1,0,-1
013365,0,6,-1,0,-1
013367,0,0,-1,1,-1
013367,0,1,-1,1,-1
013367,0,2,-1,0,-1
013367,0,3,-1,0,-1
013367,0,4,-1,0,-1
013367,0,5,-1,0,-1
013367,0,6,-1,0,-1
013369,0,0,-1,1,-1
013369,0,1,-1,1,-1
013369,0,2,-1,0,-1
013369,0,3,-1,0,-1
013369,0,4,-1,0,-1
013369,0,5,-1,0,-1
013369,0,6,-1,0,-1
013371,0,0,-1,0,-1
013371,0,1,-1,1,-1
013371,0,2,-1,1,-1
013371,0,3,-1,1,-1
013371,0,4,-1,0,-1
013371,0,5,-1,0,-1
013371,0,6,-1,0,-1
013373,0,0,-1,2,-1
013373,0,1,-1,2,-1
013373,0,2,-1,2,-1
013373,0,3,-1,2,-1
013373,0,4,-1,2,-1
013373,0,5,-1,2,-1
013373,0,6,-1,2,-1
013375,0,0,-1,1,-1
013375,0,1,-1,0,-1
013375,0,2,-1,1,-1
013375,0,3,-1,1,-1
013375,0,4,-1,0,-1
013375,0,5,-1,0,-1
013375,0,6,-1,0,-1
013377,0,0,-1,1,-1
013377,0,1,-1,1,-1
013377,0,2,-1,1,-1
013377,0,3,-1,0,-1
013377,0,4,-1,0,-1
013377,0,5,-1,0,-1
013377,0,6,-1,0,-1
013379,0,0,-1,1,-1
013379,0,1,-1,0,-1
013379,0,2,-1,1,-1
013379,0,3,-1,1,-1
013379,0,4,-1,0,-1
013379,0,5,-1,0,-1
013379,0,6,-1,0,-1
013381,0,0,-1,0,-1
013381,0,1,-1,0,-1
013381,0,2,-1,0,-1
013381,0,3,-1,0,-1
013381,0,4,-1,0,-1
013381,0,5,-1,0,-1
013381,0,6,-1,0,-1
013383,0,0,-1,1,-1
013383,0,1,-1,1,-1
013383,0,2,-1,1,-1
013383,0,3,-1,0,-1
013383,0,4,-1,0,-1
013383,0,5,-1,0,-1
013383,0,6,-1,0,-1
013385,0,0,-1,1,-1
013385,0,1,-1,0,-1
013385,0,2,-1,1,-1
013385,0,3,-1,1,-1
013385,0,4,-1,0,-1
013385,0,5,-1,0,-1
013385,0,6,-1,0,-1
013387,0,0,-1,1,-1
013387,0,1,-1,0,-1
013387,0,2,-1,1,-1
013387,0,3,-1,1,-1
013387,0,4,-1,0,-1
013387,0,5,-1,0,-1
013387,0,6,-1,0,-1
013389,0,0,-1,1,-1
013389,0,1,-1,0,-1
013389,0,2,-1,0,-1
013389,0,3,-1,1,-1
013389,0,4,-1,1,-1
013389,0,5,-1,0,-1
013389,0,6,-1,0,-1
013391,0,0,-1,1,-1
013391,0,1,-1,1,-1
013391,0,2,-1,0,-1
013391,0,3,-1,1,-1
013391,0,4,-1,0,-1
013391,0,5,-1,0,-1
013391,0,6,-1,0,-1
013393,0,0,-1,1,-1
013393,0,1,-1,1,-1
013393,0,2,-1,0,-1
013393,0,3,-1,1,-1
013393,0,4,-1,0,-1
013393,0,5,-1,0,-1
013393,0,6,-1,0,-1
013395,0,0,-1,0,-1
013395,0,1,-1,1,-1
013395,0,2,-1,1,-1
013395,0,3,-1,1,-1
013395,0,4,-1,0,-1
013395,0,5,-1,0,-1
013395,0,6,-1,0,-1
013397,0,0,-1,1,-1
013397,0,1,-1,1,-1
013397,0,2,-1,1,-1
013397,0,3,-1,0,-1
013397,0,4,-1,0,-1
013397,0,5,-1,0,-1
013397,0,6,-1,0,-1
013399,0,0,-1,1,-1
013399,0,1,-1,1,-1
013399,0,2,-1,1,-1
013399,0,3,-1,0,-1
013399,0,4,-1,0,-1
013399,0,5,-1,0,-1
013399,0,6,-1,0,-1
013401,0,0,-1,1,-1
013401,0,1,-1,1,-1
013401,0,2,-1,0,-1
013401,0,3,-1,1,-1
013401,0,4,-1,0,-1
013401,0,5,-1,0,-1
013401,0,6,-1,0,-1
013403,0,0,-1,1,-1
013403,0,1,-1,1,-1
013403,0,2,-1,1,-1
013403,0,3,-1,0,-1
013403,0,4,-1,0,-1
013403,0,5,-1,0,-1
013403,0,6,-1,0,-1
013405,0,0,-1,0,-1
013405,0,1,-1,1,-1
013405,0,2,-1,1,-1
013405,0,3,-1,1,-1
013405,0,4,-1,0,-1
013405,0,5,-1,0,-1
013405,0,6,-1,0,-1
013407,0,0,-1,0,-1
013407,0,1,-1,1,-1
013407,0,2,-1,1,-1
013407,0,3,-1,1,-1
013407,0,4,-1,0,-1
013407,0,5,-1,0,-1
013407,0,6,-1,0,-1
013409,0,0,-1,1,-1
013409,0,1,-1,1,-1
013409,0,2,-1,0,-1
013409,0,3,-1,1,-1
013409,0,4,-1,0,-1
013409,0,5,-1,0,-1
013409,0,6,-1,0,-1
013411,0,0,-1,0,-1
013411,0,1,-1,0,-1
013411,0,2,-1,0,-1
013411,0,3,-1,0,-1
013411,0,4,-1,1,-1
013411,0,5,-1,0,-1
013411,0,6,-1,0,-1
013413,0,0,-1,0,-1
013413,0,1,-1,1,-1
013413,0,2,-1,1,-1
013413,0,3,-1,1,-1
013413,0,4,-1,0,-1
013413,0,5,-1,0,-1
013413,0,6,-1,0,-1
013415,0,0,-1,1,-1
013415,0,1,-1,0,-1
013415,0,2,-1,1,-1
013415,0,3,-1,1,-1
013415,0,4,-1,0,-1
013415,0,5,-1,0,-1
013415,0,6,-1,0,-1
013417,0,0,-1,1,-1
013417,0,1,-1,1,-1
013417,0,2,-1,0,-1
013417,0,3,-1,1,-1
013417,0,4,-1,0,-1
013417,0,5,-1,0,-1
013417,0,6,-1,0,-1
013419,0,0,-1,0,-1
013419,0,1,-1,1,-1
013419,0,2,-1,0,-1
013419,0,3,-1,0,-1
013419,0,4,-1,0,-1
013419,0,5,-1,0,-1
013419,0,6,-1,0,-1
013421,0,0,-1,1,-1
013421,0,1,-1,1,-1
013421,0,2,-1,1,-1
013421,0,3,-1,0,-1
013421,0,4,-1,0,-1
013421,0,5,-1,0,-1
013421,0,6,-1,0,-1
013423,0,0,-1,1,-1
013423,0,1,-1,1,-1
013423,0,2,-1,0,-1
013423,0,3,-1,1,-1
013423,0,4,-1,0,-1
013423,0,5,-1,0,-1
013423,0,6,-1,0,-1
013425,0,0,-1,0,-1
013425,0,1,-1,1,-1
013425,0,2,-1,1,-1
013425,0,3,-1,1,-1
013425,0,4,-1,0,-1
013425,0,5,-1,0,-1
013425,0,6,-1,0,-1
013427,0,0,-1,1,-1
013427,0,1,-1,1,-1
013427,0,2,-1,1,-1
013427,0,3,-1,0,-1
013427,0,4,-1,0,-1
013427,0,5,-1,0,-1
013427,0,6,-1,0,-1
013429,0,0,-1,2,-1
013429,0,1,-1,2,-1
013429,0,2,-1,2,-1
013429,0,3,-1,2,-1
013429,0,4,-1,2,-1
013429,0,5,-1,2,-1
013429,0,6,-1,2,-1
013431,0,0,-1,1,-1
013431,0,1,-1,1,-1
013431,0,2,-1,1,-1
013431,0,3,-1,0,-1
013431,0,4,-1,0,-1
013431,0,5,-1,0,-1
013431,0,6,-1,0,-1
013433,0,0,-1,1,-1
013433,0,1,-1,0,-1
013433,0,2,-1,1,-1
013433,0,3,-1,1,-1
013433,0,4,-1,0,-1
013433,0,5,-1,0,-1
013433,0,6,-1,0,-1
013435,0,0,-1,0,-1
013435,0,1,-1,1,-1
013435,0,2,-1,1,-1
013435,0,3,-1,1,-1
013435,0,4,-1,0,-1
013435,0,5,-1,0,-1
013435,0,6,-1,0,-1
013437,0,0,-1,0,-1
013437,0,1,-1,1,-1
013437,0,2,-1,1,-1
013437,0,3,-1,1,-1
013437,0,4,-1,0,-1
013437,0,5,-1,0,-1
013437,0,6,-1,0,-1
013439,0,0,-1,0,-1
013439,0,1,-1,1,-1
013439,0,2,-1,1,-1
013439,0,3,-1,0,-1
013439,0,4,-1,0,-1
013439,0,5,-1,0,-1
013439,0,6,-1,0,-1
013441,0,0,-1,1,-1
013441,0,1,-1,1,-1
013441,0,2,-1,1,-1
013441,0,3,-1,0,-1
013441,0,4,-1,0,-1
013441,0,5,-1,0,-1
013441,0,6,-1,0,-1
013443,0,0,-1,2,-1
013443,0,1,-1,2,-1
013443,0,2,-1,2,-1
013443,0,3,-1,2,-1
013443,0,4,-1,2,-1
013443,0,5,-1,2,-1
013443,0,6,-1,2,-1
013445,0,0,-1,1,-1
013445,0,1,-1,1,-1
013445,0,2,-1,1,-1
013445,0,3,-1,0,-1
013445,0,4,-1,0,-1
013445,0,5,-1,0,-1
013445,0,6,-1,0,-1
013447,0,0,-1,1,-1
013447,0,1,-1,1,-1
013447,0,2,-1,0,-1
013447,0,3,-1,1,-1
013447,0,4,-1,0,-1
013447,0,5,-1,0,-1
013447,0,6,-1,0,-1
013449,0,0,-1,1,-1
013449,0,1,-1,1,-1
013449,0,2,-1,0,-1
013449,0,3,-1,1,-1
013449,0,4,-1,0,-1
013449,0,5,-1,0,-1
013449,0,6,-1,0,-1
013451,0,0,-1,1,-1
013451,0,1,-1,1,-1
013451,0,2,-1,1,-1
013451,0,3,-1,0,-1
013451,0,4,-1,0,-1
013451,0,5,-1,0,-1
013451,0,6,-1,0,-1
013453,0,0,-1,0,-1
013453,0,1,-1,0,-1
013453,0,2,-1,0,-1
013453,0,3,-1,0,-1
013453,0,4,-1,0,-1
013453,0,5,-1,0,-1
013453,0,6,-1,0,-1
013455,0,0,-1,0,-1
013455,0,1,-1,0,-1
013455,0,2,-1,0,-1
013455,0,3,-1,0,-1
013455,0,4,-1,0,-1
013455,0,5,-1,0,-1
013455,0,6,-1,0,-1
013457,0,0,-1,0,-1
013457,0,1,-1,0,-1
013457,0,2,-1,0,-1
013457,0,3,-1,0,-1
013457,0,4,-1,0,-1
013457,0,5,-1,0,-1
013457,0,6,-1,0,-1
013459,0,0,-1,0,-1
013459,0,1,-1,0,-1
013459,0,2,-1,0,-1
013459,0,3,-1,0,-1
013459,0,4,-1,1,-1
013459,0,5,-1,0,-1
013459,0,6,-1,0,-1
013461,0,0,-1,1,-1
013461,0,1,-1,1,-1
013461,0,2,-1,0,-1
013461,0,3,-1,1,-1
013461,0,4,-1,0,-1
013461,0,5,-1,0,-1
013461,0,6,-1,0,-1
013463,0,0,-1,0,-1
013463,0,1,-1,0,-1
013463,0,2,-1,0,-1
013463,0,3,-1,0,-1
013463,0,4,-1,0,-1
013463,0,5,-1,0,-1
013463,0,6,-1,0,-1
013465,0,0,-1,1,-1
013465,0,1,-1,0,-1
013465,0,2,-1,0,-1
013465,0,3,-1,0,-1
013465,0,4,-1,0,-1
013465,0,5,-1,0,-1
013465,0,6,-1,0,-1
013467,0,0,-1,1,-1
013467,0,1,-1,1,-1
013467,0,2,-1,0,-1
013467,0,3,-1,1,-1
013467,0,4,-1,0,-1
013467,0,5,-1,0,-1
013467,0,6,-1,0,-1
013469,0,0,-1,0,-1
013469,0,1,-1,1,-1
013469,0,2,-1,1,-1
013469,0,3,-1,1,-1
013469,0,4,-1,0,-1
013469,0,5,-1,0,-1
013469,0,6,-1,0,-1
013471,0,0,-1,1,-1
013471,0,1,-1,0,-1
013471,0,2,-1,1,-1
013471,0,3,-1,1,-1
013471,0,4,-1,0,-1
013471,0,5,-1,0,-1
013471,0,6,-1,0,-1
013473,0,0,-1,1,-1
013473,0,1,-1,1,-1
013473,0,2,-1,0,-1
013473,0,3,-1,1,-1
013473,0,4,-1,0,-1
013473,0,5,-1,0,-1
013473,0,6,-1,0,-1
013475,0,0,-1,1,-1
013475,0,1,-1,1,-1
013475,0,2,-1,0,-1
013475,0,3,-1,1,-1
013475,0,4,-1,0,-1
013475,0,5,-1,0,-1
013475,0,6,-1,0,-1
013477,0,0,-1,1,-1
013477,0,1,-1,1,-1
013477,0,2,-1,0,-1
013477,0,3,-1,1,-1
013477,0,4,-1,0,-1
013477,0,5,-1,0,-1
013477,0,6,-1,0,-1
013479,0,0,-1,1,-1
013479,0,1,-1,1,-1
013479,0,2,-1,0,-1
013479,0,3,-1,0,-1
013479,0,4,-1,0,-1
013479,0,5,-1,0,-1
013479,0,6,-1,0,-1
013481,0,0,-1,0,-1
013481,0,1,-1,0,-1
013481,0,2,-1,1,-1
013481,0,3,-1,1,-1
013481,0,4,-1,0,-1
013481,0,5,-1,0,-1
013481,0,6,-1,0,-1
013483,0,0,-1,1,-1
013483,0,1,-1,1,-1
013483,0,2,-1,0,-1
013483,0,3,-1,1,-1
013483,0,4,-1,0,-1
013483,0,5,-1,0,-1
013483,0,6,-1,0,-1
013485,0,0,-1,0,-1
013485,0,1,-1,1,-1
013485,0,2,-1,1,-1
013485,0,3,-1,1,-1
013485,0,4,-1,0,-1
013485,0,5,-1,0,-1
013485,0,6,-1,0,-1
013487,0,0,-1,1,-1
013487,0,1,-1,1,-1
013487,0,2,-1,1,-1
013487,0,3,-1,0,-1
013487,0,4,-1,0,-1
013487,0,5,-1,0,-1
013487,0,6,-1,0,-1
013489,0,0,-1,0,-1
013489,0,1,-1,0,-1
013489,0,2,-1,0,-1
013489,0,3,-1,1,-1
013489,0,4,-1,0,-1
013489,0,5,-1,0,-1
013489,0,6,-1,0,-1
013491,0,0,-1,1,-1
013491,0,1,-1,1,-1
013491,0,2,-1,1,-1
013491,0,3,-1,0,-1
013491,0,4,-1,0,-1
013491,0,5,-1,0,-1
013491,0,6,-1,0,-1
013493,0,0,-1,1,-1
013493,0,1,-1,1,-1
013493,0,2,-1,0,-1
013493,0,3,-1,1,-1
013493,0,4,-1,0,-1
013493,0,5,-1,0,-1
013493,0,6,-1,0,-1
013495,0,0,-1,1,-1
013495,0,1,-1,0,-1
013495,0,2,-1,0,-1
013495,0,3,-1,0,-1
013495,0,4,-1,0,-1
013495,0,5,-1,0,-1
013495,0,6,-1,0,-1
013497,0,0,-1,1,-1
013497,0,1,-1,1,-1
013497,0,2,-1,1,-1
013497,0,3,-1,0,-1
013497,0,4,-1,0,-1
013497,0,5,-1,0,-1
013497,0,6,-1,0,-1
013499,0,0,-1,0,-1
013499,0,1,-1,1,-1
013499,0,2,-1,1,-1
013499,0,3,-1,1,-1
013499,0,4,-1,0,-1
013499,0,5,-1,0,-1
013499,0,6,-1,0,-1
013501,0,0,-1,0,-1
013501,0,1,-1,0,-1
013501,0,2,-1,1,-1
013501,0,3,-1,0,-1
013501,0,4,-1,0,-1
013501,0,5,-1,0,-1
013501,0,6,-1,0,-1
013503,0,0,-1,0,-1
013503,0,1,-1,1,-1
013503,0,2,-1,1,-1
013503,0,3,-1,1,-1
013503,0,4,-1,0,-1
013503,0,5,-1,0,-1
013503,0,6,-1,0,-1
013505,0,0,-1,0,-1
013505,0,1,-1,0,-1
013505,0,2,-1,1,-1
013505,0,3,-1,0,-1
013505,0,4,-1,0,-1
013505,0,5,-1,0,-1
013505,0,6,-1,0,-1
013507,0,0,-1,1,-1
013507,0,1,-1,1,-1
013507,0,2,-1,0,-1
013507,0,3,-1,1,-1
013507,0,4,-1,0,-1
013507,0,5,-1,0,-1
013507,0,6,-1,0,-1
013509,0,0,-1,1,-1
013509,0,1,-1,1,-1
013509,0,2,-1,0,-1
013509,0,3,-1,1,-1
013509,0,4,-1,0,-1
013509,0,5,-1,0,-1
013509,0,6,-1,0,-1
013511,0,0,-1,1,-1
013511,0,1,-1,1,-1
013511,0,2,-1,0,-1
013511,0,3,-1,1,-1
013511,0,4,-1,0,-1
013511,0,5,-1,0,-1
013511,0,6,-1,0,-1
013513,0,0,-1,1,-1
013513,0,1,-1,0,-1
013513,0,2,-1,1,-1
013513,0,3,-1,1,-1
013513,0,4,-1,0,-1
013513,0,5,-1,0,-1
013513,0,6,-1,0,-1
013515,0,0,-1,1,-1
013515,0,1,-1,1,-1
013515,0,2,-1,0,-1
013515,0,3,-1,1,-1
013515,0,4,-1,0,-1
013515,0,5,-1,0,-1
013515,0,6,-1,0,-1
013517,0,0,-1,0,-1
013517,0,1,-1,0,-1
013517,0,2,-1,1,-1
013517,0,3,-1,1,-1
013517,0,4,-1,0,-1
013517,0,5,-1,0,-1
013517,0,6,-1,0,-1
013519,0,0,-1,1,-1
013519,0,1,-1,0,-1
013519,0,2,-1,1,-1
013519,0,3,-1,1,-1
013519,0,4,-1,0,-1
013519,0,5,-1,0,-1
013519,0,6,-1,0,-1
013521,0,0,-1,0,-1
013521,0,1,-1,1,-1
013521,0,2,-1,1,-1
013521,0,3,-1,1,-1
013521,0,4,-1,0,-1
013521,0,5,-1,0,-1
013521,0,6,-1,0,-1
013523,0,0,-1,0,-1
013523,0,1,-1,1,-1
013523,0,2,-1,1,-1
013523,0,3,-1,1,-1
013523,0,4,-1,0,-1
013523,0,5,-1,0,-1
013523,0,6,-1,0,-1
013525,0,0,-1,1,-1
013525,0,1,-1,0,-1
013525,0,2,-1,1,-1
013525,0,3,-1,1,-1
013525,0,4,-1,0,-1
013525,0,5,-1,0,-1
013525,0,6,-1,0,-1
013527,0,0,-1,0,-1
013527,0,1,-1,1,-1
013527,0,2,-1,1,-1
013527,0,3,-1,1,-1
013527,0,4,-1,0,-1
013527,0,5,-1,0,-1
013527,0,6,-1,0,-1
013529,0,0,-1,1,-1
013529,0,1,-1,1,-1
013529,0,2,-1,0,-1
013529,0,3,-1,1,-1
013529,0,4,-1,0,-1
013529,0,5,-1,0,-1
013529,0,6,-1,0,-1
013531,0,0,-1,1,-1
013531,0,1,-1,1,-1
013531,0,2,-1,0,-1
013531,0,3,-1,1,-1
013531,0,4,-1,0,-1
013531,0,5,-1,0,-1
013531,0,6,-1,0,-1
013533,0,0,-1,0,-1
013533,0,1,-1,1,-1
013533,0,2,-1,1,-1
013533,0,3,-1,1,-1
013533,0,4,-1,0,-1
013533,0,5,-1,0,-1
013533,0,6,-1,0,-1
013535,0,0,-1,0,-1
013535,0,1,-1,1,-1
013535,0,2,-1,1,-1
013535,0,3,-1,1,-1
013535,0,4,-1,0,-1
013535,0,5,-1,0,-1
013535,0,6,-1,0,-1
013537,0,0,-1,0,-1
013537,0,1,-1,0,-1
013537,0,2,-1,0,-1
013537,0,3,-1,0,-1
013537,0,4,-1,0,-1
013537,0,5,-1,0,-1
013537,0,6,-1,0,-1
013539,0,0,-1,1,-1
013539,0,1,-1,1,-1
013539,0,2,-1,0,-1
013539,0,3,-1,1,-1
013539,0,4,-1,0,-1
013539,0,5,-1,0,-1
013539,0,6,-1,0,-1
013541,0,0,-1,1,-1
013541,0,1,-1,1,-1
013541,0,2,-1,1,-1
013541,0,3,-1,0,-1
013541,0,4,-1,0,-1
013541,0,5,-1,0,-1
013541,0,6,-1,0,-1
013543,0,0,-1,1,-1
013543,0,1,-1,0,-1
013543,0,2,-1,0,-1
013543,0,3,-1,0,-1
013543,0,4,-1,0,-1
013543,0,5,-1,0,-1
013543,0,6,-1,0,-1
013545,0,0,-1,0,-1
013545,0,1,-1,0,-1
013545,0,2,-1,1,-1
013545,0,3,-1,0,-1
013545,0,4,-1,0,-1
013545,0,5,-1,0,-1
013545,0,6,-1,0,-1
013547,0,0,-1,0,-1
013547,0,1,-1,1,-1
013547,0,2,-1,1,-1
013547,0,3,-1,1,-1
013547,0,4,-1,0,-1
013547,0,5,-1,0,-1
013547,0,6,-1,0,-1
031233,0,0,-1,1,-1
031233,0,1,-1,1,-1
031233,0,2,-1,0,-1
031233,0,3,-1,1,-1
031233,0,4,-1,0,-1
031233,0,5,-1,0,-1
031233,0,6,-1,0,-1
031235,0,0,-1,1,-1
031235,0,1,-1,1,-1
031235,0,2,-1,0,-1
031235,0,3,-1,1,-1
031235,0,4,-1,0,-1
031235,0,5,-1,0,-1
031235,0,6,-1,0,-1
031237,0,0,-1,1,-1
031237,0,1,-1,1,-1
031237,0,2,-1,0,-1
031237,0,3,-1,1,-1
031237,0,4,-1,0,-1
031237,0,5,-1,0,-1
031237,0,6,-1,0,-1
031239,0,0,-1,0,-1
031239,0,1,-1,0,-1
031239,0,2,-1,0,-1
031239,0,3,-1,0,-1
031239,0,4,-1,0,-1
031239,0,5,-1,0,-1
031239,0,6,-1,0,-1
031241,0,0,-1,1,-1
031241,0,1,-1,1,-1
031241,0,2,-1,0,-1
031241,0,3,-1,1,-1
031241,0,4,-1,0,-1
031241,0,5,-1,0,-1
031241,0,6,-1,0,-1
031243,0,0,-1,0,-1
031243,0,1,-1,0,-1
031243,0,2,-1,1,-1
031243,0,3,-1,1,-1
031243,0,4,-1,1,-1
031243,0,5,-1,0,-1
031243,0,6,-1,0,-1
031245,0,0,-1,0,-1
031245,0,1,-1,0,-1
031245,0,2,-1,0,-1
031245,0,3,-1,0,-1
031245,0,4,-1,0,-1
031245,0,5,-1,0,-1
031245,0,6,-1,0,-1
031247,0,0,-1,1,-1
031247,0,1,-1,0,-1
031247,0,2,-1,0,-1
031247,0,3,-1,1,-1
031247,0,4,-1,1,-1
031247,0,5,-1,0,-1
031247,0,6,-1,0,-1
031249,0,0,-1,0,-1
031249,0,1,-1,0,-1
031249,0,2,-1,1,-1
031249,0,3,-1,0,-1
031249,0,4,-1,0,-1
031249,0,5,-1,0,-1
031249,0,6,-1,0,-1
031251,0,0,-1,1,-1
031251,0,1,-1,1,-1
031251,0,2,-1,1,-1
031251,0,3,-1,0,-1
031251,0,4,-1,0,-1
031251,0,5,-1,0,-1
031251,0,6,-1,0,-1
031253,0,0,-1,0,-1
031253,0,1,-1,0,-1
031253,0,2,-1,0,-1
031253,0,3,-1,0,-1
031253,0,4,-1,0,-1
031253,0,5,-1,0,-1
031253,0,6,-1,0,-1
031255,0,0,-1,2,-1
031255,0,1,-1,2,-1
031255,0,2,-1,2,-1
031255,0,3,-1,2,-1
031255,0,4,-1,2,-1
031255,0,5,-1,2,-1
031255,0,6,-1,2,-1
031257,0,0,-1,1,-1
031257,0,1,-1,0,-1
031257,0,2,-1,1,-1
031257,0,3,-1,1,-1
031257,0,4,-1,0,-1
031257,0,5,-1,0,-1
031257,0,6,-1,0,-1
031259,0,0,-1,0,-1
031259,0,1,-1,0,-1
031259,0,2,-1,0,-1
031259,0,3,-1,0,-1
031259,0,4,-1,0,-1
031259,0,5,-1,0,-1
031259,0,6,-1,0,-1
031261,0,0,-1,0,-1
031261,0,1,-1,0,-1
031261,0,2,-1,1,-1
031261,0,3,-1,1,-1
031261,0,4,-1,0,-1
031261,0,5,-1,0,-1
031261,0,6,-1,0,-1
031263,0,0,-1,0,-1
031263,0,1,-1,1,-1
031263,0,2,-1,1,-1
031263,0,3,-1,1,-1
031263,0,4,-1,0,-1
031263,0,5,-1,0,-1
031263,0,6,-1,0,-1
031265,0,0,-1,0,-1
031265,0,1,-1,0,-1
031265,0,2,-1,0,-1
031265,0,3,-1,0,-1
031265,0,4,-1,0,-1
031265,0,5,-1,0,-1
031265,0,6,-1,0,-1
031267,0,0,-1,0,-1
031267,0,1,-1,0,-1
031267,0,2,-1,0,-1
031267,0,3,-1,0,-1
031267,0,4,-1,0,-1
031267,0,5,-1,0,-1
031267,0,6,-1,0,-1
031269,0,0,-1,0,-1
031269,0,1,-1,0,-1
031269,0,2,-1,1,-1
031269,0,3,-1,0,-1
031269,0,4,-1,0,-1
031269,0,5,-1,0,-1
031269,0,6,-1,0,-1
031271,0,0,-1,1,-1
031271,0,1,-1,1,-1
031271,0,2,-1,1,-1
031271,0,3,-1,0,-1
031271,0,4,-1,0,-1
031271,0,5,-1,0,-1
031271,0,6,-1,0,-1
031273,0,0,-1,0,-1
031273,0,1,-1,1,-1
031273,0,2,-1,1,-1
031273,0,3,-1,1,-1
031273,0,4,-1,0,-1
031273,0,5,-1,0,-1
031273,0,6,-1,0,-1
031275,0,0,-1,0,-1
031275,0,1,-1,0,-1
031275,0,2,-1,1,-1
031275,0,3,-1,0,-1
031275,0,4,-1,0,-1
031275,0,5,-1,0,-1
031275,0,6,-1,0,-1
031277,0,0,-1,0,-1
031277,0,1,-1,1,-1
031277,0,2,-1,1,-1
031277,0,3,-1,1,-1
031277,0,4,-1,0,-1
031277,0,5,-1,0,-1
031277,0,6,-1,0,-1
031279,0,0,-1,0,-1
031279,0,1,-1,0,-1
031279,0,2,-1,0,-1
031279,0,3,-1,0,-1
031279,0,4,-1,0,-1
031279,0,5,-1,0,-1
031279,0,6,-1,0,-1
031281,0,0,-1,0,-1
031281,0,1,-1,0,-1
031281,0,2,-1,1,-1
031281,0,3,-1,0,-1
031281,0,4,-1,0,-1
031281,0,5,-1,0,-1
031281,0,6,-1,0,-1
031283,0,0,-1,0,-1
031283,0,1,-1,0,-1
031283,0,2,-1,1,-1
031283,0,3,-1,1,-1
031283,0,4,-1,0,-1
031283,0,5,-1,0,-1
031283,0,6,-1,0,-1
031285,0,0,-1,0,-1
031285,0,1,-1,0,-1
031285,0,2,-1,1,-1
031285,0,3,-1,1,-1
031285,0,4,-1,0,-1
031285,0,5,-1,0,-1
031285,0,6,-1,0,-1
031287,0,0,-1,1,-1
031287,0,1,-1,1,-1
031287,0,2,-1,1,-1
031287,0,3,-1,0,-1
031287,0,4,-1,0,-1
031287,0,5,-1,0,-1
031287,0,6,-1,0,-1
031289,0,0,-1,1,-1
031289,0,1,-1,1,-1
031289,0,2,-1,1,-1
031289,0,3,-1,0,-1
031289,0,4,-1,0,-1
031289,0,5,-1,0,-1
031289,0,6,-1,0,-1
031291,0,0,-1,1,-1
031291,0,1,-1,1,-1
031291,0,2,-1,0,-1
031291,0,3,-1,1,-1
031291,0,4,-1,0,-1
031291,0,5,-1,0,-1
031291,0,6,-1,0,-1
031293,0,0,-1,0,-1
031293,0,1,-1,0,-1
031293,0,2,-1,0,-1
031293,0,3,-1,0,-1
031293,0,4,-1,0,-1
031293,0,5,-1,0,-1
031293,0,6,-1,0,-1
031295,0,0,-1,1,-1
031295,0,1,-1,0,-1
031295,0,2,-1,1,-1
031295,0,3,-1,1,-1
031295,0,4,-1,0,-1
031295,0,5,-1,0,-1
031295,0,6,-1,0,-1
031297,0,0,-1,0,-1
031297,0,1,-1,0,-1
031297,0,2,-1,0,-1
031297,0,3,-1,0,-1
031297,0,4,-1,0,-1
031297,0,5,-1,0,-1
031297,0,6,-1,0,-1
031299,0,0,-1,1,-1
031299,0,1,-1,0,-1
031299,0,2,-1,1,-1
031299,0,3,-1,1,-1
031299,0,4,-1,0,-1
031299,0,5,-1,0,-1
031299,0,6,-1,0,-1
031301,0,0,-1,1,-1
031301,0,1,-1,1,-1
031301,0,2,-1,0,-1
031301,0,3,-1,1,-1
031301,0,4,-1,0,-1
031301,0,5,-1,0,-1
031301,0,6,-1,0,-1
031303,0,0,-1,1,-1
031303,0,1,-1,1,-1
031303,0,2,-1,0,-1
031303,0,3,-1,1,-1
031303,0,4,-1,0,-1
031303,0,5,-1,0,-1
031303,0,6,-1,0,-1
031305,0,0,-1,1,-1
031305,0,1,-1,0,-1
031305,0,2,-1,1,-1
031305,0,3,-1,1,-1
031305,0,4,-1,0,-1
031305,0,5,-1,0,-1
031305,0,6,-1,0,-1
031307,0,0,-1,0,-1
031307,0,1,-1,0,-1
031307,0,2,-1,1,-1
031307,0,3,-1,0,-1
031307,0,4,-1,0,-1
031307,0,5,-1,0,-1
031307,0,6,-1,0,-1
031309,0,0,-1,1,-1
031309,0,1,-1,0,-1
031309,0,2,-1,1,-1
031309,0,3,-1,1,-1
031309,0,4,-1,0,-1
031309,0,5,-1,0,-1
031309,0,6,-1,0,-1
031311,0,0,-1,0,-1
031311,0,1,-1,1,-1
031311,0,2,-1,1,-1
031311,0,3,-1,1,-1
031311,0,4,-1,0,-1
031311,0,5,-1,0,-1
031311,0,6,-1,0,-1
031313,0,0,-1,1,-1
031313,0,1,-1,1,-1
031313,0,2,-1,0,-1
031313,0,3,-1,1,-1
031313,0,4,-1,0,-1
031313,0,5,-1,0,-1
031313,0,6,-1,0,-1
031315,0,0,-1,0,-1
031315,0,1,-1,0,-1
031315,0,2,-1,1,-1
031315,0,3,-1,0,-1
031315,0,4,-1,0,-1
031315,0,5,-1,0,-1
031315,0,6,-1,0,-1
031317,0,0,-1,0,-1
031317,0,1,-1,1,-1
031317,0,2,-1,1,-1
031317,0,3,-1,1,-1
031317,0,4,-1,0,-1
031317,0,5,-1,0,-1
031317,0,6,-1,0,-1
031319,0,0,-1,1,-1
031319,0,1,-1,1,-1
031319,0,2,-1,0,-1
031319,0,3,-1,1,-1
031319,0,4,-1,0,-1
031319,0,5,-1,0,-1
031319,0,6,-1,0,-1
031321,0,0,-1,1,-1
031321,0,1,-1,1,-1
031321,0,2,-1,0,-1
031321,0,3,-1,1,-1
031321,0,4,-1,0,-1
031321,0,5,-1,0,-1
031321,0,6,-1,0,-1
031323,0,0,-1,2,-1
031323,0,1,-1,2,-1
031323,0,2,-1,2,-1
031323,0,3,-1,2,-1
031323,0,4,-1,2,-1
031323,0,5,-1,2,-1
031323,0,6,-1,2,-1
031325,0,0,-1,1,-1
031325,0,1,-1,1,-1
031325,0,2,-1,1,-1
031325,0,3,-1,0,-1
031325,0,4,-1,0,-1
031325,0,5,-1,0,-1
031325,0,6,-1,0,-1
031327,0,0,-1,1,-1
031327,0,1,-1,1,-1
031327,0,2,-1,0,-1
031327,0,3,-1,1,-1
031327,0,4,-1,0,-1
031327,0,5,-1,0,-1
031327,0,6,-1,0,-1
031329,0,0,-1,1,-1
031329,0,1,-1,0,-1
031329,0,2,-1,0,-1
031329,0,3,-1,0,-1
031329,0,4,-1,0,-1
031329,0,5,-1,0,-1
031329,0,6,-1,0,-1
031331,0,0,-1,1,-1
031331,0,1,-1,1,-1
031331,0,2,-1,0,-1
031331,0,3,-1,1,-1
031331,0,4,-1,0,-1
031331,0,5,-1,0,-1
031331,0,6,-1,0,-1
031333,0,0,-1,0,-1
031333,0,1,-1,1,-1
031333,0,2,-1,0,-1
031333,0,3,-1,0,-1
031333,0,4,-1,0,-1
031333,0,5,-1,0,-1
031333,0,6,-1,0,-1
031335,0,0,-1,0,-1
031335,0,1,-1,0,-1
031335,0,2,-1,1,-1
031335,0,3,-1,1,-1
031335,0,4,-1,0,-1
031335,0,5,-1,0,-1
031335,0,6,-1,0,-1
031337,0,0,-1,0,-1
031337,0,1,-1,0,-1
031337,0,2,-1,1,-1
031337,0,3,-1,0,-1
031337,0,4,-1,0,-1
031337,0,5,-1,0,-1
031337,0,6,-1,0,-1
031339,0,0,-1,0,-1
031339,0,1,-1,0,-1
031339,0,2,-1,1,-1
031339,0,3,-1,0,-1
031339,0,4,-1,0,-1
031339,0,5,-1,0,-1
031339,0,6,-1,0,-1
031341,0,0,-1,0,-1
031341,0,1,-1,1,-1
031341,0,2,-1,1,-1
031341,0,3,-1,1,-1
031341,0,4,-1,0,-1
031341,0,5,-1,0,-1
031341,0,6,-1,0,-1
031343,0,0,-1,1,-1
031343,0,1,-1,1,-1
031343,0,2,-1,0,-1
031343,0,3,-1,1,-1
031343,0,4,-1,0,-1
031343,0,5,-1,0,-1
031343,0,6,-1,0,-1
031345,0,0,-1,1,-1
031345,0,1,-1,1,-1
031345,0,2,-1,0,-1
031345,0,3,-1,1,-1
031345,0,4,-1,0,-1
031345,0,5,-1,0,-1
031345,0,6,-1,0,-1
031347,0,0,-1,0,-1
031347,0,1,-1,0,-1
031347,0,2,-1,1,-1
031347,0,3,-1,1,-1
031347,0,4,-1,0,-1
031347,0,5,-1,0,-1
031347,0,6,-1,0,-1
031349,0,0,-1,0,-1
031349,0,1,-1,0,-1
031349,0,2,-1,0,-1
031349,0,3,-1,1,-1
031349,0,4,-1,0,-1
031349,0,5,-1,0,-1
031349,0,6,-1,0,-1
031351,0,0,-1,1,-1
031351,0,1,-1,1,-1
031351,0,2,-1,0,-1
031351,0,3,-1,1,-1
031351,0,4,-1,0,-1
031351,0,5,-1,0,-1
031351,0,6,-1,0,-1
031353,0,0,-1,0,-1
031353,0,1,-1,0,-1
031353,0,2,-1,0,-1
031353,0,3,-1,0,-1
031353,0,4,-1,0,-1
031353,0,5,-1,0,-1
031353,0,6,-1,0,-1
031355,0,0,-1,0,-1
031355,0,1,-1,1,-1
031355,0,2,-1,0,-1
031355,0,3,-1,1,-1
031355,0,4,-1,0,-1
031355,0,5,-1,0,-1
031355,0,6,-1,0,-1
031357,0,0,-1,0,-1
031357,0,1,-1,0,-1
031357,0,2,-1,1,-1
031357,0,3,-1,0,-1
031357,0,4,-1,0,-1
031357,0,5,-1,0,-1
031357,0,6,-1,0,-1
031359,0,0,-1,0,-1
031359,0,1,-1,0,-1
031359,0,2,-1,0,-1
031359,0,3,-1,0,-1
031359,0,4,-1,0,-1
031359,0,5,-1,0,-1
031359,0,6,-1,0,-1
031361,0,0,-1,0,-1
031361,0,1,-1,0,-1
031361,0,2,-1,0,-1
031361,0,3,-1,1,-1
031361,0,4,-1,0,-1
031361,0,5,-1,0,-1
031361,0,6,-1,0,-1
031363,0,0,-1,1,-1
031363,0,1,-1,1,-1
031363,0,2,-1,1,-1
031363,0,3,-1,0,-1
031363,0,4,-1,0,-1
031363,0,5,-1,0,-1
031363,0,6,-1,0,-1
031365,0,0,-1,0,-1
031365,0,1,-1,0,-1
031365,0,2,-1,0,-1
031365,0,3,-1,1,-1
031365,0,4,-1,0,-1
031365,0,5,-1,0,-1
031365,0,6,-1,0,-1
031367,0,0,-1,1,-1
031367,0,1,-1,1,-1
031367,0,2,-1,0,-1
031367,0,3,-1,1,-1
031367,0,4,-1,0,-1
031367,0,5,-1,0,-1
031367,0,6,-1,0,-1
031369,0,0,-1,2,-1
031369,0,1,-1,2,-1
031369,0,2,-1,2,-1
031369,0,3,-1,2,-1
031369,0,4,-1,2,-1
031369,0,5,-1,2,-1
031369,0,6,-1,2,-1
031371,0,0,-1,0,-1
031371,0,1,-1,0,-1
031371,0,2,-1,0,-1
031371,0,3,-1,0,-1
031371,0,4,-1,0,-1
031371,0,5,-1,0,-1
031371,0,6,-1,0,-1
031373,0,0,-1,0,-1
031373,0,1,-1,0,-1
031373,0,2,-1,0,-1
031373,0,3,-1,0,-1
031373,0,4,-1,0,-1
031373,0,5,-1,0,-1
031373,0,6,-1,0,-1
031375,0,0,-1,0,-1
031375,0,1,-1,1,-1
031375,0,2,-1,1,-1
031375,0,3,-1,1,-1
031375,0,4,-1,0,-1
031375,0,5,-1,0,-1
031375,0,6,-1,0,-1
031377,0,0,-1,1,-1
031377,0,1,-1,1,-1
031377,0,2,-1,1,-1
031377,0,3,-1,0,-1
031377,0,4,-1,0,-1
031377,0,5,-1,0,-1
031377,0,6,-1,0,-1
031379,0,0,-1,0,-1
031379,0,1,-1,0,-1
031379,0,2,-1,1,-1
031379,0,3,-1,1,-1
031379,0,4,-1,0,-1
031379,0,5,-1,0,-1
031379,0,6,-1,0,-1
031381,0,0,-1,1,-1
031381,0,1,-1,0,-1
031381,0,2,-1,1,-1
031381,0,3,-1,1,-1
031381,0,4,-1,0,-1
031381,0,5,-1,0,-1
031381,0,6,-1,0,-1
031383,0,0,-1,1,-1
031383,0,1,-1,1,-1
031383,0,2,-1,0,-1
031383,0,3,-1,1,-1
031383,0,4,-1,0,-1
031383,0,5,-1,0,-1
031383,0,6,-1,0,-1
031385,0,0,-1,2,-1
031385,0,1,-1,2,-1
031385,0,2,-1,2,-1
031385,0,3,-1,2,-1
031385,0,4,-1,2,-1
031385,0,5,-1,2,-1
031385,0,6,-1,2,-1
031387,0,0,-1,0,-1
031387,0,1,-1,1,-1
031387,0,2,-1,1,-1
031387,0,3,-1,1,-1
031387,0,4,-1,0,-1
031387,0,5,-1,0,-1
031387,0,6,-1,0,-1
031389,0,0,-1,1,-1
031389,0,1,-1,1,-1
031389,0,2,-1,0,-1
031389,0,3,-1,1,-1
031389,0,4,-1,0,-1
031389,0,5,-1,0,-1
031389,0,6,-1,0,-1
031391,0,0,-1,1,-1
031391,0,1,-1,1,-1
031391,0,2,-1,1,-1
031391,0,3,-1,0,-1
031391,0,4,-1,0,-1
031391,0,5,-1,0,-1
031391,0,6,-1,0,-1
031393,0,0,-1,0,-1
031393,0,1,-1,0,-1
031393,0,2,-1,1,-1
031393,0,3,-1,0,-1
031393,0,4,-1,1,-1
031393,0,5,-1,1,-1
031393,0,6,-1,0,-1
031395,0,0,-1,1,-1
031395,0,1,-1,1,-1
031395,0,2,-1,1,-1
031395,0,3,-1,0,-1
031395,0,4,-1,0,-1
031395,0,5,-1,0,-1
031395,0,6,-1,0,-1
031397,0,0,-1,0,-1
031397,0,1,-1,0,-1
031397,0,2,-1,0,-1
031397,0,3,-1,0,-1
031397,0,4,-1,0,-1
031397,0,5,-1,0,-1
031397,0,6,-1,0,-1
031399,0,0,-1,2,-1
031399,0,1,-1,2,-1
031399,0,2,-1,2,-1
031399,0,3,-1,2,-1
031399,0,4,-1,2,-1
031399,0,5,-1,2,-1
031399,0,6,-1,2,-1
031401,0,0,-1,1,-1
031401,0,1,-1,0,-1
031401,0,2,-1,1,-1
031401,0,3,-1,1,-1
031401,0,4,-1,0,-1
031401,0,5,-1,0,-1
031401,0,6,-1,0,-1
031403,0,0,-1,0,-1
031403,0,1,-1,0,-1
031403,0,2,-1,1,-1
031403,0,3,-1,0,-1
031403,0,4,-1,0,-1
031403,0,5,-1,0,-1
031403,0,6,-1,0,-1
031405,0,0,-1,0,-1
031405,0,1,-1,0,-1
031405,0,2,-1,1,-1
031405,0,3,-1,0,-1
031405,0,4,-1,0,-1
031405,0,5,-1,0,-1
031405,0,6,-1,0,-1
031407,0,0,-1,1,-1
031407,0,1,-1,1,-1
031407,0,2,-1,0,-1
031407,0,3,-1,1,-1
031407,0,4,-1,0,-1
031407,0,5,-1,0,-1
031407,0,6,-1,0,-1
031409,0,0,-1,0,-1
031409,0,1,-1,0,-1
031409,0,2,-1,1,-1
031409,0,3,-1,1,-1
031409,0,4,-1,0,-1
031409,0,5,-1,0,-1
031409,0,6,-1,0,-1
031411,0,0,-1,0,-1
031411,0,1,-1,1,-1
031411,0,2,-1,1,-1
031411,0,3,-1,1,-1
031411,0,4,-1,0,-1
031411,0,5,-1,0,-1
031411,0,6,-1,0,-1
031413,0,0,-1,1,-1
031413,0,1,-1,0,-1
031413,0,2,-1,1,-1
031413,0,3,-1,1,-1
031413,0,4,-1,0,-1
031413,0,5,-1,0,-1
031413,0,6,-1,0,-1
031415,0,0,-1,1,-1
031415,0,1,-1,0,-1
031415,0,2,-1,1,-1
031415,0,3,-1,1,-1
031415,0,4,-1,0,-1
031415,0,5,-1,0,-1
031415,0,6,-1,0,-1
031417,0,0,-1,1,-1
031417,0,1,-1,1,-1
031417,0,2,-1,1,-1
031417,0,3,-1,0,-1
031417,0,4,-1,0,-1
031417,0,5,-1,0,-1
031417,0,6,-1,0,-1
031419,0,0,-1,1,-1
031419,0,1,-1,1,-1
031419,0,2,-1,0,-1
031419,0,3,-1,1,-1
031419,0,4,-1,0,-1
031419,0,5,-1,0,-1
031419,0,6,-1,0,-1
031421,0,0,-1,1,-1
031421,0,1,-1,1,-1
031421,0,2,-1,0,-1
031421,0,3,-1,1,-1
031421,0,4,-1,0,-1
031421,0,5,-1,0,-1
031421,0,6,-1,0,-1
031423,0,0,-1,1,-1
031423,0,1,-1,0,-1
031423,0,2,-1,1,-1
031423,0,3,-1,1,-1
031423,0,4,-1,0,-1
031423,0,5,-1,0,-1
031423,0,6,-1,0,-1
031425,0,0,-1,2,-1
031425,0,1,-1,2,-1
031425,0,2,-1,2,-1
031425,0,3,-1,2,-1
031425,0,4,-1,2,-1
031425,0,5,-1,2,-1
031425,0,6,-1,2,-1
031427,0,0,-1,0,-1
031427,0,1,-1,0,-1
031427,0,2,-1,1,-1
031427,0,3,-1,0,-1
031427,0,4,-1,0,-1
031427,0,5,-1,0,-1
031427,0,6,-1,0,-1
031429,0,0,-1,1,-1
031429,0,1,-1,1,-1
031429,0,2,-1,0,-1
031429,0,3,-1,1,-1
031429,0,4,-1,0,-1
031429,0,5,-1,0,-1
031429,0,6,-1,0,-1
031431,0,0,-1,1,-1
031431,0,1,-1,1,-1
031431,0,2,-1,1,-1
031431,0,3,-1,0,-1
031431,0,4,-1,0,-1
031431,0,5,-1,0,-1
031431,0,6,-1,0,-1
031433,0,0,-1,0,-1
031433,0,1,-1,1,-1
031433,0,2,-1,1,-1
031433,0,3,-1,1,-1
031433,0,4,-1,0,-1
031433,0,5,-1,0,-1
031433,0,6,-1,0,-1
031435,0,0,-1,2,-1
031435,0,1,-1,2,-1
031435,0,2,-1,2,-1
031435,0,3,-1,2,-1
031435,0,4,-1,2,-1
031435,0,5,-1,2,-1
031435,0,6,-1,2,-1
031437,0,0,-1,1,-1
031437,0,1,-1,0,-1
031437,0,2,-1,1,-1
031437,0,3,-1,1,-1
031437,0,4,-1,0,-1
031437,0,5,-1,0,-1
031437,0,6,-1,0,-1
031439,0,0,-1,0,-1
031439,0,1,-1,0,-1
031439,0,2,-1,1,-1
031439,0,3,-1,0,-1
031439,0,4,-1,0,-1
031439,0,5,-1,0,-1
031439,0,6,-1,0,-1
031441,0,0,-1,0,-1
031441,0,1,-1,1,-1
031441,0,2,-1,1,-1
031441,0,3,-1,1,-1
031441,0,4,-1,0,-1
031441,0,5,-1,0,-1
031441,0,6,-1,0,-1
031443,0,0,-1,1,-1
031443,0,1,-1,1,-1
031443,0,2,-1,1,-1
031443,0,3,-1,0,-1
031443,0,4,-1,0,-1
031443,0,5,-1,0,-1
031443,0,6,-1,0,-1
031445,0,0,-1,1,-1
031445,0,1,-1,1,-1
031445,0,2,-1,0,-1
031445,0,3,-1,1,-1
031445,0,4,-1,0,-1
031445,0,5,-1,0,-1
031445,0,6,-1,0,-1
031447,0,0,-1,1,-1
031447,0,1,-1,1,-1
031447,0,2,-1,1,-1
031447,0,3,-1,0,-1
031447,0,4,-1,0,-1
031447,0,5,-1,0,-1
031447,0,6,-1,0,-1
031449,0,0,-1,1,-1
031449,0,1,-1,1,-1
031449,0,2,-1,1,-1
031449,0,3,-1,0,-1
031449,0,4,-1,0,-1
031449,0,5,-1,0,-1
031449,0,6,-1,0,-1
031451,0,0,-1,1,-1
031451,0,1,-1,1,-1
031451,0,2,-1,1,-1
031451,0,3,-1,0,-1
031451,0,4,-1,0,-1
031451,0,5,-1,0,-1
031451,0,6,-1,0,-1
031453,0,0,-1,0,-1
031453,0,1,-1,0,-1
031453,0,2,-1,0,-1
031453,0,3,-1,0,-1
031453,0,4,-1,0,-1
031453,0,5,-1,0,-1
031453,0,6,-1,0,-1
031455,0,0,-1,0,-1
031455,0,1,-1,0,-1
031455,0,2,-1,0,-1
031455,0,3,-1,0,-1
031455,0,4,-1,0,-1
031455,0,5,-1,0,-1
031455,0,6,-1,0,-1
031457,0,0,-1,1,-1
031457,0,1,-1,1,-1
031457,0,2,-1,1,-1
031457,0,3,-1,0,-1
031457,0,4,-1,0,-1
031457,0,5,-1,0,-1
031457,0,6,-1,0,-1
031459,0,0,-1,0,-1
031459,0,1,-1,0,-1
031459,0,2,-1,1,-1
031459,0,3,-1,0,-1
031459,0,4,-1,0,-1
031459,0,5,-1,0,-1
031459,0,6,-1,0,-1
031461,0,0,-1,1,-1
031461,0,1,-1,1,-1
031461,0,2,-1,1,-1
031461,0,3,-1,0,-1
031461,0,4,-1,0,-1
031461,0,5,-1,0,-1
031461,0,6,-1,0,-1
031463,0,0,-1,1,-1
031463,0,1,-1,1,-1
031463,0,2,-1,1,-1
031463,0,3,-1,0,-1
031463,0,4,-1,0,-1
031463,0,5,-1,0,-1
031463,0,6,-1,0,-1
031465,0,0,-1,1,-1
031465,0,1,-1,1,-1
031465,0,2,-1,1,-1
031465,0,3,-1,0,-1
031465,0,4,-1,0,-1
031465,0,5,-1,0,-1
031465,0,6,-1,0,-1
031467,0,0,-1,0,-1
031467,0,1,-1,0,-1
031467,0,2,-1,0,-1
031467,0,3,-1,0,-1
031467,0,4,-1,0,-1
031467,0,5,-1,0,-1
031467,0,6,-1,0,-1
031469,0,0,-1,0,-1
031469,0,1,-1,0,-1
031469,0,2,-1,0,-1
031469,0,3,-1,0,-1
031469,0,4,-1,0,-1
031469,0,5,-1,0,-1
031469,0,6,-1,0,-1
031471,0,0,-1,0,-1
031471,0,1,-1,0,-1
031471,0,2,-1,0,-1
031471,0,3,-1,0,-1
031471,0,4,-1,0,-1
031471,0,5,-1,0,-1
031471,0,6,-1,0,-1
031473,0,0,-1,0,-1
031473,0,1,-1,0,-1
031473,0,2,-1,0,-1
031473,0,3,-1,0,-1
031473,0,4,-1,0,-1
031473,0,5,-1,0,-1
031473,0,6,-1,0,-1
031475,0,0,-1,1,-1
031475,0,1,-1,1,-1
031475,0,2,-1,1,-1
031475,0,3,-1,0,-1
031475,0,4,-1,0,-1
031475,0,5,-1,0,-1
031475,0,6,-1,0,-1
031477,0,0,-1,1,-1
031477,0,1,-1,1,-1
031477,0,2,-1,0,-1
031477,0,3,-1,1,-1
031477,0,4,-1,0,-1
031477,0,5,-1,0,-1
031477,0,6,-1,0,-1
031479,0,0,-1,2,-1
031479,0,1,-1,2,-1
031479,0,2,-1,2,-1
031479,0,3,-1,2,-1
031479,0,4,-1,2,-1
031479,0,5,-1,2,-1
031479,0,6,-1,2,-1
031481,0,0,-1,1,-1
031481,0,1,-1,1,-1
031481,0,2,-1,0,-1
031481,0,3,-1,1,-1
031481,0,4,-1,0,-1
031481,0,5,-1,0,-1
031481,0,6,-1,0,-1
031483,0,0,-1,1,-1
031483,0,1,-1,1,-1
031483,0,2,-1,0,-1
031483,0,3,-1,0,-1
031483,0,4,-1,0,-1
031483,0,5,-1,0,-1
031483,0,6,-1,0,-1
031485,0,0,-1,0,-1
031485,0,1,-1,0,-1
031485,0,2,-1,0,-1
031485,0,3,-1,1,-1
031485,0,4,-1,0,-1
031485,0,5,-1,0,-1
031485,0,6,-1,0,-1
031487,0,0,-1,1,-1
031487,0,1,-1,1,-1
031487,0,2,-1,1,-1
031487,0,3,-1,0,-1
031487,0,4,-1,0,-1
031487,0,5,-1,0,-1
031487,0,6,-1,0,-1
031489,0,0,-1,0,-1
031489,0,1,-1,1,-1
031489,0,2,-1,0,-1
031489,0,3,-1,0,-1
031489,0,4,-1,0,-1
031489,0,5,-1,0,-1
031489,0,6,-1,0,-1
031491,0,0,-1,1,-1
031491,0,1,-1,1,-1
031491,0,2,-1,1,-1
031491,0,3,-1,0,-1
031491,0,4,-1,0,-1
031491,0,5,-1,0,-1
031491,0,6,-1,0,-1
031493,0,0,-1,1,-1
031493,0,1,-1,0,-1
031493,0,2,-1,0,-1
031493,0,3,-1,1,-1
031493,0,4,-1,1,-1
031493,0,5,-1,0,-1
031493,0,6,-1,0,-1
031495,0,0,-1,1,-1
031495,0,1,-1,1,-1
031495,0,2,-1,0,-1
031495,0,3,-1,1,-1
031495,0,4,-1,0,-1
031495,0,5,-1,0,-1
031495,0,6,-1,0,-1
031497,0,0,-1,0,-1
031497,0,1,-1,0,-1
031497,0,2,-1,1,-1
031497,0,3,-1,0,-1
031497,0,4,-1,0,-1
031497,0,5,-1,0,-1
031497,0,6,-1,0,-1
031499,0,0,-1,1,-1
031499,0,1,-1,1,-1
031499,0,2,-1,0,-1
031499,0,3,-1,1,-1
031499,0,4,-1,0,-1
031499,0,5,-1,0,-1
031499,0,6,-1,0,-1
031501,0,0,-1,2,-1
031501,0,1,-1,2,-1
031501,0,2,-1,2,-1
031501,0,3,-1,2,-1
031501,0,4,-1,2,-1
031501,0,5,-1,2,-1
031501,0,6,-1,2,-1
031503,0,0,-1,1,-1
031503,0,1,-1,1,-1
031503,0,2,-1,1,-1
031503,0,3,-1,0,-1
031503,0,4,-1,0,-1
031503,0,5,-1,0,-1
031503,0,6,-1,0,-1
031505,0,0,-1,1,-1
031505,0,1,-1,1,-1
031505,0,2,-1,1,-1
031505,0,3,-1,0,-1
031505,0,4,-1,0,-1
031505,0,5,-1,0,-1
031505,0,6,-1,0,-1
031507,0,0,-1,1,-1
031507,0,1,-1,1,-1
031507,0,2,-1,0,-1
031507,0,3,-1,1,-1
031507,0,4,-1,0,-1
031507,0,5,-1,0,-1
031507,0,6,-1,0,-1
031509,0,0,-1,1,-1
031509,0,1,-1,0,-1
031509,0,2,-1,1,-1
031509,0,3,-1,1,-1
031509,0,4,-1,0,-1
031509,0,5,-1,0,-1
031509,0,6,-1,0,-1
031511,0,0,-1,1,-1
031511,0,1,-1,0,-1
031511,0,2,-1,1,-1
031511,0,3,-1,1,-1
031511,0,4,-1,0,-1
031511,0,5,-1,0,-1
031511,0,6,-1,0,-1
031513,0,0,-1,0,-1
031513,0,1,-1,0,-1
031513,0,2,-1,0,-1
031513,0,3,-1,1,-1
031513,0,4,-1,0,-1
031513,0,5,-1,0,-1
031513,0,6,-1,0,-1
031515,0,0,-1,0,-1
031515,0,1,-1,0,-1
031515,0,2,-1,0,-1
031515,0,3,-1,1,-1
031515,0,4,-1,0,-1
031515,0,5,-1,0,-1
031515,0,6,-1,0,-1
031517,0,0,-1,1,-1
031517,0,1,-1,0,-1
031517,0,2,-1,1,-1
031517,0,3,-1,0,-1
031517,0,4,-1,0,-1
031517,0,5,-1,0,-1
031517,0,6,-1,0,-1
031519,0,0,-1,1,-1
031519,0,1,-1,1,-1
031519,0,2,-1,1,-1
031519,0,3,-1,0,-1
031519,0,4,-1,0,-1
031519,0,5,-1,0,-1
031519,0,6,-1,0,-1
033911,0,0,-1,0,-1
033911,0,1,-1,0,-1
033911,0,2,-1,0,-1
033911,0,3,-1,0,-1
033911,0,4,-1,0,-1
033911,0,5,-1,0,-1
033911,0,6,-1,0,-1
033913,0,0,-1,1,-1
033913,0,1,-1,1,-1
033913,0,2,-1,0,-1
033913,0,3,-1,1,-1
033913,0,4,-1,0,-1
033913,0,5,-1,0,-1
033913,0,6,-1,0,-1
033915,0,0,-1,1,-1
033915,0,1,-1,1,-1
033915,0,2,-1,0,-1
033915,0,3,-1,1,-1
033915,0,4,-1,0,-1
033915,0,5,-1,0,-1
033915,0,6,-1,0,-1
034677,0,0,-1,1,-1
034677,0,1,-1,1,-1
034677,0,2,-1,0,-1
034677,0,3,-1,1,-1
034677,0,4,-1,0,-1
034677,0,5,-1,0,-1
034677,0,6,-1,0,-1
034679,0,0,-1,1,-1
034679,0,1,-1,1,-1
034679,0,2,-1,0,-1
034679,0,3,-1,1,-1
034679,0,4,-1,0,-1
034679,0,5,-1,0,-1
034679,0,6,-1,0,-1
034681,0,0,-1,1,-1
034681,0,1,-1,0,-1
034681,0,2,-1,1,-1
034681,0,3,-1,1,-1
034681,0,4,-1,0,-1
034681,0,5,-1,0,-1
034681,0,6,-1,0,-1
034683,0,0,-1,0,-1
034683,0,1,-1,0,-1
034683,0,2,-1,0,-1
034683,0,3,-1,0,-1
034683,0,4,-1,0,-1
034683,0,5,-1,0,-1
034683,0,6,-1,0,-1
034685,0,0,-1,1,-1
034685,0,1,-1,1,-1
034685,0,2,-1,0,-1
034685,0,3,-1,1,-1
034685,0,4,-1,0,-1
034685,0,5,-1,0,-1
034685,0,6,-1,0,-1
034687,0,0,-1,0,-1
034687,0,1,-1,0,-1
034687,0,2,-1,1,-1
034687,0,3,-1,0,-1
034687,0,4,-1,0,-1
034687,0,5,-1,0,-1
034687,0,6,-1,0,-1
034689,0,0,-1,0,-1
034689,0,1,-1,1,-1
034689,0,2,-1,1,-1
034689,0,3,-1,1,-1
034689,0,4,-1,0,-1
034689,0,5,-1,0,-1
034689,0,6,-1,0,-1
034691,0,0,-1,0,-1
034691,0,1,-1,0,-1
034691,0,2,-1,1,-1
034691,0,3,-1,1,-1
034691,0,4,-1,0,-1
034691,0,5,-1,0,-1
034691,0,6,-1,0,-1
034741,0,0,-1,0,-1
034741,0,1,-1,1,-1
034741,0,2,-1,1,-1
034741,0,3,-1,1,-1
034741,0,4,-1,0,-1
034741,0,5,-1,0,-1
034741,0,6,-1,0,-1
034743,0,0,-1,1,-1
034743,0,1,-1,0,-1
034743,0,2,-1,1,-1
034743,0,3,-1,1,-1
034743,0,4,-1,0,-1
034743,0,5,-1,0,-1
034743,0,6,-1,0,-1
034745,0,0,-1,1,-1
034745,0,1,-1,1,-1
034745,0,2,-1,0,-1
034745,0,3,-1,1,-1
034745,0,4,-1,0,-1
034745,0,5,-1,0,-1
034745,0,6,-1,0,-1
034747,0,0,-1,1,-1
034747,0,1,-1,1,-1
034747,0,2,-1,1,-1
034747,0,3,-1,0,-1
034747,0,4,-1,0,-1
034747,0,5,-1,0,-1
034747,0,6,-1,0,-1
034749,0,0,-1,1,-1
034749,0,1,-1,1,-1
034749,0,2,-1,1,-1
034749,0,3,-1,0,-1
034749,0,4,-1,0,-1
034749,0,5,-1,0,-1
034749,0,6,-1,0,-1
034751,0,0,-1,1,-1
034751,0,1,-1,1,-1
034751,0,2,-1,1,-1
034751,0,3,-1,0,-1
034751,0,4,-1,0,-1
034751,0,5,-1,0,-1
034751,0,6,-1,0,-1
034753,0,0,-1,1,-1
034753,0,1,-1,1,-1
034753,0,2,-1,0,-1
034753,0,3,-1,0,-1
034753,0,4,-1,0,-1
034753,0,5,-1,0,-1
034753,0,6,-1,0,-1
034755,0,0,-1,1,-1
034755,0,1,-1,0,-1
034755,0,2,-1,1,-1
034755,0,3,-1,1,-1
034755,0,4,-1,0,-1
034755,0,5,-1,0,-1
034755,0,6,-1,0,-1
034757,0,0,-1,1,-1
034757,0,1,-1,0,-1
034757,0,2,-1,1,-1
034757,0,3,-1,1,-1
034757,0,4,-1,0,-1
034757,0,5,-1,0,-1
034757,0,6,-1,0,-1
034759,0,0,-1,1,-1
034759,0,1,-1,0,-1
034759,0,2,-1,0,-1
034759,0,3,-1,0,-1
034759,0,4,-1,0,-1
034759,0,5,-1,0,-1
034759,0,6,-1,0,-1
034761,0,0,-1,0,-1
034761,0,1,-1,0,-1
034761,0,2,-1,0,-1
034761,0,3,-1,0,-1
034761,0,4,-1,0,-1
034761,0,5,-1,0,-1
034761,0,6,-1,0,-1
034763,0,0,-1,1,-1
034763,0,1,-1,1,-1
034763,0,2,-1,0,-1
034763,0,3,-1,1,-1
034763,0,4,-1,0,-1
034763,0,5,-1,0,-1
034763,0,6,-1,0,-1
