JPGNumber,Race 0 Bubble 0,Race 0 Bubble 1,Race 0 Bubble 2,Race 1 Bubble 0,Race 1 Bubble 1,Race 1 Bubble 2,Race 1 Bubble 3,Race 1 Bubble 4,Race 1 Bubble 5,Race 1 Bubble 6,Race 1 Bubble 7
891,1,0,0,1,0,1,0,1,0,0,0
893,1,0,0,1,0,1,0,1,0,0,0
895,0,1,0,0,1,1,1,0,0,0,0
897,0,1,0,1,1,0,0,1,0,0,0
899,0,6,0,0,0,0,0,1,0,0,0
901,1,0,0,1,1,1,0,0,0,0,0
903,0,1,0,0,1,1,0,0,0,0,0
905,1,0,0,1,0,1,0,1,0,0,0
907,0,1,0,0,1,1,1,0,0,0,0
909,2,0,0,2,0,2,0,2,0,0,0
911,1,0,0,0,1,0,1,1,0,0,0
913,0,1,0,0,1,1,1,0,0,0,0
915,0,1,0,1,0,1,1,0,0,0,0
917,1,0,0,1,1,0,1,0,0,0,0
919,0,1,0,0,1,0,1,0,0,0,0
921,1,0,0,1,1,0,0,1,0,0,0
923,1,0,0,1,1,1,0,0,0,0,0
925,0,1,0,0,1,0,0,1,0,0,0
927,1,0,0,0,0,0,0,1,0,0,0
929,0,1,0,0,1,1,0,1,0,0,0
931,0,1,0,0,1,1,0,1,0,0,0
955,1,0,0,1,0,1,0,1,0,0,0
957,0,1,0,1,0,1,1,0,0,0,0
959,0,1,0,1,0,1,1,0,0,0,0
961,0,1,0,0,1,1,1,0,0,0,0
963,0,1,0,1,1,0,1,0,0,0,0
965,0,1,0,1,1,0,1,0,0,0,0
967,1,0,0,1,0,1,0,1,0,0,0
969,1,0,0,1,1,0,0,1,0,0,0
971,1,0,0,0,1,1,0,1,0,0,0
973,0,1,0,0,1,1,1,0,0,0,0
975,0,1,0,0,1,1,0,1,0,0,0
977,1,0,0,1,1,1,0,0,0,0,0
979,1,0,0,1,0,1,0,1,0,0,0
981,1,0,0,1,0,0,0,0,0,0,0
983,7,7,7,7,7,7,7,7,7,7,7
985,7,7,7,7,7,7,7,7,7,7,7
2273,7,7,7,7,7,7,7,7,7,7,7
2275,7,7,7,7,7,7,7,7,7,7,7
2277,7,7,7,7,7,7,7,7,7,7,7
2279,7,7,7,7,7,7,7,7,7,7,7
2281,7,7,7,7,7,7,7,7,7,7,7
2283,7,7,7,7,7,7,7,7,7,7,7
2285,7,7,7,7,7,7,7,7,7,7,7
3577,1,0,0,1,0,1,0,1,0,0,0
3579,0,5,0,1,1,1,0,0,0,0,0
3581,1,0,0,1,1,0,1,0,0,0,0
3583,1,0,0,1,1,0,1,0,0,0,0
3585,0,1,0,1,1,0,1,0,0,0,0
3587,0,1,0,0,0,1,0,0,0,0,0
3589,1,0,0,1,0,1,0,1,0,0,0
3591,1,0,0,1,0,1,0,1,0,0,0
3593,1,0,0,1,0,1,0,1,0,0,0
3595,0,1,0,0,1,1,1,0,0,0,0
3597,0,1,0,1,0,1,0,1,0,0,0
3599,0,1,0,0,1,1,1,0,0,0,0
3601,4,0,0,4,4,0,0,4,0,0,0
3603,0,1,0,0,1,1,1,0,0,0,0
3605,1,0,0,1,0,0,0,0,0,0,0
3607,2,0,0,2,2,0,0,2,0,0,0
3609,1,0,0,1,1,1,0,0,0,0,0
3611,0,1,0,0,1,0,1,0,0,0,0
3613,1,0,0,1,1,0,0,1,0,0,0
3615,0,1,0,1,1,0,0,1,0,0,0
3617,1,0,0,1,1,1,0,0,0,0,0
3619,0,1,0,1,0,0,1,1,0,0,0
3621,1,0,0,1,0,0,1,1,0,0,0
3623,0,1,0,1,1,1,0,0,0,0,0
3625,0,4,0,4,0,0,0,0,0,0,0
3627,1,0,0,1,1,0,0,1,0,0,0
3629,0,1,0,1,1,1,0,0,0,0,0
3631,1,0,0,1,0,0,1,1,0,0,0
3633,1,0,0,1,0,0,0,1,0,0,0
3635,0,1,0,0,1,1,1,0,0,0,0
3637,1,0,0,1,0,0,0,1,0,0,0
3639,0,4,0,4,4,0,0,0,0,0,0
3641,0,1,0,0,4,4,4,0,0,0,0
3643,0,1,0,0,1,1,1,0,0,0,0
3645,1,0,0,1,1,0,0,0,0,0,0
3647,1,0,0,1,1,0,0,0,0,0,0
3649,4,0,0,4,0,0,0,4,0,0,0
3651,4,0,0,4,4,0,0,4,0,0,0
3653,1,0,0,1,1,0,0,0,0,0,0
3655,1,0,0,1,0,0,0,0,0,0,0
3657,1,0,0,1,0,0,0,1,1,0,0
3659,1,0,0,1,0,1,0,1,0,0,0
3661,0,1,0,0,1,1,0,1,0,0,0
3663,2,0,0,2,0,0,0,0,0,0,0
3665,0,1,0,0,1,0,1,1,0,0,0
3667,1,0,0,1,1,1,0,1,0,0,0
3669,0,1,0,1,1,0,1,0,0,0,0
3671,1,0,0,1,0,0,0,0,0,0,0
3673,4,0,0,4,0,0,0,4,0,0,0
3675,0,4,0,0,4,4,0,4,0,0,0
3677,4,0,0,4,4,0,0,4,0,0,0
3679,4,0,0,4,4,0,0,4,0,0,0
3681,4,0,0,4,1,0,0,1,0,0,0
3683,1,0,0,1,1,0,0,1,0,0,0
3685,0,1,0,1,1,1,0,0,0,0,0
3687,1,0,0,1,1,1,0,0,0,0,0
3689,1,0,0,1,1,1,0,0,0,0,0
3691,1,0,0,1,0,0,0,1,0,0,0
3693,1,0,0,1,0,0,0,1,0,0,0
3695,4,0,0,1,0,1,0,1,0,0,0
3697,1,0,0,1,0,0,0,1,0,0,0
3699,0,1,0,1,1,1,0,0,0,0,0
3701,1,0,0,1,0,1,0,1,0,0,0
3703,1,0,0,0,0,0,0,1,1,0,0
3705,1,0,0,1,1,0,0,0,0,0,0
3707,0,1,0,1,1,0,0,0,0,0,0
3709,7,7,7,7,7,7,7,7,7,7,7
3711,7,7,7,7,7,7,7,7,7,7,7
3713,7,7,7,7,7,7,7,7,7,7,7
3715,7,7,7,7,7,7,7,7,7,7,7
3717,7,7,7,7,7,7,7,7,7,7,7
3719,7,7,7,7,7,7,7,7,7,7,7
3721,7,7,7,7,7,7,7,7,7,7,7
3723,7,7,7,7,7,7,7,7,7,7,7
3725,7,7,7,7,7,7,7,7,7,7,7
3727,7,7,7,7,7,7,7,7,7,7,7
3729,7,7,7,7,7,7,7,7,7,7,7
3731,7,7,7,7,7,7,7,7,7,7,7
3733,7,7,7,7,7,7,7,7,7,7,7
3735,7,7,7,7,7,7,7,7,7,7,7
3737,7,7,7,7,7,7,7,7,7,7,7
3739,7,7,7,7,7,7,7,7,7,7,7
3741,7,7,7,7,7,7,7,7,7,7,7
3743,7,7,7,7,7,7,7,7,7,7,7
3745,7,7,7,7,7,7,7,7,7,7,7
3747,7,7,7,7,7,7,7,7,7,7,7
3749,7,7,7,7,7,7,7,7,7,7,7
3751,0,1,0,0,0,0,0,1,0,0,0
3753,0,1,0,0,1,0,1,0,1,0,0
3755,1,0,0,1,0,0,0,1,0,0,0
3757,0,1,0,1,1,0,0,1,0,0,0
3759,1,0,0,1,0,1,0,0,1,0,0
3761,0,1,0,1,1,0,1,0,0,0,0
3763,0,1,0,1,1,0,0,1,0,0,0
3765,0,1,0,1,1,1,0,0,0,0,0
3767,0,1,0,1,1,1,0,0,0,0,0
3769,1,0,0,1,0,0,0,1,0,0,0
3771,0,1,0,1,1,1,0,0,0,0,0
3773,0,1,0,1,1,1,0,0,0,0,0
3775,1,0,0,1,0,0,0,1,0,0,0
3777,0,1,0,0,1,0,1,0,1,0,0
3779,0,1,0,0,1,1,1,0,0,0,0
3781,0,1,0,1,1,0,1,0,0,0,0
3783,0,1,0,0,1,0,1,1,0,0,0
3785,0,1,0,0,1,1,1,0,0,0,0
3787,0,1,0,0,1,1,1,0,0,0,0
3789,0,1,0,0,1,1,1,0,0,0,0
3791,5,0,0,5,0,0,0,5,0,0,0
3793,1,0,0,1,0,0,0,1,0,0,0
3795,4,0,0,4,4,0,0,4,0,0,0
3797,1,0,0,1,1,0,0,1,0,0,0
3799,0,1,0,0,1,1,0,0,0,0,0
3801,1,0,0,1,0,0,1,1,0,0,0
3803,1,0,0,1,1,1,0,0,0,0,0
3805,1,0,0,1,0,0,0,0,0,0,0
3807,1,0,0,4,4,0,0,4,0,0,0
3809,0,1,0,1,1,0,1,0,0,0,0
3811,0,1,0,1,1,0,1,0,0,0,0
3813,1,0,0,1,0,0,0,1,0,0,0
3815,1,0,0,1,1,0,0,1,0,0,0
3817,0,1,0,0,1,1,1,0,0,0,0
3819,1,0,0,4,4,0,0,1,0,0,0
3821,1,0,0,1,4,0,0,4,0,0,0
3823,0,1,0,0,1,1,1,0,0,0,0
3825,0,1,0,1,1,0,1,0,0,0,0
3827,1,0,0,1,0,0,0,1,1,0,0
3829,1,0,0,1,0,0,0,1,0,0,0
3831,1,0,0,1,0,0,0,1,0,0,0
3833,0,6,0,6,6,6,0,0,0,0,0
3835,0,1,0,0,1,1,1,0,0,0,0
3837,0,1,0,1,1,1,0,0,0,0,0
3839,0,1,0,0,1,1,1,0,0,0,0
3841,1,0,0,1,1,0,0,1,0,0,0
3843,1,0,0,1,1,0,0,1,0,0,0
3845,4,0,0,4,4,0,0,4,0,0,0
3847,0,1,0,1,0,0,1,1,0,0,0
3849,1,0,0,1,1,0,0,1,0,0,0
3851,1,0,0,1,1,1,0,0,0,0,0
3853,1,0,0,1,0,0,0,1,0,0,1
3855,0,1,0,0,1,1,1,0,0,0,0
3857,1,0,0,1,1,1,0,0,0,0,0
3859,0,1,0,0,1,1,1,0,0,0,0
3861,1,0,0,1,1,0,0,1,0,0,0
3863,0,4,0,0,4,4,4,0,0,0,0
3865,1,0,0,1,1,0,0,1,0,0,0
3867,0,1,0,0,1,1,1,0,0,0,0
3869,1,0,0,1,1,0,1,0,0,0,0
3871,0,1,0,1,1,1,0,0,0,0,0
3873,1,0,0,1,1,0,0,1,0,0,0
3875,1,0,0,4,0,4,0,4,0,0,0
3877,0,1,0,0,1,1,0,1,0,0,0
3879,0,1,0,1,1,0,1,0,0,0,0
3881,1,0,0,1,0,1,0,1,0,0,0
3883,4,0,0,4,0,0,0,4,0,0,0
3885,1,0,0,1,0,1,0,1,0,0,0
3887,1,0,0,1,0,1,0,1,0,0,0
3889,0,1,0,1,1,1,0,0,0,0,0
3891,1,0,0,1,0,0,0,1,0,0,0
3893,1,0,0,1,0,1,0,1,0,0,0
3895,1,0,0,1,0,1,0,1,0,0,0
3897,1,0,0,1,1,0,0,1,0,0,0
3899,1,0,0,0,4,4,4,0,0,0,0
3901,1,0,0,1,0,1,0,1,0,0,0
3903,0,1,0,0,1,0,4,0,0,0,0
3905,0,1,0,0,1,0,1,0,1,0,0
3907,1,0,0,4,4,0,0,4,0,0,0
3909,1,0,0,1,1,0,0,1,0,0,0
3911,0,1,0,1,0,1,0,1,0,0,0
3913,1,0,0,1,1,0,0,1,0,0,0
8139,0,1,0,0,1,1,1,6,0,0,0
8141,1,2,0,1,1,0,0,1,0,0,0
8143,0,1,0,1,1,0,6,1,0,0,0
8145,0,1,0,6,1,1,1,0,0,0,0
8147,1,0,0,1,1,1,0,0,0,0,0
11525,0,1,0,1,1,0,1,0,0,0,0
11527,1,0,0,4,4,0,0,4,0,0,0
11529,0,1,0,0,1,0,1,0,0,0,0
11531,0,1,0,0,1,1,1,0,0,0,0
11533,0,1,0,0,1,1,0,1,0,0,0
11535,0,1,0,1,1,1,0,0,0,0,0
11537,0,1,0,1,0,1,1,0,0,0,0
11539,0,1,0,0,1,0,1,1,0,0,0
11541,1,0,0,1,1,0,0,0,0,0,0
11543,1,0,0,1,1,0,0,1,0,0,0
11545,1,0,0,1,1,0,0,1,0,0,0
11547,0,1,0,0,1,0,0,0,0,0,0
11549,1,0,0,1,1,0,1,0,0,0,0
11551,0,1,0,0,1,1,0,0,0,0,0
11553,0,1,0,0,1,0,0,0,0,0,0
11555,0,1,0,1,0,1,1,0,0,0,0
11557,0,1,0,0,1,0,0,0,0,0,0
11559,0,1,0,0,1,1,1,0,0,0,0
11561,0,1,0,0,1,0,0,0,0,0,0
11563,0,1,0,0,1,0,1,1,0,0,0
11565,1,0,0,1,0,1,1,0,0,0,0
11567,0,1,0,1,0,0,0,0,0,0,0
11569,0,1,0,0,1,1,0,1,0,0,0
11571,1,0,0,0,1,1,0,1,0,0,0
11573,1,0,0,0,0,0,0,0,1,0,0
11575,1,0,0,1,1,1,0,0,0,0,0
11577,1,0,0,1,1,0,0,0,0,0,0
11579,1,0,0,1,0,0,0,0,0,0,0
11581,0,1,0,0,1,1,0,1,0,0,0
11583,0,1,0,0,1,1,0,1,0,0,0
11585,0,1,0,1,0,1,0,1,0,0,0
11587,1,0,0,1,1,1,0,0,0,0,0
11589,1,0,0,1,1,1,0,0,0,0,0
11591,1,0,0,0,1,1,1,0,0,0,0
11593,1,0,0,1,1,0,1,0,0,0,0
11595,0,1,0,5,5,5,0,0,0,0,0
11597,0,4,0,0,4,0,0,4,0,0,0
11599,0,1,0,0,1,0,0,1,0,0,0
11601,0,4,0,0,0,0,0,4,0,0,0
11603,0,4,0,4,4,0,0,0,0,0,0
11605,0,1,0,1,0,0,0,0,0,0,0
11607,1,0,0,1,0,0,0,0,0,0,0
11609,0,1,0,0,1,1,1,0,0,0,0
11611,0,2,0,0,2,2,2,0,0,0,0
11613,0,1,0,1,0,1,1,0,0,0,0
11615,0,1,0,1,0,1,1,0,0,0,0
11617,1,0,0,1,1,0,0,1,0,0,0
11619,1,0,0,1,1,0,0,1,0,0,0
11621,0,1,0,0,0,1,1,1,0,0,0
11623,0,1,0,0,1,1,1,0,0,0,0
11625,1,0,0,0,1,1,1,0,0,0,0
11627,4,0,0,0,4,0,0,0,0,0,0
11629,0,1,0,1,0,0,0,0,0,0,0
11631,0,1,0,0,1,1,0,0,0,0,0
11633,4,0,0,4,4,0,0,4,0,0,0
11635,1,0,0,1,0,1,1,0,0,0,0
11637,0,1,0,1,0,1,1,0,0,0,0
11639,1,0,0,1,0,0,0,0,0,0,0
11641,0,1,0,0,0,1,0,0,0,0,0
11643,1,0,0,1,1,1,0,0,0,0,0
11645,1,0,0,1,0,1,1,0,0,0,0
11647,0,1,0,1,1,0,0,1,0,0,0
11649,0,1,0,0,1,1,0,0,1,0,0
11651,0,2,0,0,2,0,2,2,0,0,0
11653,4,0,0,4,4,4,0,0,0,0,0
11655,0,1,0,1,1,0,1,0,0,0,0
11657,1,0,0,1,0,0,1,1,0,0,0
11659,1,0,0,1,0,0,1,1,0,0,0
11661,0,1,0,0,1,1,1,0,0,0,0
11663,1,0,0,1,1,0,0,1,0,0,0
11665,1,0,0,1,0,1,0,1,0,0,0
11667,1,0,0,1,1,1,0,0,0,0,0
11669,1,0,0,0,1,0,0,1,0,0,0
11671,0,1,0,0,1,1,1,0,0,0,0
11673,0,1,0,1,1,1,0,0,0,0,0
11675,0,1,0,1,1,1,0,0,0,0,0
11677,1,0,0,4,4,4,0,0,0,0,0
11679,0,1,0,1,1,1,0,0,0,0,0
11681,0,1,0,0,1,1,1,0,0,0,0
11683,0,1,0,1,0,1,1,0,0,0,0
11685,0,1,0,0,1,0,0,0,0,0,0
11687,0,1,0,4,4,4,0,0,0,0,0
11689,1,0,0,1,1,0,0,1,0,0,0
11691,1,0,0,1,1,0,0,1,0,0,0
11693,4,0,0,4,0,0,0,0,0,0,0
11695,0,4,0,4,0,0,4,0,0,0,0
11697,1,0,0,1,0,1,0,1,0,0,0
11699,0,1,0,0,1,0,1,0,0,0,0
11701,1,0,0,1,1,1,0,0,0,0,0
11703,0,1,0,1,0,0,1,1,0,0,0
11705,1,0,0,1,1,1,0,0,0,0,0
11707,1,0,0,1,0,0,0,1,0,0,0
11709,1,0,0,1,0,0,0,1,1,0,0
11711,0,0,0,1,1,1,0,0,0,0,0
11713,1,0,0,1,1,1,0,0,0,0,0
11715,1,0,0,4,4,0,0,4,0,0,0
11717,0,1,0,1,1,0,1,0,0,0,0
11719,1,0,0,0,0,0,0,1,0,0,0
11721,0,1,0,0,1,0,0,0,0,0,0
11723,1,0,0,1,1,1,0,0,0,0,0
11725,4,0,0,4,0,0,0,4,0,0,0
11727,1,0,0,1,1,0,0,1,0,0,0
11729,0,4,0,4,0,0,0,0,0,0,0
11731,1,0,0,0,0,1,1,1,0,0,0
11733,0,1,0,4,4,0,4,0,0,0,0
11735,1,0,0,1,1,1,0,0,0,0,0
11737,0,2,0,0,2,0,2,2,0,0,0
11739,0,1,0,0,1,1,1,0,0,0,0
11741,1,0,0,1,1,0,0,1,0,0,0
11743,0,1,0,1,1,1,0,0,0,0,0
11745,0,1,0,0,1,0,1,1,0,0,0
11747,1,0,0,1,0,1,0,1,0,0,0
11749,1,0,0,1,1,1,0,0,0,0,0
11751,0,1,0,0,0,1,1,1,0,0,0
11753,1,0,0,1,1,1,0,0,0,0,0
11755,4,0,0,4,4,0,0,4,0,0,0
11757,0,1,0,0,1,0,0,0,0,0,0
11759,0,1,0,0,1,1,1,0,0,0,0
11761,0,1,0,1,1,0,0,1,0,0,0
11763,1,0,0,0,1,1,0,1,0,0,0
11765,1,0,0,0,1,1,0,1,0,0,0
11767,0,1,0,1,1,0,0,1,0,0,0
11769,0,1,0,4,4,0,4,0,0,0,0
11771,0,1,0,0,0,1,0,0,0,0,0
11773,1,0,0,1,1,0,0,1,0,0,0
11775,1,0,0,4,0,0,0,4,0,0,0
11777,1,0,0,1,1,0,0,1,0,0,0
11779,0,1,0,0,1,1,1,0,0,0,0
11781,1,0,0,1,0,0,0,1,0,0,0
11783,1,0,0,1,1,0,0,0,0,1,0
11785,1,0,0,0,1,0,0,1,0,0,0
11787,0,1,0,0,1,0,0,1,0,0,0
11789,2,0,0,2,2,2,0,0,0,0,0
11791,0,1,0,1,1,0,1,0,0,0,0
11793,1,0,0,1,1,1,0,0,0,0,0
11795,1,0,0,1,1,0,1,0,0,0,0
11797,0,1,0,1,1,0,1,0,0,0,0
11799,0,1,0,0,0,1,0,0,0,0,0
11801,1,0,0,1,1,1,0,0,0,0,0
11803,1,0,0,1,0,0,0,0,0,0,0
11805,1,0,0,1,0,0,0,1,0,0,0
11807,1,0,0,1,0,0,0,1,0,0,0
11809,1,0,0,4,4,0,0,1,0,0,0
11811,1,0,0,0,1,1,0,1,0,0,0
11813,1,0,0,1,1,0,0,0,0,0,0
11815,0,4,0,4,0,0,4,4,0,0,0
11817,0,1,0,0,1,0,0,1,0,0,0
11819,0,1,0,1,1,0,1,0,0,0,0
11821,1,0,0,1,0,1,0,1,0,0,0
11823,1,0,0,1,1,1,0,0,0,0,0
11825,1,0,0,1,0,0,0,1,0,0,0
11827,1,0,0,0,1,0,0,1,0,0,0
11829,1,0,0,1,0,1,0,1,0,0,0
11831,0,4,0,4,4,0,0,4,0,0,0
11833,4,0,0,4,0,4,0,4,0,0,0
11835,1,0,0,1,0,0,0,1,0,0,0
11837,0,1,0,1,1,0,1,0,0,0,0
11839,1,0,0,1,1,1,0,0,0,0,0
11841,0,1,0,1,1,0,0,1,0,0,0
11843,1,0,0,1,0,1,0,1,0,0,0
11845,0,1,0,1,1,0,0,0,0,0,0
11847,0,1,0,0,1,1,1,0,0,0,0
11849,1,0,0,1,0,0,0,1,0,0,0
11851,0,1,0,0,1,0,0,0,0,0,0
11853,0,1,0,4,0,4,0,4,0,0,0
11855,0,1,0,0,1,1,1,0,0,0,0
11857,-1,-1,-1,-1,-1,-1,-1,-1,-1,-1,-1
11859,-1,-1,-1,-1,-1,-1,-1,-1,-1,-1,-1
11861,-1,-1,-1,-1,-1,-1,-1,-1,-1,-1,-1
11863,-1,-1,-1,-1,-1,-1,-1,-1,-1,-1,-1
11865,-1,-1,-1,-1,-1,-1,-1,-1,-1,-1,-1
11867,-1,-1,-1,-1,-1,-1,-1,-1,-1,-1,-1
11869,-1,-1,-1,-1,-1,-1,-1,-1,-1,-1,-1
11871,-1,-1,-1,-1,-1,-1,-1,-1,-1,-1,-1
11873,-1,-1,-1,-1,-1,-1,-1,-1,-1,-1,-1
11875,-1,-1,-1,-1,-1,-1,-1,-1,-1,-1,-1
11877,-1,-1,-1,-1,-1,-1,-1,-1,-1,-1,-1
11879,-1,-1,-1,-1,-1,-1,-1,-1,-1,-1,-1
11881,-1,-1,-1,-1,-1,-1,-1,-1,-1,-1,-1
11883,-1,-1,-1,-1,-1,-1,-1,-1,-1,-1,-1
11885,-1,-1,-1,-1,-1,-1,-1,-1,-1,-1,-1
11887,-1,-1,-1,-1,-1,-1,-1,-1,-1,-1,-1
11889,-1,-1,-1,-1,-1,-1,-1,-1,-1,-1,-1
11891,-1,-1,-1,-1,-1,-1,-1,-1,-1,-1,-1
11893,-1,-1,-1,-1,-1,-1,-1,-1,-1,-1,-1
11895,-1,-1,-1,-1,-1,-1,-1,-1,-1,-1,-1
11897,-1,-1,-1,-1,-1,-1,-1,-1,-1,-1,-1
11899,-1,-1,-1,-1,-1,-1,-1,-1,-1,-1,-1
11901,-1,-1,-1,-1,-1,-1,-1,-1,-1,-1,-1
11903,-1,-1,-1,-1,-1,-1,-1,-1,-1,-1,-1
11905,-1,-1,-1,-1,-1,-1,-1,-1,-1,-1,-1
11907,-1,-1,-1,-1,-1,-1,-1,-1,-1,-1,-1
11909,-1,-1,-1,-1,-1,-1,-1,-1,-1,-1,-1
11911,-1,-1,-1,-1,-1,-1,-1,-1,-1,-1,-1
11913,-1,-1,-1,-1,-1,-1,-1,-1,-1,-1,-1
11915,-1,-1,-1,-1,-1,-1,-1,-1,-1,-1,-1
11917,-1,-1,-1,-1,-1,-1,-1,-1,-1,-1,-1
11919,-1,-1,-1,-1,-1,-1,-1,-1,-1,-1,-1
11921,-1,-1,-1,-1,-1,-1,-1,-1,-1,-1,-1
11923,-1,-1,-1,-1,-1,-1,-1,-1,-1,-1,-1
11925,-1,-1,-1,-1,-1,-1,-1,-1,-1,-1,-1
11927,-1,-1,-1,-1,-1,-1,-1,-1,-1,-1,-1
11929,-1,-1,-1,-1,-1,-1,-1,-1,-1,-1,-1
11931,-1,-1,-1,-1,-1,-1,-1,-1,-1,-1,-1
11933,-1,-1,-1,-1,-1,-1,-1,-1,-1,-1,-1
11935,-1,-1,-1,-1,-1,-1,-1,-1,-1,-1,-1
11937,-1,-1,-1,-1,-1,-1,-1,-1,-1,-1,-1
11939,-1,-1,-1,-1,-1,-1,-1,-1,-1,-1,-1
11941,-1,-1,-1,-1,-1,-1,-1,-1,-1,-1,-1
11943,-1,-1,-1,-1,-1,-1,-1,-1,-1,-1,-1
11945,-1,-1,-1,-1,-1,-1,-1,-1,-1,-1,-1
11947,-1,-1,-1,-1,-1,-1,-1,-1,-1,-1,-1
11949,-1,-1,-1,-1,-1,-1,-1,-1,-1,-1,-1
11951,-1,-1,-1,-1,-1,-1,-1,-1,-1,-1,-1
11953,-1,-1,-1,-1,-1,-1,-1,-1,-1,-1,-1
11955,-1,-1,-1,-1,-1,-1,-1,-1,-1,-1,-1
11957,-1,-1,-1,-1,-1,-1,-1,-1,-1,-1,-1
11959,-1,-1,-1,-1,-1,-1,-1,-1,-1,-1,-1
11961,-1,-1,-1,-1,-1,-1,-1,-1,-1,-1,-1
11963,-1,-1,-1,-1,-1,-1,-1,-1,-1,-1,-1
11965,-1,-1,-1,-1,-1,-1,-1,-1,-1,-1,-1
11967,-1,-1,-1,-1,-1,-1,-1,-1,-1,-1,-1
11969,-1,-1,-1,-1,-1,-1,-1,-1,-1,-1,-1
11971,-1,-1,-1,-1,-1,-1,-1,-1,-1,-1,-1
11973,-1,-1,-1,-1,-1,-1,-1,-1,-1,-1,-1
11975,-1,-1,-1,-1,-1,-1,-1,-1,-1,-1,-1
11977,-1,-1,-1,-1,-1,-1,-1,-1,-1,-1,-1
11979,-1,-1,-1,-1,-1,-1,-1,-1,-1,-1,-1
11981,-1,-1,-1,-1,-1,-1,-1,-1,-1,-1,-1
11983,-1,-1,-1,-1,-1,-1,-1,-1,-1,-1,-1
11985,-1,-1,-1,-1,-1,-1,-1,-1,-1,-1,-1
11987,-1,-1,-1,-1,-1,-1,-1,-1,-1,-1,-1
11989,-1,-1,-1,-1,-1,-1,-1,-1,-1,-1,-1
11991,-1,-1,-1,-1,-1,-1,-1,-1,-1,-1,-1
11993,-1,-1,-1,-1,-1,-1,-1,-1,-1,-1,-1
11995,-1,-1,-1,-1,-1,-1,-1,-1,-1,-1,-1
11997,-1,-1,-1,-1,-1,-1,-1,-1,-1,-1,-1
11999,-1,-1,-1,-1,-1,-1,-1,-1,-1,-1,-1
12001,-1,-1,-1,-1,-1,-1,-1,-1,-1,-1,-1
12003,-1,-1,-1,-1,-1,-1,-1,-1,-1,-1,-1
12005,-1,-1,-1,-1,-1,-1,-1,-1,-1,-1,-1
12007,-1,-1,-1,-1,-1,-1,-1,-1,-1,-1,-1
12009,-1,-1,-1,-1,-1,-1,-1,-1,-1,-1,-1
12011,-1,-1,-1,-1,-1,-1,-1,-1,-1,-1,-1
12013,-1,-1,-1,-1,-1,-1,-1,-1,-1,-1,-1
12015,-1,-1,-1,-1,-1,-1,-1,-1,-1,-1,-1
12017,-1,-1,-1,-1,-1,-1,-1,-1,-1,-1,-1
12019,-1,-1,-1,-1,-1,-1,-1,-1,-1,-1,-1
12021,-1,-1,-1,-1,-1,-1,-1,-1,-1,-1,-1
12023,-1,-1,-1,-1,-1,-1,-1,-1,-1,-1,-1
12025,-1,-1,-1,-1,-1,-1,-1,-1,-1,-1,-1
12027,-1,-1,-1,-1,-1,-1,-1,-1,-1,-1,-1
12029,-1,-1,-1,-1,-1,-1,-1,-1,-1,-1,-1
12031,-1,-1,-1,-1,-1,-1,-1,-1,-1,-1,-1
12033,-1,-1,-1,-1,-1,-1,-1,-1,-1,-1,-1
12035,-1,-1,-1,-1,-1,-1,-1,-1,-1,-1,-1
12037,-1,-1,-1,-1,-1,-1,-1,-1,-1,-1,-1
12039,-1,-1,-1,-1,-1,-1,-1,-1,-1,-1,-1
12041,-1,-1,-1,-1,-1,-1,-1,-1,-1,-1,-1
12043,-1,-1,-1,-1,-1,-1,-1,-1,-1,-1,-1
12045,-1,-1,-1,-1,-1,-1,-1,-1,-1,-1,-1
12047,-1,-1,-1,-1,-1,-1,-1,-1,-1,-1,-1
12049,-1,-1,-1,-1,-1,-1,-1,-1,-1,-1,-1
12051,-1,-1,-1,-1,-1,-1,-1,-1,-1,-1,-1
12053,-1,-1,-1,-1,-1,-1,-1,-1,-1,-1,-1
12055,-1,-1,-1,-1,-1,-1,-1,-1,-1,-1,-1
12057,-1,-1,-1,-1,-1,-1,-1,-1,-1,-1,-1
12059,-1,-1,-1,-1,-1,-1,-1,-1,-1,-1,-1
12061,-1,-1,-1,-1,-1,-1,-1,-1,-1,-1,-1
12063,-1,-1,-1,-1,-1,-1,-1,-1,-1,-1,-1
12065,-1,-1,-1,-1,-1,-1,-1,-1,-1,-1,-1
12067,-1,-1,-1,-1,-1,-1,-1,-1,-1,-1,-1
12069,-1,-1,-1,-1,-1,-1,-1,-1,-1,-1,-1
12071,-1,-1,-1,-1,-1,-1,-1,-1,-1,-1,-1
12073,-1,-1,-1,-1,-1,-1,-1,-1,-1,-1,-1
12075,-1,-1,-1,-1,-1,-1,-1,-1,-1,-1,-1
12077,-1,-1,-1,-1,-1,-1,-1,-1,-1,-1,-1
12079,-1,-1,-1,-1,-1,-1,-1,-1,-1,-1,-1
12081,-1,-1,-1,-1,-1,-1,-1,-1,-1,-1,-1
12083,-1,-1,-1,-1,-1,-1,-1,-1,-1,-1,-1
21793,-1,-1,-1,-1,-1,-1,-1,-1,-1,-1,-1
21795,-1,-1,-1,-1,-1,-1,-1,-1,-1,-1,-1
21797,-1,-1,-1,-1,-1,-1,-1,-1,-1,-1,-1
21799,-1,-1,-1,-1,-1,-1,-1,-1,-1,-1,-1
21801,-1,-1,-1,-1,-1,-1,-1,-1,-1,-1,-1
21803,-1,-1,-1,-1,-1,-1,-1,-1,-1,-1,-1
21805,-1,-1,-1,-1,-1,-1,-1,-1,-1,-1,-1
21807,-1,-1,-1,-1,-1,-1,-1,-1,-1,-1,-1
21809,-1,-1,-1,-1,-1,-1,-1,-1,-1,-1,-1
21811,-1,-1,-1,-1,-1,-1,-1,-1,-1,-1,-1
21813,-1,-1,-1,-1,-1,-1,-1,-1,-1,-1,-1
21815,-1,-1,-1,-1,-1,-1,-1,-1,-1,-1,-1
21817,-1,-1,-1,-1,-1,-1,-1,-1,-1,-1,-1
21819,-1,-1,-1,-1,-1,-1,-1,-1,-1,-1,-1
21821,-1,-1,-1,-1,-1,-1,-1,-1,-1,-1,-1
21823,-1,-1,-1,-1,-1,-1,-1,-1,-1,-1,-1
21825,-1,-1,-1,-1,-1,-1,-1,-1,-1,-1,-1
21827,-1,-1,-1,-1,-1,-1,-1,-1,-1,-1,-1
21829,-1,-1,-1,-1,-1,-1,-1,-1,-1,-1,-1
21831,-1,-1,-1,-1,-1,-1,-1,-1,-1,-1,-1
21833,-1,-1,-1,-1,-1,-1,-1,-1,-1,-1,-1
21835,-1,-1,-1,-1,-1,-1,-1,-1,-1,-1,-1
21837,-1,-1,-1,-1,-1,-1,-1,-1,-1,-1,-1
21839,-1,-1,-1,-1,-1,-1,-1,-1,-1,-1,-1
21841,-1,-1,-1,-1,-1,-1,-1,-1,-1,-1,-1
21843,-1,-1,-1,-1,-1,-1,-1,-1,-1,-1,-1
21845,-1,-1,-1,-1,-1,-1,-1,-1,-1,-1,-1
21847,-1,-1,-1,-1,-1,-1,-1,-1,-1,-1,-1
21849,-1,-1,-1,-1,-1,-1,-1,-1,-1,-1,-1
21851,-1,-1,-1,-1,-1,-1,-1,-1,-1,-1,-1
21853,-1,-1,-1,-1,-1,-1,-1,-1,-1,-1,-1
21855,-1,-1,-1,-1,-1,-1,-1,-1,-1,-1,-1
21857,-1,-1,-1,-1,-1,-1,-1,-1,-1,-1,-1
21859,-1,-1,-1,-1,-1,-1,-1,-1,-1,-1,-1
21861,-1,-1,-1,-1,-1,-1,-1,-1,-1,-1,-1
21863,-1,-1,-1,-1,-1,-1,-1,-1,-1,-1,-1
21865,-1,-1,-1,-1,-1,-1,-1,-1,-1,-1,-1
21867,-1,-1,-1,-1,-1,-1,-1,-1,-1,-1,-1
21869,-1,-1,-1,-1,-1,-1,-1,-1,-1,-1,-1
21871,-1,-1,-1,-1,-1,-1,-1,-1,-1,-1,-1
21873,-1,-1,-1,-1,-1,-1,-1,-1,-1,-1,-1
21875,-1,-1,-1,-1,-1,-1,-1,-1,-1,-1,-1
21877,-1,-1,-1,-1,-1,-1,-1,-1,-1,-1,-1
21879,-1,-1,-1,-1,-1,-1,-1,-1,-1,-1,-1
21881,-1,-1,-1,-1,-1,-1,-1,-1,-1,-1,-1
21883,-1,-1,-1,-1,-1,-1,-1,-1,-1,-1,-1
21885,-1,-1,-1,-1,-1,-1,-1,-1,-1,-1,-1
21887,-1,-1,-1,-1,-1,-1,-1,-1,-1,-1,-1
21889,-1,-1,-1,-1,-1,-1,-1,-1,-1,-1,-1
21891,-1,-1,-1,-1,-1,-1,-1,-1,-1,-1,-1
21893,-1,-1,-1,-1,-1,-1,-1,-1,-1,-1,-1
21895,-1,-1,-1,-1,-1,-1,-1,-1,-1,-1,-1
21897,-1,-1,-1,-1,-1,-1,-1,-1,-1,-1,-1
21899,-1,-1,-1,-1,-1,-1,-1,-1,-1,-1,-1
21901,-1,-1,-1,-1,-1,-1,-1,-1,-1,-1,-1
21903,-1,-1,-1,-1,-1,-1,-1,-1,-1,-1,-1
21905,-1,-1,-1,-1,-1,-1,-1,-1,-1,-1,-1
21907,-1,-1,-1,-1,-1,-1,-1,-1,-1,-1,-1
21909,-1,-1,-1,-1,-1,-1,-1,-1,-1,-1,-1
21911,-1,-1,-1,-1,-1,-1,-1,-1,-1,-1,-1
21913,-1,-1,-1,-1,-1,-1,-1,-1,-1,-1,-1
21915,-1,-1,-1,-1,-1,-1,-1,-1,-1,-1,-1
21917,-1,-1,-1,-1,-1,-1,-1,-1,-1,-1,-1
21919,-1,-1,-1,-1,-1,-1,-1,-1,-1,-1,-1
21921,-1,-1,-1,-1,-1,-1,-1,-1,-1,-1,-1
21923,-1,-1,-1,-1,-1,-1,-1,-1,-1,-1,-1
21925,-1,-1,-1,-1,-1,-1,-1,-1,-1,-1,-1
21927,-1,-1,-1,-1,-1,-1,-1,-1,-1,-1,-1
21929,-1,-1,-1,-1,-1,-1,-1,-1,-1,-1,-1
21931,-1,-1,-1,-1,-1,-1,-1,-1,-1,-1,-1
21933,-1,-1,-1,-1,-1,-1,-1,-1,-1,-1,-1
21935,-1,-1,-1,-1,-1,-1,-1,-1,-1,-1,-1
21937,-1,-1,-1,-1,-1,-1,-1,-1,-1,-1,-1
21939,-1,-1,-1,-1,-1,-1,-1,-1,-1,-1,-1
21941,-1,-1,-1,-1,-1,-1,-1,-1,-1,-1,-1
21943,-1,-1,-1,-1,-1,-1,-1,-1,-1,-1,-1
21945,-1,-1,-1,-1,-1,-1,-1,-1,-1,-1,-1
21947,-1,-1,-1,-1,-1,-1,-1,-1,-1,-1,-1
21949,-1,-1,-1,-1,-1,-1,-1,-1,-1,-1,-1
21951,-1,-1,-1,-1,-1,-1,-1,-1,-1,-1,-1
21953,-1,-1,-1,-1,-1,-1,-1,-1,-1,-1,-1
21955,-1,-1,-1,-1,-1,-1,-1,-1,-1,-1,-1
21957,-1,-1,-1,-1,-1,-1,-1,-1,-1,-1,-1
21959,-1,-1,-1,-1,-1,-1,-1,-1,-1,-1,-1
21961,-1,-1,-1,-1,-1,-1,-1,-1,-1,-1,-1
21963,-1,-1,-1,-1,-1,-1,-1,-1,-1,-1,-1
21965,-1,-1,-1,-1,-1,-1,-1,-1,-1,-1,-1
21967,-1,-1,-1,-1,-1,-1,-1,-1,-1,-1,-1
21969,-1,-1,-1,-1,-1,-1,-1,-1,-1,-1,-1
21971,-1,-1,-1,-1,-1,-1,-1,-1,-1,-1,-1
21973,-1,-1,-1,-1,-1,-1,-1,-1,-1,-1,-1
21975,-1,-1,-1,-1,-1,-1,-1,-1,-1,-1,-1
21977,-1,-1,-1,-1,-1,-1,-1,-1,-1,-1,-1
21979,-1,-1,-1,-1,-1,-1,-1,-1,-1,-1,-1
21981,-1,-1,-1,-1,-1,-1,-1,-1,-1,-1,-1
21983,-1,-1,-1,-1,-1,-1,-1,-1,-1,-1,-1
21985,-1,-1,-1,-1,-1,-1,-1,-1,-1,-1,-1
21987,-1,-1,-1,-1,-1,-1,-1,-1,-1,-1,-1
21989,-1,-1,-1,-1,-1,-1,-1,-1,-1,-1,-1
21991,-1,-1,-1,-1,-1,-1,-1,-1,-1,-1,-1
21993,-1,-1,-1,-1,-1,-1,-1,-1,-1,-1,-1
21995,-1,-1,-1,-1,-1,-1,-1,-1,-1,-1,-1
21997,-1,-1,-1,-1,-1,-1,-1,-1,-1,-1,-1
21999,-1,-1,-1,-1,-1,-1,-1,-1,-1,-1,-1
22001,-1,-1,-1,-1,-1,-1,-1,-1,-1,-1,-1
22003,-1,-1,-1,-1,-1,-1,-1,-1,-1,-1,-1
22005,-1,-1,-1,-1,-1,-1,-1,-1,-1,-1,-1
22007,-1,-1,-1,-1,-1,-1,-1,-1,-1,-1,-1
22009,-1,-1,-1,-1,-1,-1,-1,-1,-1,-1,-1
22011,-1,-1,-1,-1,-1,-1,-1,-1,-1,-1,-1
22013,-1,-1,-1,-1,-1,-1,-1,-1,-1,-1,-1
22015,-1,-1,-1,-1,-1,-1,-1,-1,-1,-1,-1
22017,-1,-1,-1,-1,-1,-1,-1,-1,-1,-1,-1
22019,-1,-1,-1,-1,-1,-1,-1,-1,-1,-1,-1
22021,-1,-1,-1,-1,-1,-1,-1,-1,-1,-1,-1
22023,-1,-1,-1,-1,-1,-1,-1,-1,-1,-1,-1
22025,-1,-1,-1,-1,-1,-1,-1,-1,-1,-1,-1
22027,-1,-1,-1,-1,-1,-1,-1,-1,-1,-1,-1
22029,-1,-1,-1,-1,-1,-1,-1,-1,-1,-1,-1
22031,-1,-1,-1,-1,-1,-1,-1,-1,-1,-1,-1
22033,-1,-1,-1,-1,-1,-1,-1,-1,-1,-1,-1
22035,-1,-1,-1,-1,-1,-1,-1,-1,-1,-1,-1
22037,-1,-1,-1,-1,-1,-1,-1,-1,-1,-1,-1
22039,-1,-1,-1,-1,-1,-1,-1,-1,-1,-1,-1
22041,-1,-1,-1,-1,-1,-1,-1,-1,-1,-1,-1
22043,-1,-1,-1,-1,-1,-1,-1,-1,-1,-1,-1
22045,-1,-1,-1,-1,-1,-1,-1,-1,-1,-1,-1
22047,-1,-1,-1,-1,-1,-1,-1,-1,-1,-1,-1
22049,-1,-1,-1,-1,-1,-1,-1,-1,-1,-1,-1
22051,-1,-1,-1,-1,-1,-1,-1,-1,-1,-1,-1
22053,-1,-1,-1,-1,-1,-1,-1,-1,-1,-1,-1
22055,-1,-1,-1,-1,-1,-1,-1,-1,-1,-1,-1
22057,-1,-1,-1,-1,-1,-1,-1,-1,-1,-1,-1
22059,-1,-1,-1,-1,-1,-1,-1,-1,-1,-1,-1
22061,-1,-1,-1,-1,-1,-1,-1,-1,-1,-1,-1
22063,-1,-1,-1,-1,-1,-1,-1,-1,-1,-1,-1
22065,-1,-1,-1,-1,-1,-1,-1,-1,-1,-1,-1
22067,-1,-1,-1,-1,-1,-1,-1,-1,-1,-1,-1
22069,-1,-1,-1,-1,-1,-1,-1,-1,-1,-1,-1
22071,-1,-1,-1,-1,-1,-1,-1,-1,-1,-1,-1
22073,-1,-1,-1,-1,-1,-1,-1,-1,-1,-1,-1
22075,-1,-1,-1,-1,-1,-1,-1,-1,-1,-1,-1
22077,-1,-1,-1,-1,-1,-1,-1,-1,-1,-1,-1
22079,-1,-1,-1,-1,-1,-1,-1,-1,-1,-1,-1
22081,-1,-1,-1,-1,-1,-1,-1,-1,-1,-1,-1
22083,-1,-1,-1,-1,-1,-1,-1,-1,-1,-1,-1
22085,-1,-1,-1,-1,-1,-1,-1,-1,-1,-1,-1
22087,-1,-1,-1,-1,-1,-1,-1,-1,-1,-1,-1
22089,-1,-1,-1,-1,-1,-1,-1,-1,-1,-1,-1
22091,-1,-1,-1,-1,-1,-1,-1,-1,-1,-1,-1
22093,-1,-1,-1,-1,-1,-1,-1,-1,-1,-1,-1
22095,-1,-1,-1,-1,-1,-1,-1,-1,-1,-1,-1
22097,-1,-1,-1,-1,-1,-1,-1,-1,-1,-1,-1
22099,-1,-1,-1,-1,-1,-1,-1,-1,-1,-1,-1
22101,-1,-1,-1,-1,-1,-1,-1,-1,-1,-1,-1
22103,-1,-1,-1,-1,-1,-1,-1,-1,-1,-1,-1
22105,-1,-1,-1,-1,-1,-1,-1,-1,-1,-1,-1
22107,-1,-1,-1,-1,-1,-1,-1,-1,-1,-1,-1
22109,-1,-1,-1,-1,-1,-1,-1,-1,-1,-1,-1
22111,-1,-1,-1,-1,-1,-1,-1,-1,-1,-1,-1
22113,-1,-1,-1,-1,-1,-1,-1,-1,-1,-1,-1
22115,-1,-1,-1,-1,-1,-1,-1,-1,-1,-1,-1
22117,-1,-1,-1,-1,-1,-1,-1,-1,-1,-1,-1
22119,-1,-1,-1,-1,-1,-1,-1,-1,-1,-1,-1
22121,-1,-1,-1,-1,-1,-1,-1,-1,-1,-1,-1
22123,-1,-1,-1,-1,-1,-1,-1,-1,-1,-1,-1
22125,-1,-1,-1,-1,-1,-1,-1,-1,-1,-1,-1
22127,-1,-1,-1,-1,-1,-1,-1,-1,-1,-1,-1
22129,-1,-1,-1,-1,-1,-1,-1,-1,-1,-1,-1
22131,-1,-1,-1,-1,-1,-1,-1,-1,-1,-1,-1
22133,-1,-1,-1,-1,-1,-1,-1,-1,-1,-1,-1
22135,-1,-1,-1,-1,-1,-1,-1,-1,-1,-1,-1
22137,-1,-1,-1,-1,-1,-1,-1,-1,-1,-1,-1
22139,-1,-1,-1,-1,-1,-1,-1,-1,-1,-1,-1
22141,-1,-1,-1,-1,-1,-1,-1,-1,-1,-1,-1
22143,-1,-1,-1,-1,-1,-1,-1,-1,-1,-1,-1
22145,-1,-1,-1,-1,-1,-1,-1,-1,-1,-1,-1
22147,-1,-1,-1,-1,-1,-1,-1,-1,-1,-1,-1
22149,-1,-1,-1,-1,-1,-1,-1,-1,-1,-1,-1
22151,-1,-1,-1,-1,-1,-1,-1,-1,-1,-1,-1
22153,-1,-1,-1,-1,-1,-1,-1,-1,-1,-1,-1
22155,-1,-1,-1,-1,-1,-1,-1,-1,-1,-1,-1
22157,-1,-1,-1,-1,-1,-1,-1,-1,-1,-1,-1
22159,-1,-1,-1,-1,-1,-1,-1,-1,-1,-1,-1
22161,-1,-1,-1,-1,-1,-1,-1,-1,-1,-1,-1
22163,-1,-1,-1,-1,-1,-1,-1,-1,-1,-1,-1
22165,-1,-1,-1,-1,-1,-1,-1,-1,-1,-1,-1
22167,-1,-1,-1,-1,-1,-1,-1,-1,-1,-1,-1
22169,-1,-1,-1,-1,-1,-1,-1,-1,-1,-1,-1
22171,-1,-1,-1,-1,-1,-1,-1,-1,-1,-1,-1
22173,-1,-1,-1,-1,-1,-1,-1,-1,-1,-1,-1
22175,-1,-1,-1,-1,-1,-1,-1,-1,-1,-1,-1
22177,-1,-1,-1,-1,-1,-1,-1,-1,-1,-1,-1
22179,-1,-1,-1,-1,-1,-1,-1,-1,-1,-1,-1
22181,-1,-1,-1,-1,-1,-1,-1,-1,-1,-1,-1
22183,-1,-1,-1,-1,-1,-1,-1,-1,-1,-1,-1
22185,-1,-1,-1,-1,-1,-1,-1,-1,-1,-1,-1
22187,-1,-1,-1,-1,-1,-1,-1,-1,-1,-1,-1
22189,-1,-1,-1,-1,-1,-1,-1,-1,-1,-1,-1
22191,-1,-1,-1,-1,-1,-1,-1,-1,-1,-1,-1
22193,-1,-1,-1,-1,-1,-1,-1,-1,-1,-1,-1
22195,-1,-1,-1,-1,-1,-1,-1,-1,-1,-1,-1
22197,-1,-1,-1,-1,-1,-1,-1,-1,-1,-1,-1
22199,-1,-1,-1,-1,-1,-1,-1,-1,-1,-1,-1
22201,-1,-1,-1,-1,-1,-1,-1,-1,-1,-1,-1
22203,-1,-1,-1,-1,-1,-1,-1,-1,-1,-1,-1
22205,-1,-1,-1,-1,-1,-1,-1,-1,-1,-1,-1
22207,-1,-1,-1,-1,-1,-1,-1,-1,-1,-1,-1
22209,-1,-1,-1,-1,-1,-1,-1,-1,-1,-1,-1
22211,-1,-1,-1,-1,-1,-1,-1,-1,-1,-1,-1
22213,-1,-1,-1,-1,-1,-1,-1,-1,-1,-1,-1
22215,-1,-1,-1,-1,-1,-1,-1,-1,-1,-1,-1
22217,-1,-1,-1,-1,-1,-1,-1,-1,-1,-1,-1
22219,-1,-1,-1,-1,-1,-1,-1,-1,-1,-1,-1
22221,-1,-1,-1,-1,-1,-1,-1,-1,-1,-1,-1
22223,-1,-1,-1,-1,-1,-1,-1,-1,-1,-1,-1
22225,-1,-1,-1,-1,-1,-1,-1,-1,-1,-1,-1
22227,-1,-1,-1,-1,-1,-1,-1,-1,-1,-1,-1
22229,-1,-1,-1,-1,-1,-1,-1,-1,-1,-1,-1
22231,-1,-1,-1,-1,-1,-1,-1,-1,-1,-1,-1
22233,-1,-1,-1,-1,-1,-1,-1,-1,-1,-1,-1
22235,-1,-1,-1,-1,-1,-1,-1,-1,-1,-1,-1
22237,-1,-1,-1,-1,-1,-1,-1,-1,-1,-1,-1
22239,-1,-1,-1,-1,-1,-1,-1,-1,-1,-1,-1
22241,-1,-1,-1,-1,-1,-1,-1,-1,-1,-1,-1
22243,-1,-1,-1,-1,-1,-1,-1,-1,-1,-1,-1
22245,-1,-1,-1,-1,-1,-1,-1,-1,-1,-1,-1
22247,-1,-1,-1,-1,-1,-1,-1,-1,-1,-1,-1
22249,-1,-1,-1,-1,-1,-1,-1,-1,-1,-1,-1
22251,-1,-1,-1,-1,-1,-1,-1,-1,-1,-1,-1
22253,-1,-1,-1,-1,-1,-1,-1,-1,-1,-1,-1
22255,-1,-1,-1,-1,-1,-1,-1,-1,-1,-1,-1
22257,-1,-1,-1,-1,-1,-1,-1,-1,-1,-1,-1
22259,-1,-1,-1,-1,-1,-1,-1,-1,-1,-1,-1
22261,-1,-1,-1,-1,-1,-1,-1,-1,-1,-1,-1
22263,-1,-1,-1,-1,-1,-1,-1,-1,-1,-1,-1
22265,-1,-1,-1,-1,-1,-1,-1,-1,-1,-1,-1
22267,-1,-1,-1,-1,-1,-1,-1,-1,-1,-1,-1
22269,-1,-1,-1,-1,-1,-1,-1,-1,-1,-1,-1
22271,-1,-1,-1,-1,-1,-1,-1,-1,-1,-1,-1
22273,-1,-1,-1,-1,-1,-1,-1,-1,-1,-1,-1
22275,-1,-1,-1,-1,-1,-1,-1,-1,-1,-1,-1
22277,-1,-1,-1,-1,-1,-1,-1,-1,-1,-1,-1
22279,-1,-1,-1,-1,-1,-1,-1,-1,-1,-1,-1
22281,-1,-1,-1,-1,-1,-1,-1,-1,-1,-1,-1
22283,-1,-1,-1,-1,-1,-1,-1,-1,-1,-1,-1
22285,-1,-1,-1,-1,-1,-1,-1,-1,-1,-1,-1
22287,-1,-1,-1,-1,-1,-1,-1,-1,-1,-1,-1
22289,-1,-1,-1,-1,-1,-1,-1,-1,-1,-1,-1
22291,-1,-1,-1,-1,-1,-1,-1,-1,-1,-1,-1
22293,-1,-1,-1,-1,-1,-1,-1,-1,-1,-1,-1
22295,-1,-1,-1,-1,-1,-1,-1,-1,-1,-1,-1
22297,-1,-1,-1,-1,-1,-1,-1,-1,-1,-1,-1
22299,-1,-1,-1,-1,-1,-1,-1,-1,-1,-1,-1
22301,-1,-1,-1,-1,-1,-1,-1,-1,-1,-1,-1
22303,-1,-1,-1,-1,-1,-1,-1,-1,-1,-1,-1
22305,-1,-1,-1,-1,-1,-1,-1,-1,-1,-1,-1
22307,-1,-1,-1,-1,-1,-1,-1,-1,-1,-1,-1
22309,-1,-1,-1,-1,-1,-1,-1,-1,-1,-1,-1
22311,-1,-1,-1,-1,-1,-1,-1,-1,-1,-1,-1
22313,-1,-1,-1,-1,-1,-1,-1,-1,-1,-1,-1
22315,-1,-1,-1,-1,-1,-1,-1,-1,-1,-1,-1
22317,-1,-1,-1,-1,-1,-1,-1,-1,-1,-1,-1
22319,-1,-1,-1,-1,-1,-1,-1,-1,-1,-1,-1
22321,-1,-1,-1,-1,-1,-1,-1,-1,-1,-1,-1
22323,-1,-1,-1,-1,-1,-1,-1,-1,-1,-1,-1
22325,-1,-1,-1,-1,-1,-1,-1,-1,-1,-1,-1
22327,-1,-1,-1,-1,-1,-1,-1,-1,-1,-1,-1
22329,-1,-1,-1,-1,-1,-1,-1,-1,-1,-1,-1
22331,-1,-1,-1,-1,-1,-1,-1,-1,-1,-1,-1
22333,-1,-1,-1,-1,-1,-1,-1,-1,-1,-1,-1
22335,-1,-1,-1,-1,-1,-1,-1,-1,-1,-1,-1
22337,-1,-1,-1,-1,-1,-1,-1,-1,-1,-1,-1
22339,-1,-1,-1,-1,-1,-1,-1,-1,-1,-1,-1
22341,-1,-1,-1,-1,-1,-1,-1,-1,-1,-1,-1
22343,-1,-1,-1,-1,-1,-1,-1,-1,-1,-1,-1
22345,-1,-1,-1,-1,-1,-1,-1,-1,-1,-1,-1
22347,-1,-1,-1,-1,-1,-1,-1,-1,-1,-1,-1
22349,-1,-1,-1,-1,-1,-1,-1,-1,-1,-1,-1
22351,-1,-1,-1,-1,-1,-1,-1,-1,-1,-1,-1
22353,-1,-1,-1,-1,-1,-1,-1,-1,-1,-1,-1
22355,-1,-1,-1,-1,-1,-1,-1,-1,-1,-1,-1
22357,-1,-1,-1,-1,-1,-1,-1,-1,-1,-1,-1
22359,-1,-1,-1,-1,-1,-1,-1,-1,-1,-1,-1
22361,-1,-1,-1,-1,-1,-1,-1,-1,-1,-1,-1
22363,-1,-1,-1,-1,-1,-1,-1,-1,-1,-1,-1
22365,-1,-1,-1,-1,-1,-1,-1,-1,-1,-1,-1
22367,-1,-1,-1,-1,-1,-1,-1,-1,-1,-1,-1
22369,-1,-1,-1,-1,-1,-1,-1,-1,-1,-1,-1
22371,-1,-1,-1,-1,-1,-1,-1,-1,-1,-1,-1
22373,-1,-1,-1,-1,-1,-1,-1,-1,-1,-1,-1
22375,-1,-1,-1,-1,-1,-1,-1,-1,-1,-1,-1
22377,-1,-1,-1,-1,-1,-1,-1,-1,-1,-1,-1
22379,-1,-1,-1,-1,-1,-1,-1,-1,-1,-1,-1
22381,-1,-1,-1,-1,-1,-1,-1,-1,-1,-1,-1
22383,-1,-1,-1,-1,-1,-1,-1,-1,-1,-1,-1
22385,-1,-1,-1,-1,-1,-1,-1,-1,-1,-1,-1
22387,-1,-1,-1,-1,-1,-1,-1,-1,-1,-1,-1
22389,-1,-1,-1,-1,-1,-1,-1,-1,-1,-1,-1
22391,-1,-1,-1,-1,-1,-1,-1,-1,-1,-1,-1
22393,-1,-1,-1,-1,-1,-1,-1,-1,-1,-1,-1
22395,-1,-1,-1,-1,-1,-1,-1,-1,-1,-1,-1
22397,-1,-1,-1,-1,-1,-1,-1,-1,-1,-1,-1
22399,-1,-1,-1,-1,-1,-1,-1,-1,-1,-1,-1
22401,-1,-1,-1,-1,-1,-1,-1,-1,-1,-1,-1
22403,-1,-1,-1,-1,-1,-1,-1,-1,-1,-1,-1
22405,-1,-1,-1,-1,-1,-1,-1,-1,-1,-1,-1
22407,-1,-1,-1,-1,-1,-1,-1,-1,-1,-1,-1
22409,-1,-1,-1,-1,-1,-1,-1,-1,-1,-1,-1
22411,-1,-1,-1,-1,-1,-1,-1,-1,-1,-1,-1
22413,-1,-1,-1,-1,-1,-1,-1,-1,-1,-1,-1
22415,-1,-1,-1,-1,-1,-1,-1,-1,-1,-1,-1
22417,-1,-1,-1,-1,-1,-1,-1,-1,-1,-1,-1
22419,-1,-1,-1,-1,-1,-1,-1,-1,-1,-1,-1
22421,-1,-1,-1,-1,-1,-1,-1,-1,-1,-1,-1
22423,-1,-1,-1,-1,-1,-1,-1,-1,-1,-1,-1
22425,-1,-1,-1,-1,-1,-1,-1,-1,-1,-1,-1
22427,-1,-1,-1,-1,-1,-1,-1,-1,-1,-1,-1
22429,-1,-1,-1,-1,-1,-1,-1,-1,-1,-1,-1
22431,-1,-1,-1,-1,-1,-1,-1,-1,-1,-1,-1
22433,-1,-1,-1,-1,-1,-1,-1,-1,-1,-1,-1
22435,-1,-1,-1,-1,-1,-1,-1,-1,-1,-1,-1
22437,-1,-1,-1,-1,-1,-1,-1,-1,-1,-1,-1
22439,-1,-1,-1,-1,-1,-1,-1,-1,-1,-1,-1
22441,-1,-1,-1,-1,-1,-1,-1,-1,-1,-1,-1
22443,-1,-1,-1,-1,-1,-1,-1,-1,-1,-1,-1
22445,-1,-1,-1,-1,-1,-1,-1,-1,-1,-1,-1
22447,-1,-1,-1,-1,-1,-1,-1,-1,-1,-1,-1
22449,-1,-1,-1,-1,-1,-1,-1,-1,-1,-1,-1
22451,-1,-1,-1,-1,-1,-1,-1,-1,-1,-1,-1
22453,-1,-1,-1,-1,-1,-1,-1,-1,-1,-1,-1
22455,-1,-1,-1,-1,-1,-1,-1,-1,-1,-1,-1
22457,-1,-1,-1,-1,-1,-1,-1,-1,-1,-1,-1
22459,-1,-1,-1,-1,-1,-1,-1,-1,-1,-1,-1
22461,-1,-1,-1,-1,-1,-1,-1,-1,-1,-1,-1
22463,-1,-1,-1,-1,-1,-1,-1,-1,-1,-1,-1
22465,-1,-1,-1,-1,-1,-1,-1,-1,-1,-1,-1
22467,-1,-1,-1,-1,-1,-1,-1,-1,-1,-1,-1
22469,-1,-1,-1,-1,-1,-1,-1,-1,-1,-1,-1
22471,-1,-1,-1,-1,-1,-1,-1,-1,-1,-1,-1
22473,-1,-1,-1,-1,-1,-1,-1,-1,-1,-1,-1
22475,-1,-1,-1,-1,-1,-1,-1,-1,-1,-1,-1
22477,-1,-1,-1,-1,-1,-1,-1,-1,-1,-1,-1
22479,-1,-1,-1,-1,-1,-1,-1,-1,-1,-1,-1
22481,-1,-1,-1,-1,-1,-1,-1,-1,-1,-1,-1
22483,-1,-1,-1,-1,-1,-1,-1,-1,-1,-1,-1
22485,-1,-1,-1,-1,-1,-1,-1,-1,-1,-1,-1
22487,-1,-1,-1,-1,-1,-1,-1,-1,-1,-1,-1
22489,-1,-1,-1,-1,-1,-1,-1,-1,-1,-1,-1
22491,-1,-1,-1,-1,-1,-1,-1,-1,-1,-1,-1
22493,-1,-1,-1,-1,-1,-1,-1,-1,-1,-1,-1
22495,-1,-1,-1,-1,-1,-1,-1,-1,-1,-1,-1
22497,-1,-1,-1,-1,-1,-1,-1,-1,-1,-1,-1
22499,-1,-1,-1,-1,-1,-1,-1,-1,-1,-1,-1
22501,-1,-1,-1,-1,-1,-1,-1,-1,-1,-1,-1
22503,-1,-1,-1,-1,-1,-1,-1,-1,-1,-1,-1
22505,-1,-1,-1,-1,-1,-1,-1,-1,-1,-1,-1
22507,-1,-1,-1,-1,-1,-1,-1,-1,-1,-1,-1
22509,-1,-1,-1,-1,-1,-1,-1,-1,-1,-1,-1
22511,-1,-1,-1,-1,-1,-1,-1,-1,-1,-1,-1
22513,-1,-1,-1,-1,-1,-1,-1,-1,-1,-1,-1
22515,-1,-1,-1,-1,-1,-1,-1,-1,-1,-1,-1
22517,-1,-1,-1,-1,-1,-1,-1,-1,-1,-1,-1
22519,-1,-1,-1,-1,-1,-1,-1,-1,-1,-1,-1
22521,-1,-1,-1,-1,-1,-1,-1,-1,-1,-1,-1
22523,-1,-1,-1,-1,-1,-1,-1,-1,-1,-1,-1
22525,-1,-1,-1,-1,-1,-1,-1,-1,-1,-1,-1
22527,-1,-1,-1,-1,-1,-1,-1,-1,-1,-1,-1
22529,-1,-1,-1,-1,-1,-1,-1,-1,-1,-1,-1
22531,-1,-1,-1,-1,-1,-1,-1,-1,-1,-1,-1
22533,-1,-1,-1,-1,-1,-1,-1,-1,-1,-1,-1
22535,-1,-1,-1,-1,-1,-1,-1,-1,-1,-1,-1
22537,-1,-1,-1,-1,-1,-1,-1,-1,-1,-1,-1
22539,-1,-1,-1,-1,-1,-1,-1,-1,-1,-1,-1
22541,-1,-1,-1,-1,-1,-1,-1,-1,-1,-1,-1
22543,-1,-1,-1,-1,-1,-1,-1,-1,-1,-1,-1
22545,-1,-1,-1,-1,-1,-1,-1,-1,-1,-1,-1
22547,-1,-1,-1,-1,-1,-1,-1,-1,-1,-1,-1
22549,-1,-1,-1,-1,-1,-1,-1,-1,-1,-1,-1
22551,-1,-1,-1,-1,-1,-1,-1,-1,-1,-1,-1
22553,-1,-1,-1,-1,-1,-1,-1,-1,-1,-1,-1
22555,-1,-1,-1,-1,-1,-1,-1,-1,-1,-1,-1
22557,-1,-1,-1,-1,-1,-1,-1,-1,-1,-1,-1
22559,-1,-1,-1,-1,-1,-1,-1,-1,-1,-1,-1
22561,-1,-1,-1,-1,-1,-1,-1,-1,-1,-1,-1
22563,-1,-1,-1,-1,-1,-1,-1,-1,-1,-1,-1
22565,-1,-1,-1,-1,-1,-1,-1,-1,-1,-1,-1
22567,-1,-1,-1,-1,-1,-1,-1,-1,-1,-1,-1
22569,-1,-1,-1,-1,-1,-1,-1,-1,-1,-1,-1
22571,-1,-1,-1,-1,-1,-1,-1,-1,-1,-1,-1
22573,-1,-1,-1,-1,-1,-1,-1,-1,-1,-1,-1
22575,-1,-1,-1,-1,-1,-1,-1,-1,-1,-1,-1
22577,-1,-1,-1,-1,-1,-1,-1,-1,-1,-1,-1
22579,-1,-1,-1,-1,-1,-1,-1,-1,-1,-1,-1
22581,-1,-1,-1,-1,-1,-1,-1,-1,-1,-1,-1
22583,-1,-1,-1,-1,-1,-1,-1,-1,-1,-1,-1
22585,-1,-1,-1,-1,-1,-1,-1,-1,-1,-1,-1
22587,-1,-1,-1,-1,-1,-1,-1,-1,-1,-1,-1
22589,-1,-1,-1,-1,-1,-1,-1,-1,-1,-1,-1
22591,-1,-1,-1,-1,-1,-1,-1,-1,-1,-1,-1
22593,-1,-1,-1,-1,-1,-1,-1,-1,-1,-1,-1
22595,-1,-1,-1,-1,-1,-1,-1,-1,-1,-1,-1
22597,-1,-1,-1,-1,-1,-1,-1,-1,-1,-1,-1
22599,-1,-1,-1,-1,-1,-1,-1,-1,-1,-1,-1
22601,-1,-1,-1,-1,-1,-1,-1,-1,-1,-1,-1
22603,-1,-1,-1,-1,-1,-1,-1,-1,-1,-1,-1
22605,-1,-1,-1,-1,-1,-1,-1,-1,-1,-1,-1
22607,-1,-1,-1,-1,-1,-1,-1,-1,-1,-1,-1
22609,-1,-1,-1,-1,-1,-1,-1,-1,-1,-1,-1
22611,-1,-1,-1,-1,-1,-1,-1,-1,-1,-1,-1
22613,-1,-1,-1,-1,-1,-1,-1,-1,-1,-1,-1
22615,-1,-1,-1,-1,-1,-1,-1,-1,-1,-1,-1
22617,-1,-1,-1,-1,-1,-1,-1,-1,-1,-1,-1
22619,-1,-1,-1,-1,-1,-1,-1,-1,-1,-1,-1
22621,-1,-1,-1,-1,-1,-1,-1,-1,-1,-1,-1
22623,-1,-1,-1,-1,-1,-1,-1,-1,-1,-1,-1
22625,-1,-1,-1,-1,-1,-1,-1,-1,-1,-1,-1
22627,-1,-1,-1,-1,-1,-1,-1,-1,-1,-1,-1
22629,-1,-1,-1,-1,-1,-1,-1,-1,-1,-1,-1
22631,-1,-1,-1,-1,-1,-1,-1,-1,-1,-1,-1
33781,-1,-1,-1,-1,-1,-1,-1,-1,-1,-1,-1
33783,-1,-1,-1,-1,-1,-1,-1,-1,-1,-1,-1
33785,-1,-1,-1,-1,-1,-1,-1,-1,-1,-1,-1
33787,-1,-1,-1,-1,-1,-1,-1,-1,-1,-1,-1
33789,-1,-1,-1,-1,-1,-1,-1,-1,-1,-1,-1
33791,-1,-1,-1,-1,-1,-1,-1,-1,-1,-1,-1
34871,-1,-1,-1,-1,-1,-1,-1,-1,-1,-1,-1
34873,-1,-1,-1,-1,-1,-1,-1,-1,-1,-1,-1
34875,-1,-1,-1,-1,-1,-1,-1,-1,-1,-1,-1
34877,-1,-1,-1,-1,-1,-1,-1,-1,-1,-1,-1
34879,-1,-1,-1,-1,-1,-1,-1,-1,-1,-1,-1
34881,-1,-1,-1,-1,-1,-1,-1,-1,-1,-1,-1
34883,-1,-1,-1,-1,-1,-1,-1,-1,-1,-1,-1
34885,-1,-1,-1,-1,-1,-1,-1,-1,-1,-1,-1
34887,-1,-1,-1,-1,-1,-1,-1,-1,-1,-1,-1
34889,-1,-1,-1,-1,-1,-1,-1,-1,-1,-1,-1
34891,-1,-1,-1,-1,-1,-1,-1,-1,-1,-1,-1
34893,-1,-1,-1,-1,-1,-1,-1,-1,-1,-1,-1
34895,-1,-1,-1,-1,-1,-1,-1,-1,-1,-1,-1
34897,-1,-1,-1,-1,-1,-1,-1,-1,-1,-1,-1
34899,-1,-1,-1,-1,-1,-1,-1,-1,-1,-1,-1
34901,-1,-1,-1,-1,-1,-1,-1,-1,-1,-1,-1
34903,-1,-1,-1,-1,-1,-1,-1,-1,-1,-1,-1
34905,-1,-1,-1,-1,-1,-1,-1,-1,-1,-1,-1
34907,-1,-1,-1,-1,-1,-1,-1,-1,-1,-1,-1
34909,-1,-1,-1,-1,-1,-1,-1,-1,-1,-1,-1
34911,-1,-1,-1,-1,-1,-1,-1,-1,-1,-1,-1
34913,-1,-1,-1,-1,-1,-1,-1,-1,-1,-1,-1
34915,-1,-1,-1,-1,-1,-1,-1,-1,-1,-1,-1
34917,-1,-1,-1,-1,-1,-1,-1,-1,-1,-1,-1
34919,-1,-1,-1,-1,-1,-1,-1,-1,-1,-1,-1
34921,-1,-1,-1,-1,-1,-1,-1,-1,-1,-1,-1
34923,-1,-1,-1,-1,-1,-1,-1,-1,-1,-1,-1
34925,-1,-1,-1,-1,-1,-1,-1,-1,-1,-1,-1
34927,-1,-1,-1,-1,-1,-1,-1,-1,-1,-1,-1
34929,-1,-1,-1,-1,-1,-1,-1,-1,-1,-1,-1
34931,-1,-1,-1,-1,-1,-1,-1,-1,-1,-1,-1
34933,-1,-1,-1,-1,-1,-1,-1,-1,-1,-1,-1
34935,-1,-1,-1,-1,-1,-1,-1,-1,-1,-1,-1
34937,-1,-1,-1,-1,-1,-1,-1,-1,-1,-1,-1
34939,-1,-1,-1,-1,-1,-1,-1,-1,-1,-1,-1
34941,-1,-1,-1,-1,-1,-1,-1,-1,-1,-1,-1
34943,-1,-1,-1,-1,-1,-1,-1,-1,-1,-1,-1
34945,-1,-1,-1,-1,-1,-1,-1,-1,-1,-1,-1
34947,-1,-1,-1,-1,-1,-1,-1,-1,-1,-1,-1
34949,-1,-1,-1,-1,-1,-1,-1,-1,-1,-1,-1
34951,-1,-1,-1,-1,-1,-1,-1,-1,-1,-1,-1
34953,-1,-1,-1,-1,-1,-1,-1,-1,-1,-1,-1
34955,-1,-1,-1,-1,-1,-1,-1,-1,-1,-1,-1
34957,-1,-1,-1,-1,-1,-1,-1,-1,-1,-1,-1
