JPGNumber,Race 0 Bubble 0,Race 0 Bubble 1,Race 0 Bubble 2,Race 0 Bubble 3,Race 0 Bubble 4,Race 0 Bubble 5,Race 0 Bubble 6,Race 1 Bubble 0,Race 1 Bubble 1,Race 1 Bubble 2,Race 1 Bubble 3,Race 1 Bubble 4,Race 1 Bubble 5,Race 1 Bubble 6,Race 1 Bubble 7,Race 1 Bubble 8
2,1,1,1,0,0,0,0,0,0,1,0,0,1,1,0,0
4,1,1,0,1,0,0,0,1,0,1,0,1,0,0,0,0
6,1,1,0,1,0,0,0,1,0,1,0,1,0,0,0,0
8,1,1,1,0,0,0,0,0,0,1,1,0,1,0,0,0
10,1,1,1,0,0,0,0,1,0,1,0,0,1,0,0,0
12,1,1,1,0,0,0,0,1,0,1,0,0,1,0,0,0
14,1,1,0,1,0,0,0,0,0,1,1,0,1,0,0,0
16,1,1,1,0,0,0,0,1,0,1,0,0,1,0,0,0
18,0,1,1,1,0,0,0,1,0,1,0,0,1,0,0,0
20,1,1,1,0,0,0,0,0,0,1,1,0,1,0,0,0
22,1,1,1,0,0,0,0,0,0,1,1,0,1,0,0,0
24,1,1,0,1,0,0,0,1,0,0,0,1,1,0,0,0
26,4,1,0,1,0,0,0,0,0,1,1,1,0,0,0,0
28,4,4,4,0,0,0,0,4,0,0,0,4,4,0,0,0
30,1,1,1,0,0,0,0,1,0,1,0,1,0,0,0,0
32,0,1,1,1,0,0,0,1,1,1,0,0,0,0,0,0
34,1,1,1,0,0,0,0,0,0,1,1,0,1,0,0,0
36,1,1,1,0,0,0,0,0,0,1,1,0,1,0,0,0
38,1,1,1,0,0,0,0,5,0,1,0,0,5,0,0,0
40,1,1,0,1,0,0,0,1,1,1,0,0,0,0,0,0
42,1,0,1,1,0,0,0,1,0,1,0,1,0,0,0,0
44,0,0,0,1,1,1,0,1,1,0,0,0,0,1,0,0
46,0,1,1,1,0,0,0,1,0,1,0,0,1,0,0,0
48,0,0,1,0,0,0,0,0,0,4,1,1,0,0,0,0
50,1,4,1,0,0,0,0,0,0,4,4,0,5,0,0,0
52,1,1,1,0,0,0,0,0,0,1,1,0,1,0,0,0
54,1,1,1,0,0,0,0,0,0,1,1,0,1,0,0,0
56,5,5,5,0,0,0,0,0,0,5,5,0,5,0,0,0
58,1,1,1,0,0,0,0,1,0,1,0,0,1,0,0,0
60,1,1,1,0,0,0,0,1,0,1,0,0,1,0,0,0
62,1,0,0,1,0,0,0,1,0,0,0,0,0,0,0,0
64,1,1,0,1,0,0,0,1,0,1,0,0,1,0,0,0
66,1,1,0,0,0,0,0,1,0,0,0,0,0,0,0,0
68,1,1,1,0,0,0,0,1,0,1,0,0,1,0,0,0
70,1,0,0,1,0,0,0,1,1,0,1,0,0,0,0,0
72,1,1,0,1,0,0,0,0,0,1,1,0,1,0,0,0
74,1,1,0,1,0,0,0,0,1,0,1,1,0,0,0,0
76,1,1,1,0,0,0,0,1,0,1,0,0,1,0,0,0
78,1,1,1,0,0,0,0,1,0,1,0,0,1,0,0,0
80,1,1,0,0,0,0,0,0,0,0,0,1,1,0,0,0
82,4,4,0,4,0,0,0,4,0,4,0,0,4,0,0,0
84,1,1,0,1,0,0,0,1,1,0,0,1,0,0,0,0
86,1,1,1,0,0,0,0,0,0,1,1,0,1,0,0,0
88,1,1,1,0,0,0,0,1,0,0,1,0,1,0,0,0
90,1,0,1,0,0,0,0,1,0,0,0,0,0,0,0,0
92,1,1,1,0,0,0,0,1,0,1,0,0,1,0,0,0
94,1,1,1,0,0,0,0,1,0,1,1,0,0,0,0,0
96,1,1,1,0,0,0,0,0,1,1,0,0,1,0,0,0
98,0,0,1,1,0,0,0,1,0,0,0,1,0,0,0,0
100,1,1,0,1,0,0,0,1,0,1,0,0,1,0,0,0
102,1,1,5,0,0,0,0,0,0,1,0,0,1,0,0,0
104,1,1,1,0,0,0,0,1,0,1,1,0,0,0,0,0
106,4,4,4,0,0,0,0,4,0,4,4,0,0,0,0,0
108,1,0,0,0,0,0,0,1,0,1,0,0,1,0,0,0
110,1,1,1,0,0,0,0,0,0,1,1,1,0,0,0,0
112,1,1,0,1,0,0,0,1,1,0,1,0,0,0,0,0
114,1,1,5,0,0,0,0,1,0,1,0,0,1,0,0,0
116,3,0,0,3,0,0,0,0,3,0,0,3,3,0,0,0
118,1,1,0,1,0,0,0,0,0,1,1,0,1,0,0,0
120,1,1,1,0,0,0,0,1,0,1,0,0,1,0,0,0
122,1,1,1,0,0,0,0,0,0,0,1,1,1,0,0,0
124,1,1,1,0,0,0,0,1,0,1,0,0,1,0,0,0
126,1,0,1,1,0,0,0,1,0,1,0,1,0,0,0,0
128,1,0,1,1,0,0,0,1,1,1,0,0,0,0,0,0
130,0,1,1,1,0,0,0,1,0,0,1,1,0,0,0,0
132,1,0,1,1,0,0,0,1,0,0,1,1,0,0,0,0
134,1,1,0,0,0,0,0,0,0,0,0,1,1,0,0,0
136,1,1,0,1,0,0,0,1,0,1,0,0,1,0,0,0
138,1,1,1,0,0,0,0,1,0,1,0,0,1,0,0,0
140,1,0,1,1,0,0,0,1,0,1,0,0,1,0,0,0
142,0,4,1,1,0,0,0,1,0,0,1,1,0,0,0,0
144,1,1,0,1,0,0,0,0,1,0,1,0,1,0,0,0
146,1,1,1,0,0,0,0,1,0,1,0,0,1,0,0,0
148,0,1,0,1,0,0,0,1,1,0,0,1,0,0,0,0
150,0,0,0,0,0,0,0,0,0,1,1,0,1,0,0,0
152,0,0,0,0,0,0,0,0,0,1,1,0,1,0,0,0
154,1,1,1,0,0,0,0,1,0,1,0,0,1,0,0,0
156,1,1,1,0,0,0,0,0,0,1,1,0,1,0,0,0
158,1,1,1,0,0,0,0,1,0,0,0,1,1,0,0,0
160,1,0,1,1,0,0,0,1,1,0,1,0,0,0,0,0
162,1,1,1,0,0,0,0,1,0,0,0,1,1,0,0,0
164,1,1,0,1,0,0,0,1,1,0,0,1,0,0,0,0
166,1,1,1,0,0,0,0,1,0,0,0,1,1,0,0,0
168,4,0,4,4,0,0,0,0,0,1,0,4,1,0,0,0
170,1,0,1,1,0,0,0,0,0,4,0,1,1,0,0,0
172,0,0,0,0,0,0,0,0,0,0,0,0,0,0,0,0
174,1,1,1,0,0,0,0,1,0,1,0,0,1,0,0,0
176,1,1,1,0,0,0,0,1,0,1,1,0,0,0,0,0
178,0,1,1,1,0,0,0,0,0,1,1,0,1,0,0,0
180,4,5,0,1,0,0,0,0,4,0,1,1,0,0,0,0
182,1,1,0,5,0,0,0,1,0,0,1,1,0,0,0,0
184,1,1,0,1,0,0,0,1,1,1,0,0,0,0,0,0
186,0,1,0,0,0,0,0,0,0,0,0,0,1,0,0,0
188,0,0,1,0,0,0,0,1,0,0,0,0,0,0,0,0
190,1,0,1,1,0,0,0,1,0,0,1,0,1,0,0,0
192,6,6,1,0,0,0,0,4,0,0,1,0,1,0,0,0
194,1,1,0,1,0,0,0,1,0,1,0,0,1,0,0,0
196,1,1,0,1,0,0,0,1,0,0,1,1,0,0,0,0
198,1,1,1,0,0,0,0,1,0,1,0,0,1,0,0,0
200,1,1,1,0,0,0,0,1,0,4,0,0,1,0,0,0
202,4,4,0,1,0,0,0,1,0,0,1,0,1,0,0,0
204,1,0,1,1,0,0,0,1,0,0,1,1,0,0,0,0
206,1,0,1,1,0,0,0,1,0,0,1,1,0,0,0,0
208,1,1,1,0,0,0,0,1,0,0,0,1,1,0,0,0
210,1,1,1,0,0,0,0,0,0,1,1,1,0,0,0,8
212,1,1,0,1,0,0,0,1,1,0,0,0,1,0,0,0
214,1,1,1,0,0,0,0,1,0,1,1,0,0,0,0,0
216,1,1,0,1,0,0,0,0,1,0,1,1,0,0,0,0
218,1,1,1,0,0,0,0,0,0,1,1,0,1,0,0,0
220,1,1,0,1,0,0,0,1,0,1,1,0,0,0,0,0
222,0,4,0,0,0,0,0,0,0,0,0,0,1,0,0,0
224,0,1,1,1,0,0,0,0,0,1,1,0,1,0,0,0
226,1,1,1,0,0,0,0,1,0,1,0,0,1,0,0,0
228,0,1,1,1,0,0,0,1,1,1,0,0,0,0,0,0
230,1,1,1,0,0,0,0,0,0,1,1,0,0,0,0,0
232,0,2,2,2,0,0,0,2,2,0,2,0,0,0,0,0
234,7,7,7,7,7,7,7,7,7,7,7,7,7,7,7,7
236,7,7,7,7,7,7,7,7,7,7,7,7,7,7,7,7
238,7,7,7,7,7,7,7,7,7,7,7,7,7,7,7,7
240,7,7,7,7,7,7,7,7,7,7,7,7,7,7,7,7
242,0,1,1,1,0,0,0,1,0,8,1,0,1,0,0,0
244,1,0,1,1,0,0,0,0,1,1,1,0,0,0,0,0
246,0,0,0,1,0,0,0,0,0,0,0,0,0,0,0,0
248,1,1,0,1,0,0,0,1,1,0,1,0,0,0,0,0
250,0,1,1,1,0,0,0,0,1,1,1,0,0,0,0,0
252,0,1,0,1,0,0,0,1,1,0,0,0,1,0,0,0
254,1,1,1,0,0,0,0,0,0,1,0,1,1,0,0,0
256,1,1,1,0,0,0,0,1,0,1,0,0,1,0,0,0
258,1,0,1,1,0,0,0,1,1,0,0,5,0,0,0,0
260,1,0,1,1,0,0,0,0,1,1,1,0,0,0,0,0
262,4,4,0,4,0,0,0,4,0,0,4,4,0,0,0,0
264,1,1,1,0,0,0,0,0,0,0,1,1,1,0,0,0
266,1,1,0,1,0,0,0,1,0,0,1,1,0,0,0,0
268,1,0,1,1,0,0,0,1,1,0,0,1,0,0,0,0
270,0,1,1,1,0,0,0,0,0,1,1,0,1,0,0,0
272,1,1,1,0,0,0,0,0,0,0,1,1,1,0,0,0
274,4,1,0,5,0,0,0,0,0,0,1,1,0,0,0,0
276,0,0,0,0,0,0,0,0,0,1,0,0,1,0,0,0
278,1,1,1,0,0,0,0,0,0,0,1,1,1,0,0,0
280,1,1,0,1,0,0,0,1,0,0,1,0,1,0,0,0
282,1,1,1,0,0,0,0,0,0,1,1,0,1,0,0,0
284,1,1,1,0,0,0,0,1,0,1,1,0,0,0,0,0
286,1,1,0,1,0,0,0,0,0,1,0,0,1,0,0,0
288,1,1,1,0,0,0,0,1,0,1,1,0,0,0,0,0
290,0,0,0,1,0,0,0,0,0,0,0,0,1,0,0,0
292,1,1,1,0,0,0,0,1,0,1,0,0,1,0,0,0
294,0,1,1,1,0,0,0,1,0,0,1,0,1,0,0,0
296,1,1,1,0,0,0,0,1,0,1,0,0,1,0,0,0
298,4,1,5,0,0,0,0,0,0,0,0,0,1,0,0,0
300,1,1,0,1,0,0,0,1,0,1,1,0,0,0,0,0
302,0,1,1,1,0,0,0,1,0,1,0,0,1,0,0,0
304,1,0,1,1,0,0,0,0,0,1,1,1,0,0,0,0
306,0,0,0,1,0,0,0,0,0,1,0,0,0,0,0,0
308,1,1,0,1,0,0,0,1,0,0,1,1,0,0,0,0
310,1,1,1,0,0,0,0,1,0,1,0,0,1,0,0,0
312,0,0,0,1,0,0,0,0,0,1,0,0,0,0,0,0
314,1,0,1,1,0,0,0,1,1,0,0,0,1,0,0,0
316,4,1,0,0,0,0,0,0,0,0,0,0,1,0,0,0
318,0,0,1,1,0,0,0,1,0,0,0,0,0,0,0,0
320,1,1,0,1,0,0,0,1,1,0,0,1,0,0,0,0
322,0,0,1,1,0,0,0,1,0,0,0,0,0,0,0,0
324,0,0,0,1,0,0,0,0,0,0,0,0,0,0,0,0
326,0,0,0,0,0,0,0,1,0,0,1,0,0,0,0,0
328,1,1,1,0,0,0,0,1,0,1,1,0,0,0,0,0
330,1,0,0,1,0,0,0,1,0,0,0,0,1,0,0,0
332,1,0,0,1,0,0,0,1,1,0,0,0,0,0,0,0
334,1,1,0,1,0,0,0,1,0,1,0,0,1,0,0,0
336,1,1,0,1,0,0,0,1,1,0,0,0,1,0,0,0
338,1,1,1,0,0,0,0,1,0,1,1,0,0,0,0,0
340,1,1,1,0,0,0,0,1,0,1,1,0,0,0,0,0
342,1,0,0,1,0,0,0,1,0,0,0,0,1,0,0,0
344,0,1,1,1,0,0,0,1,0,0,0,1,1,0,0,0
346,4,4,0,4,0,0,0,0,4,4,4,0,0,0,0,0
348,1,1,1,0,0,0,0,1,0,1,0,0,1,0,0,0
350,1,1,0,1,0,0,0,1,0,1,0,0,1,0,0,0
352,4,4,0,4,0,0,0,0,4,4,4,0,0,0,0,0
354,1,1,1,0,0,0,0,1,0,1,0,0,1,0,0,0
356,1,1,1,0,0,0,0,0,0,1,1,0,1,0,0,0
358,1,1,1,0,0,0,0,1,0,1,1,0,0,0,0,0
360,0,1,1,1,0,0,0,0,0,1,1,1,0,0,0,0
362,0,1,1,1,0,0,0,0,0,1,1,1,0,0,0,0
364,1,1,1,0,0,0,0,0,1,1,0,0,4,0,0,0
366,1,1,1,0,0,0,0,1,0,1,1,0,0,0,0,0
368,1,0,0,1,0,0,0,1,1,0,0,0,0,0,0,0
370,1,1,0,1,0,0,0,1,0,0,0,1,1,0,0,0
372,1,1,0,1,0,0,0,1,0,0,0,1,1,0,0,0
374,4,5,4,0,0,0,0,4,0,0,0,1,1,0,0,0
376,1,1,1,0,0,0,0,0,0,1,1,0,1,0,0,0
378,0,1,1,1,0,0,0,1,1,0,0,1,0,0,0,0
380,1,1,0,1,0,0,0,1,1,1,0,0,0,0,0,0
382,1,1,1,0,0,0,0,0,0,1,1,0,1,0,0,0
384,1,1,1,0,0,0,0,0,0,1,1,0,1,0,0,0
386,0,1,0,1,0,0,0,0,1,1,0,1,0,0,0,0
388,5,4,5,0,0,0,0,0,0,5,1,0,5,0,0,0
390,1,1,1,0,0,0,0,0,0,1,1,0,1,0,0,0
392,1,1,1,0,0,0,0,0,0,1,1,0,1,0,0,0
394,1,0,1,1,0,0,0,0,0,1,1,1,0,0,0,0
396,0,1,1,1,0,0,0,1,0,1,0,0,1,0,0,0
398,4,4,0,4,0,0,0,0,0,0,0,4,0,0,0,0
400,0,0,1,1,0,0,0,1,0,0,0,0,0,0,0,0
402,1,0,0,1,0,0,0,1,1,0,0,0,0,0,0,0
404,1,0,0,1,0,0,0,0,0,0,0,0,0,0,0,0
1088,0,1,1,1,0,0,0,1,1,0,0,0,1,0,0,0
1090,1,1,0,1,0,0,0,1,0,1,0,0,1,0,0,0
1092,0,1,1,1,0,0,0,0,1,0,1,0,1,0,0,0
1094,1,1,1,0,0,0,0,0,0,1,0,0,1,0,0,0
1096,1,1,1,0,0,0,0,0,0,1,0,0,1,0,0,0
1098,0,0,0,1,0,0,0,1,0,0,0,0,0,0,0,0
1100,1,1,1,0,0,0,0,0,0,1,1,0,1,0,0,0
1102,0,1,1,1,0,0,0,0,0,1,1,0,1,0,0,0
1104,1,1,0,1,0,0,0,1,0,1,0,0,1,0,0,0
1106,5,5,5,0,0,0,0,0,0,0,0,0,0,0,0,0
1108,1,0,1,1,0,0,0,1,0,1,1,0,0,0,0,0
1110,1,1,1,0,0,0,0,1,0,0,1,1,0,0,0,0
1112,1,1,1,0,0,0,0,1,0,0,1,1,0,0,0,0
1114,1,0,0,0,0,0,0,0,0,1,0,0,1,0,0,0
1116,1,1,0,0,0,0,0,0,0,1,0,0,1,0,0,0
1118,1,1,0,1,0,0,0,1,1,1,0,0,0,0,0,0
1120,1,1,1,0,0,0,0,1,0,1,1,0,0,0,0,0
1122,4,4,0,4,0,0,0,4,0,4,4,0,0,0,0,0
1124,1,0,1,1,0,0,0,1,0,1,1,0,0,0,0,0
1126,2,2,2,0,0,0,0,0,0,2,0,2,2,0,0,0
1128,1,1,1,0,0,0,0,1,0,1,0,0,1,0,0,0
1130,1,1,0,4,0,0,0,0,0,4,4,0,4,0,0,0
1132,4,0,0,4,4,0,0,0,4,0,0,0,4,0,0,0
1134,1,1,1,0,0,0,0,1,0,1,0,0,1,0,0,0
1136,1,1,1,0,0,0,0,0,0,1,1,0,1,0,0,0
1138,1,1,1,0,0,0,0,0,0,1,1,0,1,0,0,0
1140,1,1,1,0,0,0,0,1,0,1,0,0,1,0,0,0
1142,0,1,1,1,0,0,0,1,0,1,0,0,1,0,0,0
1144,0,1,1,1,0,0,0,1,0,1,0,0,1,0,0,0
1146,1,1,0,1,0,0,0,1,0,1,1,0,0,0,0,0
1148,0,5,5,5,0,0,0,4,0,1,4,0,0,0,0,0
1150,0,0,1,1,0,0,0,0,1,0,0,1,1,0,0,0
1152,0,0,0,0,0,0,0,0,1,0,1,1,0,0,0,0
1154,1,0,0,0,0,1,1,0,0,1,1,0,0,1,0,0
1156,1,1,1,0,0,0,0,1,0,1,0,0,1,0,0,0
1158,4,4,0,4,0,0,0,1,0,1,0,0,4,0,0,0
1160,1,1,1,0,0,0,0,1,0,0,1,0,1,0,0,0
1162,1,0,1,1,0,0,0,1,0,1,1,0,0,0,0,0
1164,1,0,0,1,0,0,0,1,1,0,0,0,0,0,0,0
1166,0,0,0,0,0,0,0,0,1,0,1,1,0,0,0,0
1168,1,1,1,0,0,0,0,1,0,1,0,0,1,0,0,0
1170,1,0,1,1,0,0,0,1,1,0,1,0,0,0,0,0
1172,1,1,1,0,0,0,0,1,0,1,0,0,1,0,0,0
1174,1,1,1,0,0,0,0,1,0,1,0,0,1,0,0,0
1176,0,4,0,0,0,0,0,0,0,0,0,0,4,0,0,0
1178,1,1,0,1,0,0,0,1,0,0,1,0,0,0,0,0
1180,0,0,0,1,0,0,0,1,1,1,0,0,0,0,0,0
1182,1,1,1,0,0,0,0,0,0,1,1,0,1,0,0,0
1184,0,0,0,1,0,0,0,1,0,1,0,1,0,0,0,0
1186,1,0,0,0,0,0,0,0,0,0,0,0,1,0,0,0
1188,1,0,0,0,0,0,0,0,0,0,0,0,1,0,0,0
1190,1,1,1,0,0,0,0,0,0,0,0,0,1,0,0,0
1192,1,1,1,0,0,0,0,0,0,0,0,0,1,0,0,0
1194,1,1,1,0,0,0,0,0,0,0,0,0,1,0,0,0
1196,0,1,0,0,0,0,0,0,0,1,0,0,0,0,0,0
1198,1,1,0,1,0,0,0,1,1,1,0,0,0,0,0,0
1200,1,4,1,0,0,0,0,1,0,1,1,0,0,0,0,0
1202,1,1,1,0,0,0,0,0,0,1,1,0,1,0,0,0
1204,1,0,1,1,0,0,0,1,0,1,1,0,0,0,0,0
1206,5,0,5,1,0,0,0,1,0,4,4,0,0,0,0,0
1208,0,1,1,1,0,0,0,1,0,0,1,0,1,0,0,0
1210,1,1,1,0,0,0,0,0,0,1,1,0,1,0,0,0
1212,1,1,0,1,0,0,0,1,1,1,0,0,0,0,0,0
1214,0,1,0,0,0,0,0,0,0,1,0,0,0,0,0,0
1216,4,5,4,0,0,0,0,0,0,4,0,0,1,0,0,0
1218,1,1,1,0,0,0,0,0,0,1,0,0,1,0,0,0
1220,1,1,1,0,0,0,0,1,1,1,0,0,0,0,0,0
1222,4,4,0,1,0,0,0,1,4,0,0,0,1,0,0,0
1224,1,1,0,1,0,0,0,1,1,0,1,0,0,0,0,0
1226,1,4,0,4,0,0,0,1,0,0,1,0,0,0,0,0
1228,1,0,1,1,0,0,0,1,1,0,1,0,0,0,0,0
1230,0,0,0,4,0,0,0,4,4,0,0,0,4,0,0,0
1232,1,1,1,0,0,0,0,1,0,1,0,0,1,0,0,0
1234,1,1,0,1,0,0,0,1,1,0,1,0,0,0,0,0
1236,1,5,1,0,0,0,0,5,0,0,1,0,1,0,0,0
1238,1,1,1,0,0,0,0,1,1,1,0,0,0,0,0,0
1240,1,1,1,0,0,0,0,0,0,0,1,0,0,0,0,0
1242,0,4,4,4,0,0,0,4,4,0,4,0,0,0,0,0
1244,1,1,0,1,0,0,0,1,1,1,0,0,0,0,0,0
1342,1,1,1,0,0,0,0,0,0,1,1,0,1,0,0,0
1344,1,1,0,1,0,0,0,1,0,1,1,0,6,0,0,0
1346,1,1,6,1,0,0,0,0,0,1,1,0,1,0,0,0
1348,4,1,1,0,0,0,0,1,0,1,0,0,1,0,0,0
1350,0,1,1,1,0,0,0,1,0,0,1,0,1,0,0,0
1352,1,1,0,1,0,0,0,1,0,0,1,0,1,0,0,0
1354,0,1,1,1,0,0,0,1,1,0,1,0,0,0,0,0
1356,0,1,1,1,0,0,0,0,0,1,1,0,1,0,0,0
1358,5,1,1,0,0,0,0,1,0,1,0,0,1,0,0,0
1360,0,0,0,1,0,0,0,0,0,0,1,0,0,0,0,0
1362,1,1,0,1,0,0,0,1,1,0,1,0,0,0,0,0
1364,0,0,0,0,0,0,0,1,1,0,0,1,0,0,0,0
1366,4,4,0,4,0,0,0,0,4,4,0,4,0,0,0,0
1368,0,0,0,0,0,0,0,4,0,0,4,4,0,0,0,0
1370,1,1,0,1,0,0,0,1,1,0,1,0,0,0,0,0
1372,0,0,0,1,0,0,0,0,1,0,0,0,0,0,0,0
1374,0,0,0,1,0,0,0,0,1,0,0,0,0,0,0,0
1376,0,1,1,1,0,0,0,1,1,0,1,0,0,0,0,0
1378,4,1,0,4,0,0,0,0,0,1,0,1,1,0,0,0
1380,1,1,0,1,0,0,0,1,0,0,1,0,1,0,0,0
1382,1,1,0,1,0,0,0,1,1,0,1,0,0,0,0,0
1384,1,1,0,1,0,0,0,1,1,0,1,0,0,0,0,0
1386,1,1,1,0,0,0,0,1,1,1,0,0,0,0,0,0
1388,1,1,0,0,0,0,0,0,0,1,1,0,1,0,0,0
1390,4,4,4,0,0,0,0,0,0,4,0,4,4,0,0,0
1392,0,1,0,0,0,0,0,1,0,0,0,0,0,0,0,0
1394,1,1,0,1,0,0,0,1,0,1,0,0,1,0,0,0
1396,4,1,0,4,0,0,0,1,0,0,0,4,4,0,0,0
1398,1,1,0,1,0,0,0,0,0,1,1,0,1,0,0,0
1400,1,1,0,1,0,0,0,1,0,1,0,0,1,0,0,0
1402,0,0,0,0,0,0,0,0,0,0,0,0,0,0,0,0
1404,1,1,0,1,0,0,0,0,1,0,0,1,0,0,0,0
1406,1,0,0,0,0,0,0,0,0,0,0,0,0,0,0,0
1408,1,1,0,0,0,0,0,0,0,1,1,0,1,0,0,0
1410,1,1,0,0,0,0,0,0,0,1,1,0,1,0,0,0
1412,1,1,0,1,0,0,0,1,1,1,0,0,0,0,0,0
1414,4,4,4,0,0,0,0,0,0,0,0,0,0,0,0,0
1416,1,1,1,0,0,0,0,0,0,1,1,0,1,0,0,0
1418,0,0,1,0,0,0,0,1,0,0,0,0,1,0,0,0
1420,0,0,1,0,0,0,0,1,0,0,0,0,1,0,0,0
1422,1,1,0,1,0,0,0,1,0,1,1,0,0,0,0,0
1424,1,1,1,0,0,0,0,0,1,1,0,0,1,0,0,0
1426,1,1,1,0,0,0,0,0,0,0,1,0,1,0,0,0
1428,0,0,0,1,0,0,0,1,0,1,0,0,1,0,0,0
1430,0,0,0,1,0,0,0,1,0,1,0,0,1,0,0,0
1432,0,1,0,0,0,0,0,1,0,0,0,0,0,0,0,0
1434,1,1,0,1,0,0,0,1,0,1,0,0,1,0,0,0
1436,1,1,1,0,0,0,0,0,0,1,1,0,1,0,0,0
1438,1,1,1,0,0,0,0,0,0,1,1,0,1,0,0,0
1440,2,2,0,2,0,0,0,2,2,0,0,0,2,0,0,0
1442,1,1,0,1,0,0,0,1,1,1,0,0,0,0,0,0
1444,1,0,1,1,0,0,0,1,0,1,1,0,0,0,0,0
1446,1,0,0,0,0,0,0,0,0,1,0,1,1,0,0,0
1448,0,1,1,1,0,0,0,1,1,0,1,0,0,0,0,0
1450,1,0,0,0,0,0,0,0,0,1,0,1,1,0,0,0
1452,0,1,1,1,0,0,0,1,1,0,1,0,0,0,0,0
1454,0,1,0,0,0,0,0,1,0,0,0,0,0,0,0,0
1456,0,1,1,1,0,0,0,1,0,0,1,0,1,0,0,0
1458,0,1,0,0,0,0,0,1,0,0,0,0,0,0,0,0
1460,0,0,0,0,0,0,0,0,0,0,1,1,1,0,0,0
1462,1,1,1,0,0,0,0,0,0,1,0,0,1,0,0,0
1464,1,1,0,1,0,0,0,1,1,0,1,0,0,0,0,0
1466,1,1,1,0,0,0,0,1,0,0,1,0,1,0,0,0
1468,1,1,0,1,0,0,0,1,0,0,1,1,0,0,0,0
1470,1,1,0,1,0,0,0,1,0,0,1,1,0,0,0,0
1472,1,1,0,1,0,0,0,1,0,1,0,0,1,0,0,0
1474,1,1,1,0,0,0,0,1,0,1,1,0,0,0,0,0
1476,1,1,0,1,0,0,0,0,0,1,1,0,1,0,0,0
1478,1,1,1,0,0,0,0,0,0,1,0,1,1,0,0,0
1480,1,0,1,1,0,0,0,1,0,0,1,0,1,0,0,0
1482,1,1,0,1,0,0,0,1,0,1,0,0,0,0,0,0
1484,1,1,1,0,0,0,0,0,0,1,1,0,1,0,0,0
1486,1,1,1,0,0,0,0,0,0,1,1,0,1,0,0,0
1488,1,1,0,1,0,0,0,1,1,0,0,1,0,0,0,0
1490,1,1,0,1,0,0,0,1,0,1,1,0,0,0,0,0
1492,1,1,0,1,0,0,0,1,0,1,1,0,0,0,0,0
1494,4,0,4,4,0,0,0,4,0,0,1,1,0,0,0,0
1496,4,1,4,0,0,0,0,1,0,1,0,0,4,0,0,0
1498,1,1,0,1,0,0,0,1,0,0,0,1,1,0,0,0
1500,1,1,1,0,0,0,0,1,0,1,0,0,1,0,0,0
1502,1,1,0,1,0,0,0,1,0,0,1,1,0,0,0,0
1504,1,1,0,1,0,0,0,0,1,1,0,0,1,0,0,0
1506,6,0,6,6,0,0,0,1,1,0,0,0,6,0,0,0
1508,1,1,0,1,0,0,0,1,1,0,0,1,0,0,0,0
1510,1,1,0,1,0,0,0,1,1,1,0,0,0,0,0,0
1512,0,1,1,0,0,0,0,1,0,0,1,0,1,0,0,0
1514,1,1,0,1,0,0,0,1,1,0,1,0,0,0,0,0
1516,0,1,1,1,0,0,0,0,1,0,1,0,1,0,0,0
1518,1,1,1,0,0,0,0,1,0,0,0,1,1,0,0,0
1520,1,0,1,1,0,0,0,1,0,0,1,0,1,0,0,0
1522,1,1,1,0,0,0,0,1,0,1,0,0,1,0,0,0
1524,1,1,1,0,0,0,0,1,0,1,0,0,1,0,0,0
1526,4,4,4,0,0,0,0,1,0,0,1,0,1,0,0,0
1528,1,1,0,1,0,0,0,1,1,0,0,0,1,0,0,0
1530,1,0,1,1,0,0,0,1,1,0,1,0,0,0,0,0
1532,1,0,1,1,0,0,0,1,1,0,1,0,0,0,0,0
1534,0,1,1,1,0,0,0,1,0,1,0,1,0,0,0,0
1536,4,4,0,4,0,0,0,4,0,4,4,0,0,0,0,0
1538,1,4,1,0,0,0,0,1,0,1,0,0,1,0,0,0
1540,1,1,1,0,0,0,0,1,0,0,1,0,1,0,0,0
1542,1,1,1,0,0,0,0,1,0,4,0,0,1,0,0,0
1544,1,0,1,1,0,0,0,1,0,0,0,1,1,0,0,0
1546,1,1,0,1,0,0,0,1,1,0,0,1,0,0,0,0
1548,1,1,0,1,0,0,0,1,0,1,0,0,1,0,0,0
1550,1,1,1,0,0,0,0,0,0,1,1,0,1,0,0,0
1552,1,1,0,0,0,0,0,0,0,1,0,0,1,0,0,0
1554,1,1,0,1,0,0,0,1,0,1,0,1,0,0,0,0
1556,1,1,1,0,0,0,0,1,0,1,0,0,1,0,0,0
1558,0,1,1,1,0,0,0,1,1,0,0,0,1,0,0,0
1560,0,1,1,0,0,0,0,1,0,0,1,0,1,0,0,0
1562,1,1,1,0,0,0,0,0,0,1,1,0,1,0,0,0
1564,0,1,0,0,0,0,0,0,0,0,0,0,1,0,0,0
1566,0,1,0,0,0,0,0,0,1,0,0,0,0,0,0,0
1568,1,1,0,1,0,0,0,1,0,1,0,0,1,0,0,0
1570,1,1,1,0,0,0,0,0,0,1,0,1,1,0,0,0
1572,1,0,0,0,0,0,0,1,0,0,0,0,0,0,0,0
1574,0,1,0,0,0,0,0,0,1,0,0,0,0,0,0,0
1576,1,0,1,1,0,0,0,1,1,0,0,0,1,0,0,0
1578,1,0,1,1,0,0,0,1,1,0,0,0,1,0,0,0
1580,1,1,0,1,0,0,0,1,1,0,0,1,0,0,0,0
1582,1,0,1,1,0,0,0,1,0,0,1,1,0,0,0,0
1584,1,1,1,0,0,0,0,1,0,1,0,0,1,0,0,0
1586,1,1,1,0,0,0,0,1,0,0,1,0,1,0,0,0
1588,1,1,1,0,0,0,0,0,0,1,1,0,1,0,0,0
1590,0,0,0,1,0,0,0,0,0,0,0,0,0,0,0,0
1592,1,1,0,1,0,0,0,1,1,0,1,0,0,0,0,0
1594,6,0,1,1,0,0,0,1,1,1,0,0,0,0,0,0
1596,1,1,0,1,0,0,0,0,0,1,0,1,1,0,0,0
1598,1,0,0,0,0,0,0,1,0,0,0,0,0,0,0,0
1600,1,1,0,1,0,0,0,0,0,1,0,1,1,0,0,0
1602,1,1,0,1,0,0,0,1,0,1,1,0,0,0,0,0
5608,1,1,0,1,0,0,0,1,0,0,1,1,0,0,0,0
5610,1,1,0,1,0,0,0,1,1,1,0,0,0,0,0,0
5612,1,1,1,0,0,0,0,0,0,1,1,1,0,0,0,0
5614,1,1,1,0,0,0,0,0,0,1,1,0,1,0,0,0
5616,1,1,1,0,0,0,0,1,1,1,0,0,0,0,0,0
5618,1,1,0,1,0,0,0,1,0,1,1,0,0,0,0,0
5620,1,1,0,1,0,0,0,1,1,1,0,0,0,0,0,0
5622,1,1,0,1,0,0,0,1,0,1,1,0,0,0,0,0
5624,1,0,0,1,1,0,0,1,4,0,1,0,0,0,0,0
5626,4,4,4,0,0,0,0,4,4,0,4,0,0,0,0,0
5628,1,1,1,0,0,0,0,0,0,1,0,1,0,0,0,0
5630,1,1,1,0,0,0,0,0,0,1,1,0,1,0,0,0
5632,1,1,0,0,0,0,0,0,0,1,0,1,0,0,0,0
5634,1,0,0,0,0,0,0,0,0,0,1,0,0,0,0,0
5636,1,0,1,1,0,0,0,0,0,1,1,0,1,0,0,0
5638,1,1,1,0,0,0,0,1,0,1,0,0,1,0,0,0
5640,0,1,0,0,0,0,0,1,0,2,0,0,1,0,0,0
5642,0,1,1,1,0,0,0,1,0,0,1,1,0,0,0,0
5644,0,1,1,1,0,0,0,1,0,0,1,0,1,0,0,0
5646,0,0,0,2,0,0,0,2,0,0,0,0,0,0,0,0
5648,1,1,0,1,0,0,0,1,0,0,1,0,1,0,0,0
5650,5,5,0,1,0,0,0,5,0,5,5,0,0,0,0,0
5652,1,1,0,1,0,0,0,1,1,0,0,1,0,0,0,0
5654,1,1,1,0,0,0,0,0,0,1,1,0,1,0,0,0
5656,1,1,1,0,0,0,0,1,1,0,0,0,1,0,0,0
5658,1,1,1,0,0,0,0,0,0,0,0,0,0,0,0,0
5660,0,1,1,1,0,0,0,0,0,1,1,1,0,0,0,0
5662,1,0,1,1,0,0,0,1,0,1,0,1,0,0,0,0
5664,1,6,1,1,0,0,0,1,0,1,0,1,0,0,0,0
5666,1,1,1,0,0,0,0,0,0,0,0,0,0,0,0,0
5668,1,1,1,0,0,0,0,1,0,0,1,0,1,0,0,0
5670,1,1,1,0,0,0,0,1,0,1,1,0,0,0,0,0
5672,4,4,4,0,0,0,0,0,0,4,4,0,4,0,0,0
5674,1,1,1,0,0,0,0,0,0,1,1,0,1,0,0,0
5676,1,1,1,0,0,0,0,1,0,1,0,0,1,0,0,0
5678,0,0,0,1,0,0,0,1,0,0,0,0,0,0,0,0
5680,1,1,1,0,0,0,0,0,0,1,1,0,1,0,0,0
5682,1,1,1,0,0,0,0,0,0,1,1,0,1,0,0,0
5684,1,1,0,1,0,0,0,1,1,0,0,0,1,0,0,0
5686,1,1,0,1,0,0,0,1,0,1,0,0,1,0,0,0
5688,0,1,1,0,0,0,0,0,0,1,1,0,1,0,0,0
5690,1,1,0,1,0,0,0,1,1,1,0,0,0,0,0,0
5692,1,1,0,1,0,0,0,1,1,1,0,0,0,0,0,0
5694,0,1,1,1,0,0,0,0,1,1,0,0,1,0,0,0
5696,1,1,1,0,0,0,0,0,0,1,0,1,1,0,0,0
5698,1,1,0,1,0,0,0,1,1,0,1,0,0,0,0,0
5700,0,1,1,1,0,0,0,1,1,0,1,0,0,0,0,0
5702,1,0,1,1,0,0,0,0,0,0,0,0,0,0,0,0
5704,1,1,1,0,0,0,0,0,0,1,1,1,0,0,0,0
5706,1,0,1,1,0,0,0,0,1,0,0,0,0,0,0,0
5708,1,1,0,1,0,0,0,0,0,0,1,1,1,0,0,0
5710,1,0,1,1,0,0,0,1,0,1,0,0,1,0,0,0
5712,1,0,1,1,0,0,0,1,1,0,0,0,1,0,0,0
5714,1,0,1,1,0,0,0,1,0,1,0,0,1,0,0,0
5716,0,0,1,0,0,0,0,0,0,0,1,0,0,0,0,0
5718,0,0,1,1,0,0,0,1,1,0,1,0,0,0,0,0
5720,1,0,0,1,0,0,0,0,0,0,0,0,0,0,0,0
5722,1,1,1,0,0,0,0,0,0,1,0,1,1,0,0,0
5724,1,1,1,0,0,0,0,0,0,1,0,1,1,0,0,0
5726,1,1,0,1,0,0,0,1,1,0,1,0,0,0,0,0
5728,1,1,1,0,0,0,0,1,1,0,1,0,0,0,0,0
5730,0,0,0,1,0,0,0,1,0,0,0,0,0,0,0,0
5732,1,1,0,1,0,0,0,0,0,1,1,0,1,0,0,0
5734,1,1,0,1,0,0,0,0,0,1,0,6,1,0,0,0
5736,1,0,1,1,0,0,0,1,0,1,0,0,1,0,0,0
5738,1,1,0,1,0,0,0,1,1,1,0,0,0,0,0,0
5740,1,5,0,1,0,0,0,1,1,1,0,0,0,0,0,0
5742,1,1,1,0,0,0,0,1,0,1,0,0,1,0,0,0
5744,1,1,1,0,0,0,0,0,0,0,0,0,0,0,0,0
5746,0,0,0,0,0,0,0,0,0,0,0,0,0,0,0,0
5748,0,0,0,0,0,0,0,0,0,0,0,0,0,0,0,0
5750,0,1,0,0,0,0,0,0,0,0,0,0,0,0,0,0
5752,1,1,0,1,0,0,0,1,0,1,1,0,0,0,0,0
5754,0,0,1,0,0,0,0,1,0,0,0,0,0,0,0,0
5756,1,0,0,0,0,0,0,0,0,0,1,0,0,0,0,0
5758,1,0,1,1,0,0,0,1,0,0,1,0,0,0,0,0
5760,1,0,1,1,0,0,0,1,0,0,1,0,0,0,0,0
5762,0,0,1,0,0,0,0,0,0,1,0,1,1,0,0,0
5764,1,1,0,1,0,0,0,1,0,1,0,0,1,0,0,0
5766,1,1,0,0,0,0,0,1,0,0,1,1,0,0,0,0
5768,0,0,4,0,0,0,0,0,0,1,0,1,1,0,0,0
5770,0,1,1,1,0,0,0,1,1,0,1,0,0,0,0,0
5772,1,1,0,0,0,0,0,1,0,1,6,1,0,0,0,0
5774,4,4,4,0,0,0,0,0,0,0,0,0,0,0,0,0
5776,1,1,1,0,0,0,0,1,0,0,0,1,1,0,0,0
5778,1,1,1,0,0,0,0,0,0,1,1,0,1,0,0,0
5780,1,1,0,0,0,0,0,1,0,1,0,0,1,0,0,0
5782,1,1,0,0,0,0,0,1,0,1,0,0,1,0,0,0
5784,0,4,0,0,0,0,0,0,0,0,0,0,0,0,0,0
5786,1,1,0,0,0,0,0,1,0,1,0,0,1,0,0,0
5788,1,1,0,1,0,0,0,1,1,0,1,0,0,0,0,0
5790,1,1,1,0,0,0,0,1,0,1,0,0,1,0,0,0
5792,1,1,0,1,0,0,0,1,1,1,0,0,0,0,0,0
5794,1,1,1,0,0,0,0,0,0,1,0,1,1,0,0,0
5796,1,1,1,0,0,0,0,1,0,1,0,1,0,0,0,0
5798,6,6,6,0,0,0,0,6,6,0,0,0,6,0,0,0
5800,4,0,0,4,0,0,0,4,0,0,4,4,0,0,0,0
5802,1,0,0,1,0,0,0,1,0,1,0,0,1,0,0,0
5804,1,1,0,1,0,0,0,1,1,0,0,1,0,0,0,0
5806,1,1,1,0,0,0,0,0,0,1,1,0,1,0,0,0
5808,5,5,0,4,0,0,0,0,0,5,0,5,1,0,0,0
5810,1,1,1,0,0,0,0,1,0,1,1,0,0,0,0,0
5812,1,1,0,1,0,0,0,1,0,0,1,0,1,0,0,0
5814,1,1,1,0,0,0,0,0,1,0,0,1,1,0,0,0
5816,1,1,0,1,0,0,0,1,0,0,1,0,1,0,0,0
5818,0,1,0,0,0,0,0,0,1,0,0,0,0,0,0,0
5820,0,1,1,1,0,0,0,1,0,1,0,0,1,0,0,0
5822,1,1,1,0,0,0,0,0,0,1,0,0,1,0,0,0
5824,0,0,1,1,0,0,0,0,0,1,0,1,0,0,0,0
5826,1,1,1,0,0,0,0,0,0,1,0,1,1,0,0,0
5828,1,1,1,0,0,0,0,1,0,1,0,0,1,0,0,0
5830,1,1,1,0,0,0,0,0,0,1,1,0,1,0,0,0
5832,1,1,1,0,0,0,0,0,1,1,0,0,1,0,0,0
5834,4,4,4,0,0,0,0,1,0,1,0,0,1,0,0,0
5836,1,1,1,0,0,0,0,0,0,1,1,0,1,0,0,0
5838,1,1,1,0,0,0,0,1,0,1,1,0,0,0,0,0
5840,1,1,0,1,0,0,0,0,0,0,0,0,0,0,0,0
5842,0,1,0,0,0,0,0,0,0,1,1,0,1,0,0,0
5844,1,1,1,0,0,0,0,1,0,1,1,0,0,0,0,0
5846,1,1,0,1,0,0,0,1,0,1,0,0,0,1,0,0
5848,0,0,0,0,0,0,0,0,0,1,0,1,1,0,0,0
5850,0,0,1,0,0,0,0,1,0,0,0,0,1,0,0,0
5852,1,1,0,1,0,0,0,0,1,0,0,0,0,0,0,0
5854,0,0,1,1,0,0,0,1,0,0,0,0,1,0,0,0
5856,1,1,1,0,0,0,0,1,0,0,0,1,1,0,0,0
5858,4,4,4,0,0,0,0,0,0,4,0,0,4,0,0,0
5860,1,1,1,0,0,0,0,0,0,1,1,0,1,0,0,0
5862,1,1,0,4,0,0,0,1,1,1,0,0,0,0,0,0
5864,1,1,0,1,0,0,0,0,0,1,0,1,1,0,0,0
5866,1,1,4,0,0,0,0,1,0,1,0,0,0,0,0,0
5868,1,1,1,0,0,0,0,1,1,0,0,0,1,0,0,0
5870,1,1,0,1,0,0,0,0,0,1,1,0,1,0,0,0
5872,1,1,0,1,0,0,0,1,0,0,0,1,1,0,0,0
5874,1,1,1,0,0,0,0,0,0,0,0,0,1,0,0,0
5876,1,1,1,0,0,0,0,1,0,1,0,0,1,0,0,0
5878,1,1,0,1,0,0,0,0,0,1,1,0,1,0,0,0
5880,0,0,1,0,0,0,0,0,0,0,5,0,0,0,0,0
5882,0,0,0,0,0,0,0,0,0,1,0,0,1,0,0,0
5884,0,1,1,1,0,0,0,1,0,0,1,0,1,0,0,0
5886,1,1,0,1,0,0,0,0,1,1,0,0,1,0,0,0
5888,0,0,0,0,0,0,0,1,0,1,0,0,0,0,0,0
5890,1,1,1,0,0,0,0,1,0,1,0,0,1,0,0,0
5892,1,1,1,0,0,0,0,0,0,1,0,0,1,0,0,0
5894,1,1,0,1,0,0,0,0,0,1,1,0,1,0,0,0
5896,1,0,0,0,0,0,0,0,0,0,1,0,0,0,0,0
5898,1,1,1,0,0,0,0,1,0,0,1,0,1,0,0,0
5900,0,1,1,1,0,0,0,1,0,1,0,0,1,0,0,0
5902,1,1,1,0,0,0,0,1,0,1,0,0,1,0,0,0
5904,1,1,1,0,0,0,0,0,0,1,1,0,1,0,0,0
5906,1,0,1,1,0,0,0,0,0,1,1,1,0,0,0,0
5908,1,0,1,1,0,0,0,0,0,1,1,1,0,0,0,0
5910,0,0,0,0,0,0,0,1,1,0,0,0,0,0,0,0
5912,0,0,0,1,0,0,0,1,0,0,1,0,0,0,0,0
5914,1,0,0,0,0,0,0,0,0,0,0,0,0,0,0,0
5916,1,1,1,0,0,0,0,0,1,1,0,0,1,0,0,0
5918,1,0,1,1,0,0,0,1,0,1,0,0,1,0,0,0
5920,4,4,0,4,0,0,0,4,0,0,4,0,4,0,0,0
5922,1,1,1,0,0,0,0,0,0,1,0,0,1,0,0,0
5924,1,1,1,0,0,0,0,1,0,1,0,0,1,0,0,0
5926,1,0,0,0,0,0,0,1,1,1,0,0,0,0,0,0
5928,1,1,0,0,0,0,0,1,0,1,0,1,0,0,0,0
5930,4,4,4,0,0,0,0,1,0,0,0,0,0,0,0,0
5932,1,1,1,0,0,0,0,1,1,0,0,1,0,0,0,0
5934,0,0,0,1,0,0,0,1,0,0,0,0,0,0,0,0
5936,1,1,0,1,0,0,0,1,1,1,0,0,0,0,0,0
5938,4,0,4,0,0,0,0,4,0,0,4,0,1,0,0,0
5940,1,0,0,0,0,0,0,1,0,0,1,0,1,0,0,0
5942,1,1,0,1,0,0,0,0,1,1,1,0,0,0,0,0
5944,0,1,0,1,0,0,0,1,0,1,0,1,0,0,0,0
5946,1,1,1,0,0,0,0,0,0,0,0,0,0,0,0,0
5948,1,1,1,0,0,0,0,0,0,4,0,1,1,0,0,0
5950,1,1,0,1,0,0,0,1,0,1,0,1,0,0,0,0
12448,1,1,1,0,0,0,0,1,0,1,1,0,0,0,0,0
12450,1,1,1,0,0,0,0,0,0,1,0,1,1,0,0,0
12452,1,1,1,0,0,0,0,0,0,1,0,1,1,0,0,0
12454,1,1,1,0,0,0,0,1,0,1,0,0,1,0,0,0
12456,3,0,3,0,3,0,0,3,0,0,3,0,0,3,0,0
12458,1,1,1,0,0,0,0,1,0,1,1,0,0,0,0,0
12460,0,1,1,1,0,0,0,0,1,0,1,0,1,0,0,0
12462,0,0,1,0,0,0,0,0,0,1,0,0,0,0,0,0
12464,0,0,0,1,0,0,0,0,0,0,1,0,0,0,0,0
12466,2,2,0,0,0,0,0,0,0,2,2,0,2,0,0,0
12468,1,1,1,0,0,0,0,1,0,0,0,1,1,0,0,0
12470,1,1,1,0,0,0,0,1,1,0,1,0,0,0,0,0
12472,0,1,1,1,0,0,0,1,0,1,0,1,0,0,0,0
12474,1,1,1,0,0,0,0,1,0,0,1,0,1,0,0,0
12476,1,1,1,0,0,0,0,0,1,1,0,1,0,0,0,0
12478,1,1,0,1,0,0,0,1,1,0,0,1,0,0,0,0
12480,0,1,1,1,0,0,0,1,1,0,0,1,0,0,0,0
12482,0,0,0,4,0,0,0,5,0,0,0,0,0,0,0,0
12484,0,0,0,1,0,0,0,0,0,1,0,0,0,0,0,0
12486,0,1,1,1,0,0,0,0,0,1,0,1,1,0,0,0
12488,1,1,0,1,0,0,0,1,0,1,0,1,0,0,0,0
12490,1,1,1,0,0,0,0,1,0,0,0,0,0,0,0,0
12492,1,1,1,0,0,0,0,1,0,1,0,0,1,0,0,0
12494,1,1,1,0,0,0,0,1,0,1,0,0,1,0,0,0
12496,1,1,1,0,0,0,0,1,0,1,0,0,1,0,0,0
12498,0,1,0,0,0,0,0,0,0,1,1,0,1,0,0,0
12500,0,1,0,0,0,0,0,0,0,4,5,0,0,0,0,0
12502,0,0,0,0,0,0,0,0,0,0,0,0,0,0,0,0
12504,1,1,1,0,0,0,0,1,0,1,0,0,1,0,0,0
12506,1,1,1,0,0,0,0,1,0,0,0,1,1,0,0,0
12508,1,1,1,0,0,0,0,0,0,1,1,0,1,0,0,0
12510,1,0,1,1,0,0,0,0,0,1,1,0,1,0,0,0
12512,1,0,1,1,0,0,0,0,0,1,1,0,1,0,0,0
12514,1,1,1,0,0,0,0,1,0,1,1,0,0,0,0,0
12516,1,0,1,1,0,0,0,1,0,0,1,0,0,0,0,0
12518,1,1,1,0,0,0,0,1,0,1,0,0,1,0,0,0
12520,1,1,1,0,0,0,0,1,0,1,0,0,1,0,0,0
12522,1,0,1,1,0,0,0,1,1,0,1,0,0,0,0,0
12524,1,1,1,0,0,0,0,1,0,1,0,0,1,0,0,0
12526,4,0,1,4,0,0,0,4,0,4,0,1,0,0,0,0
12528,5,1,0,1,0,0,0,0,1,1,0,0,1,0,0,0
12530,1,1,0,1,0,0,0,1,1,0,1,0,0,0,0,0
12532,1,0,0,0,0,0,0,0,0,1,0,0,0,0,0,0
12534,1,1,0,1,0,0,0,0,0,1,1,0,1,0,0,0
12536,0,0,0,0,0,0,0,1,0,0,0,0,0,0,0,0
12538,1,1,1,0,0,0,0,1,0,1,0,0,1,0,0,0
12540,1,1,1,0,0,0,0,1,0,1,0,0,1,0,0,0
12542,1,1,1,0,0,0,0,0,0,1,1,0,1,0,0,0
12544,4,1,1,0,0,0,0,4,0,1,0,0,1,0,0,0
12546,0,1,1,1,0,0,0,1,0,0,1,0,1,0,0,0
12548,1,1,1,0,0,0,0,0,0,1,1,0,1,0,0,0
12550,0,0,0,1,0,0,0,0,1,0,0,0,0,0,0,0
12552,1,0,0,0,0,0,0,0,0,0,0,1,0,0,0,0
12554,1,0,1,1,0,0,0,1,1,0,0,0,1,0,0,0
12556,1,1,1,0,0,0,0,1,0,0,1,0,1,0,0,0
12558,1,1,1,0,0,0,0,0,1,1,1,0,0,0,0,0
12560,1,1,0,1,0,0,0,1,0,1,0,0,1,0,0,0
12562,1,1,0,1,0,0,0,1,0,1,0,0,1,0,0,0
12564,1,0,1,1,0,0,0,0,0,1,1,0,1,0,0,0
12566,1,1,1,0,0,0,0,1,0,1,0,0,1,0,0,0
12568,1,0,0,1,0,0,0,1,1,0,0,0,1,0,0,0
12570,1,1,0,1,0,0,0,1,0,1,1,0,0,0,0,0
12572,0,0,0,0,0,0,0,1,0,0,0,0,0,0,0,0
12574,1,1,1,0,0,0,0,1,0,1,0,0,1,0,0,0
12576,1,1,0,1,0,0,0,1,1,1,0,0,0,0,0,0
12578,1,1,1,0,0,0,0,0,0,1,1,0,1,0,0,0
12580,1,1,1,0,0,0,0,0,0,1,1,0,1,0,0,0
12582,0,1,1,1,0,0,0,0,1,1,0,0,1,0,0,0
12584,1,1,0,1,0,0,0,0,1,1,0,1,0,0,0,0
12586,1,1,1,0,0,0,0,1,0,0,0,1,1,0,0,0
12588,1,1,1,0,0,0,0,1,0,0,0,1,1,0,0,0
12590,1,1,1,0,0,0,0,1,0,1,0,0,1,0,0,0
12592,1,1,1,0,0,0,0,1,0,1,0,1,0,0,0,0
12594,1,1,1,0,0,0,0,0,0,1,0,0,1,0,0,0
12596,1,1,1,0,0,0,0,1,0,1,0,0,1,0,0,0
12598,1,1,1,0,0,0,0,1,0,1,0,0,1,0,0,0
12600,1,1,1,0,0,0,0,1,0,1,0,0,1,0,0,0
12602,1,1,0,1,0,0,0,1,0,1,0,0,1,0,0,0
12604,1,1,0,0,0,0,0,0,0,1,0,0,0,0,0,0
12606,1,1,0,1,0,0,0,0,0,0,1,1,1,0,0,0
12608,1,1,1,0,0,0,0,1,0,1,0,0,1,0,0,0
12610,1,1,1,0,0,0,0,0,0,0,1,1,1,0,0,0
12612,1,1,0,1,0,0,0,1,0,1,0,0,1,0,0,0
12614,1,0,1,1,0,0,0,0,0,0,1,1,1,0,0,0
12616,1,0,0,0,0,0,0,0,0,0,0,1,0,0,0,0
12618,0,0,0,1,0,0,0,0,0,0,1,0,0,0,0,0
12620,1,1,0,1,0,0,0,1,0,1,0,1,0,0,0,0
12794,0,4,1,1,0,0,0,1,0,0,1,0,1,0,0,0
12796,1,1,1,0,0,0,0,1,0,1,0,0,1,0,0,0
12798,1,1,0,1,0,0,0,1,0,1,1,0,0,0,0,0
12800,1,1,1,0,0,0,0,1,0,0,1,0,1,0,0,0
12802,1,1,1,0,0,0,0,0,0,4,1,0,1,0,0,0
12804,6,6,6,6,6,0,0,0,0,0,0,0,0,0,0,0
12806,1,1,1,0,0,0,0,1,0,0,1,0,1,0,0,0
12808,1,1,0,1,0,0,0,1,0,1,1,0,0,0,0,0
12810,1,4,0,1,0,0,0,0,1,0,1,1,0,0,0,0
12812,0,0,0,1,0,0,0,0,0,0,0,1,0,0,0,0
12814,4,4,4,0,0,0,0,4,0,0,4,0,4,0,0,0
12816,1,1,0,1,0,0,0,1,1,1,0,0,0,0,0,0
12818,0,0,0,1,0,0,0,1,0,0,0,0,0,0,0,0
12820,0,0,0,1,0,0,0,0,0,0,0,1,0,0,0,0
12822,1,4,1,0,0,0,0,0,0,1,1,0,1,0,0,0
12824,0,0,0,1,0,0,0,1,1,0,1,0,0,0,0,0
12826,1,1,1,0,0,0,0,0,0,1,0,1,1,0,0,0
12828,1,1,1,0,0,0,0,1,0,1,0,0,1,0,0,0
12830,1,0,0,0,0,0,0,0,0,0,1,0,0,0,0,0
12832,1,0,0,0,0,0,0,0,0,0,1,0,0,0,0,0
12834,4,4,0,4,0,0,0,0,4,0,4,4,0,0,0,0
12836,1,1,1,0,0,0,0,0,0,1,1,0,1,0,0,0
12838,0,0,0,0,0,0,0,1,0,0,0,0,0,0,0,0
12840,1,1,1,0,0,0,0,0,0,1,1,0,1,0,0,0
12842,1,1,1,0,0,0,0,0,0,1,0,1,1,0,0,0
12844,1,1,0,1,0,0,0,0,1,1,0,1,0,0,0,0
12846,0,1,1,1,0,0,0,1,0,0,1,1,0,0,0,0
12848,1,1,0,1,0,0,0,1,0,0,1,0,1,0,0,0
12850,1,1,1,0,0,0,0,1,1,0,0,0,1,0,0,0
12852,4,0,1,4,0,0,0,4,0,0,0,4,4,0,0,0
12854,1,1,1,0,0,0,0,0,0,1,1,0,1,0,0,0
12856,1,1,1,0,0,0,0,0,0,1,1,0,1,0,0,0
12858,1,1,1,0,0,0,0,1,0,0,1,0,1,0,0,0
12860,0,0,0,1,0,0,0,1,1,0,1,0,0,0,0,0
12862,1,1,1,0,0,0,0,1,0,1,0,1,0,0,0,0
12864,1,0,0,0,0,0,0,1,0,0,0,0,0,0,0,0
12866,1,1,0,1,0,0,0,1,1,0,1,0,0,0,0,0
12868,1,0,1,1,0,0,0,1,0,0,1,0,1,0,0,0
12870,1,1,0,1,0,0,0,1,0,0,0,1,1,0,0,0
12872,1,1,0,1,0,0,0,0,0,1,1,0,1,0,0,0
12874,1,0,1,1,0,0,0,1,0,1,0,0,1,0,0,0
12876,1,1,0,1,0,0,0,0,1,0,0,1,1,0,0,0
12878,1,1,0,1,0,0,0,0,0,0,1,1,1,0,0,0
12880,0,1,0,0,0,0,0,0,0,0,1,0,0,0,0,0
12882,1,4,4,0,0,0,0,4,0,1,0,0,1,0,0,0
12884,0,1,1,1,0,0,0,0,0,1,1,0,1,0,0,0
12886,1,1,0,1,0,0,0,0,1,0,0,1,1,0,0,0
12888,1,1,1,0,0,0,0,1,0,1,0,0,1,0,0,0
12890,0,1,0,1,1,0,0,1,0,1,0,0,0,1,0,0
12892,1,1,1,0,0,0,0,0,0,1,1,0,1,0,0,0
12894,1,1,1,0,0,0,0,1,0,1,0,0,1,0,0,0
12896,4,4,1,0,0,0,0,1,0,1,0,0,1,0,0,0
12898,1,0,1,1,0,0,0,1,0,1,0,0,1,0,0,0
12900,1,1,1,0,0,0,0,1,1,1,0,0,0,0,0,0
12902,1,1,0,1,0,0,0,0,1,1,0,1,0,0,0,0
12904,1,1,1,0,0,0,0,0,0,1,1,0,1,0,0,0
12906,0,1,1,1,0,0,0,1,0,0,1,0,1,0,0,0
12908,1,0,0,1,0,0,0,1,1,0,0,0,0,0,0,0
12910,1,0,1,1,0,0,0,1,0,1,0,0,1,0,0,0
12912,1,1,0,1,0,0,0,1,0,1,0,0,1,0,0,0
12914,1,1,1,0,0,0,0,0,0,0,1,0,0,0,0,0
12916,1,1,1,0,0,0,0,0,0,1,1,0,1,0,0,0
12918,1,1,0,1,0,0,0,1,0,1,1,0,0,0,0,0
12920,1,1,0,1,0,0,0,1,1,1,0,0,0,0,0,0
12922,1,1,1,0,0,0,0,1,0,1,0,0,1,0,0,0
12924,1,1,1,0,0,0,0,1,0,1,1,0,0,0,0,0
12926,1,1,1,0,0,0,0,0,0,1,1,0,1,0,0,0
12928,1,1,1,0,0,0,0,0,0,1,1,0,1,0,0,0
12930,1,1,1,0,0,0,0,1,1,0,0,0,1,0,0,0
12932,1,1,1,0,0,0,0,0,0,1,0,0,0,0,0,0
12934,0,0,0,0,0,0,0,1,0,0,0,0,1,0,0,0
12936,1,1,1,0,0,0,0,1,0,1,0,1,0,0,0,0
12938,1,1,1,0,0,0,0,0,0,0,0,0,0,0,0,0
12940,1,1,1,0,0,0,0,0,0,0,0,0,0,0,0,0
12942,1,1,1,0,0,0,0,1,0,1,0,0,1,0,0,0
12944,0,0,0,1,0,0,0,0,0,0,0,0,0,1,0,0
12946,0,1,1,1,0,0,0,1,0,1,0,0,1,0,0,0
12948,1,1,1,0,0,0,0,0,0,1,0,1,1,0,0,0
12950,1,1,1,0,0,0,0,1,0,1,0,0,1,0,0,0
12952,1,1,1,0,0,0,0,1,1,0,0,0,1,0,0,0
12954,0,1,1,1,0,0,0,1,1,0,0,4,0,0,0,0
12956,1,0,1,1,0,0,0,1,0,1,0,0,1,0,0,0
12958,1,1,1,0,0,0,0,1,1,1,0,0,0,0,0,0
12960,5,1,1,0,0,0,0,1,0,0,1,0,1,0,0,0
12962,1,1,1,0,0,0,0,1,0,1,0,0,1,0,0,0
12964,1,0,0,0,0,0,0,0,0,0,0,0,1,0,0,0
12966,1,1,1,0,0,0,0,1,0,1,0,0,1,0,0,0
12968,1,1,1,0,0,0,0,1,0,0,1,1,0,0,0,0
12970,1,1,1,0,0,0,0,1,0,1,1,0,0,0,0,0
12972,1,0,1,0,0,0,0,0,0,0,0,0,0,0,0,0
12974,1,1,0,1,0,0,0,1,1,0,0,1,0,0,0,0
12976,0,0,0,0,0,0,0,0,0,0,0,0,0,0,0,0
12978,1,1,0,4,0,0,0,0,0,0,0,0,1,0,0,0
12980,1,1,1,0,0,0,0,1,0,1,0,0,1,0,0,0
12982,1,1,1,0,0,0,0,0,0,1,1,0,1,0,0,0
12984,2,2,0,2,0,0,0,0,0,0,0,0,2,0,0,0
12986,1,1,1,0,0,0,0,0,0,1,1,0,1,0,0,0
12988,1,1,1,0,0,0,0,0,0,1,0,1,1,0,0,0
12990,0,4,0,0,0,0,0,0,0,4,0,0,0,0,0,0
12992,0,4,0,0,0,0,0,0,0,4,0,0,0,0,0,0
12994,1,1,1,0,0,0,0,0,1,1,0,0,1,0,0,0
12996,1,1,0,1,0,0,0,1,0,1,0,0,1,0,0,0
12998,1,1,1,0,0,0,0,0,0,0,1,0,0,0,0,0
13000,1,1,1,0,0,0,0,1,0,1,0,0,1,0,0,0
13002,0,0,0,0,0,0,0,0,0,0,0,0,0,0,0,0
13004,0,1,1,1,0,0,0,0,1,0,0,1,1,0,0,0
13006,1,1,1,0,0,0,0,1,1,0,0,1,0,0,0,0
13008,1,1,0,1,0,0,0,1,1,0,1,0,0,0,0,0
13010,1,1,1,0,0,0,0,1,0,4,0,0,1,0,0,0
13012,1,1,1,0,0,0,0,0,0,0,1,0,1,0,0,0
13014,1,1,1,0,0,0,0,0,0,1,1,0,1,0,0,0
13016,1,1,1,0,0,0,0,1,0,1,0,0,1,0,0,0
13018,1,1,1,0,0,0,0,1,0,0,1,0,1,0,0,0
13020,1,1,1,0,0,0,0,1,0,1,0,0,1,0,0,0
13022,1,1,1,0,0,0,0,0,0,1,1,0,1,0,0,0
13024,1,1,1,0,0,0,0,0,0,1,1,0,1,0,0,0
13026,1,1,1,0,0,0,0,1,0,1,0,0,1,0,0,0
13028,1,1,1,0,0,0,0,1,0,1,0,0,1,0,0,0
13030,1,1,1,0,0,0,0,1,0,1,0,0,1,0,0,0
13032,1,1,0,1,0,0,0,0,1,1,0,0,1,0,0,0
13034,1,1,1,0,0,0,0,0,0,1,0,1,1,0,0,0
13036,1,1,1,0,0,0,0,0,0,1,1,1,0,0,0,0
13038,1,1,1,0,0,0,0,1,1,0,1,0,0,0,0,0
13040,4,4,4,0,0,0,0,4,0,4,0,0,1,0,0,0
13042,1,1,1,0,0,0,0,1,0,1,0,0,1,0,0,0
13044,1,1,1,0,0,0,0,1,0,1,0,0,1,0,0,0
13046,1,1,0,1,0,0,0,1,1,0,0,1,0,0,0,0
13048,1,1,1,0,0,0,0,1,0,1,0,0,1,0,0,0
13050,4,1,1,0,0,0,0,1,0,4,1,0,0,0,0,0
13052,1,1,0,1,0,0,0,1,0,1,0,0,1,0,0,0
13054,0,1,1,1,0,0,0,1,1,0,1,0,0,0,0,0
13056,1,1,1,0,0,0,0,1,0,1,0,0,1,0,0,0
13058,1,1,1,0,0,0,0,1,0,0,1,1,0,0,0,0
13060,1,1,0,1,0,0,0,1,0,1,0,0,1,0,0,0
13062,1,1,1,0,0,0,0,0,0,1,1,1,0,0,0,0
13064,1,1,0,0,0,0,0,1,0,0,0,0,0,0,0,0
13924,1,1,0,1,0,0,0,1,0,0,1,0,1,0,0,0
13926,0,1,1,0,0,0,0,0,0,1,0,0,1,0,0,0
13928,0,1,1,0,0,0,0,0,0,0,0,0,1,0,0,0
13930,1,1,1,0,0,0,0,1,0,1,1,0,0,0,0,0
13932,1,1,0,1,0,0,0,4,0,4,0,0,1,0,0,0
13934,1,1,0,1,0,0,0,1,0,1,0,1,0,0,0,0
13936,1,1,0,1,0,0,0,1,0,0,0,1,1,0,0,0
13938,1,1,1,0,0,0,0,0,0,0,0,0,1,0,0,0
13940,0,1,1,1,0,0,0,0,0,1,1,0,1,0,0,0
13942,0,1,1,1,0,0,0,0,0,1,1,0,1,0,0,0
13944,1,1,1,0,0,0,0,1,0,1,0,0,1,0,0,0
13946,0,1,1,1,0,0,0,1,0,0,1,1,0,0,0,0
13948,1,1,0,1,0,0,0,0,1,0,0,1,1,0,0,0
13950,0,1,1,1,0,0,0,1,1,0,1,0,0,0,0,0
13952,1,0,1,1,0,0,0,0,0,1,1,0,1,0,0,0
13954,0,4,4,4,0,0,0,4,0,0,0,4,4,0,0,0
13956,0,0,0,1,0,0,0,0,0,1,0,0,0,0,0,0
13958,1,1,0,1,0,0,0,1,1,0,0,1,0,0,0,0
13960,1,1,0,1,0,0,0,1,0,1,0,0,1,0,0,0
13962,0,1,1,1,0,0,0,1,0,1,0,0,1,0,0,0
13964,4,4,4,0,0,0,0,0,1,0,4,0,4,0,0,0
13966,0,1,1,1,0,0,0,0,1,1,0,0,1,0,0,0
13968,1,1,1,0,0,0,0,1,0,0,1,1,0,0,0,0
13970,1,1,1,0,0,0,0,0,0,0,1,1,1,0,0,0
13972,0,1,1,1,0,0,0,1,0,1,0,0,1,0,0,0
13974,1,1,0,1,0,0,0,0,1,0,1,1,0,0,0,0
13976,0,0,1,1,0,0,0,1,1,0,0,0,1,0,0,0
13978,0,0,0,1,0,0,0,1,0,0,0,0,0,0,0,0
13980,1,1,0,1,0,0,0,1,0,0,0,1,1,0,0,0
13982,1,1,1,0,0,0,0,0,0,0,0,1,1,0,0,0
13984,0,1,1,1,0,0,0,0,0,1,1,0,1,0,0,0
13986,1,1,0,1,0,0,0,1,0,0,1,1,0,0,0,0
13988,1,1,0,1,0,0,0,0,1,1,0,0,1,0,0,0
13990,0,0,0,0,0,0,0,0,0,0,0,0,0,0,0,0
13992,5,1,0,1,0,0,0,0,0,0,1,1,1,0,0,0
13994,1,1,0,1,0,0,0,0,0,0,1,1,1,0,0,0
13996,0,1,1,1,0,0,0,1,0,0,0,1,1,0,0,0
13998,1,1,1,0,0,0,0,0,0,1,1,0,0,0,0,0
14000,0,1,1,1,0,0,0,1,0,0,0,1,1,0,0,0
14002,1,1,1,0,0,0,0,0,0,0,1,1,1,0,0,0
14004,1,1,1,0,0,0,0,1,0,0,0,1,1,0,0,0
14006,0,1,1,1,0,0,0,1,0,1,0,0,1,0,0,0
14008,1,1,0,1,0,0,0,1,0,1,0,0,1,0,0,0
14010,1,1,1,0,0,0,0,1,0,1,0,0,1,0,0,0
14012,1,0,0,0,0,0,0,0,0,0,1,0,0,0,0,0
14014,0,0,0,0,0,0,0,1,0,1,0,0,1,0,0,0
14016,1,1,0,1,0,0,0,0,1,0,0,1,1,0,0,0
14018,1,1,0,1,0,0,0,1,1,1,0,0,0,0,0,0
14020,1,1,1,0,0,0,0,1,0,0,1,0,1,0,0,0
14022,1,1,1,0,0,0,0,1,0,1,0,0,1,0,0,0
14024,1,1,1,0,0,0,0,0,0,1,0,1,1,0,0,0
14026,1,1,0,1,0,0,0,1,1,1,0,0,0,0,0,0
14028,0,1,1,1,0,0,0,1,0,1,0,0,1,0,0,0
14030,1,1,0,0,0,0,0,1,0,1,0,0,1,0,0,0
14032,5,1,0,4,0,0,0,4,0,0,0,4,4,0,0,0
14034,1,1,0,0,0,0,0,0,0,0,1,0,1,0,0,0
14036,1,1,0,1,0,0,0,1,0,0,0,1,1,0,0,0
14038,1,1,1,0,0,0,0,1,0,1,0,0,1,0,0,0
14040,1,1,0,1,0,0,0,1,1,0,1,0,0,0,0,0
14042,0,1,1,1,0,0,0,1,0,1,0,0,1,0,0,0
14044,1,0,1,1,0,0,0,0,1,1,0,0,1,0,0,0
14046,0,0,0,0,0,0,0,0,0,0,0,0,0,0,0,0
14048,1,4,4,0,0,0,0,4,0,1,0,0,1,0,0,0
14050,1,0,1,1,0,0,0,1,0,1,0,1,0,0,0,0
14052,4,4,0,4,0,0,0,0,0,4,1,0,5,0,0,0
14054,1,0,1,1,0,0,0,0,0,1,1,0,1,0,0,0
14056,1,1,1,0,0,0,0,0,0,1,0,1,1,0,0,0
14058,1,1,0,1,0,0,0,1,0,1,0,0,1,0,0,0
14060,0,0,0,1,0,0,0,0,0,1,0,0,1,0,0,0
14062,1,1,1,0,0,0,0,1,0,1,0,0,1,0,0,0
14064,1,1,1,0,0,0,0,0,0,1,0,1,1,0,0,0
14066,0,0,0,2,0,0,0,2,2,0,0,0,0,0,0,0
14068,1,1,0,1,0,0,0,1,1,0,1,0,0,0,0,0
14070,1,0,0,1,1,0,0,1,1,0,0,0,0,0,0,0
14072,1,1,1,0,0,0,0,1,0,1,1,0,0,0,0,0
14074,1,1,1,0,0,0,0,1,0,1,0,0,0,0,0,0
14076,0,1,1,1,0,0,0,1,1,0,1,0,0,0,0,0
14078,0,0,0,1,0,0,0,0,0,0,0,0,1,0,0,0
14080,1,1,1,0,0,0,0,1,0,1,0,1,0,0,0,0
14082,1,1,4,0,0,0,0,1,0,0,1,0,1,0,0,0
14084,1,0,1,1,0,0,0,1,1,0,0,1,0,0,0,0
14086,1,1,0,1,0,0,0,1,0,1,0,1,0,0,0,0
14088,1,1,1,0,0,0,0,0,0,1,1,0,1,0,0,0
14090,0,0,0,1,0,0,0,1,0,0,0,0,0,0,0,0
14092,1,1,1,0,0,0,0,1,0,1,0,1,0,0,0,0
14094,1,0,1,1,0,0,0,0,1,0,1,1,0,0,0,0
14096,1,1,0,1,0,0,0,1,1,0,0,0,1,0,0,0
14098,4,4,0,4,0,0,0,0,0,4,0,4,4,0,0,0
14100,1,1,0,1,0,0,0,1,0,1,0,0,1,0,0,0
14102,1,1,1,0,0,0,0,0,0,1,1,0,1,0,0,0
14104,1,1,1,0,0,0,0,0,0,1,0,1,1,0,0,0
14106,1,1,1,0,0,0,0,0,0,1,1,0,1,0,0,0
14108,1,0,0,1,0,0,0,0,1,0,0,0,1,0,0,0
14110,1,1,0,1,0,0,0,1,0,1,0,0,1,0,0,0
14112,1,1,1,0,0,0,0,0,0,1,1,0,1,0,0,0
14114,1,0,1,1,0,0,0,0,0,0,1,1,1,0,0,0
14116,1,1,0,1,0,0,0,1,0,1,0,0,1,0,0,0
14118,1,1,0,1,0,0,0,0,0,1,1,1,0,0,0,0
14120,1,1,1,0,0,0,0,1,0,0,0,1,1,0,0,0
14122,0,0,0,1,0,0,0,1,0,1,0,0,0,0,0,0
14124,0,0,0,4,0,0,0,0,0,0,0,0,0,0,0,0
14126,1,1,0,1,0,0,0,1,0,1,1,0,0,0,0,0
14128,0,0,0,1,0,0,0,1,0,0,1,0,0,0,0,0
14130,1,1,1,0,0,0,0,1,0,0,1,0,1,0,0,0
14132,1,1,0,1,0,0,0,0,0,1,1,0,1,0,0,0
14134,1,1,0,1,0,0,0,1,1,1,0,0,0,0,0,0
14136,1,1,1,0,0,0,0,1,0,1,0,0,1,0,0,0
14138,1,1,1,0,0,0,0,0,0,1,1,0,1,0,0,0
14140,4,4,1,0,0,0,0,1,0,0,1,1,0,0,0,0
14142,0,1,1,1,0,0,0,0,1,1,0,0,1,0,0,0
14144,0,1,1,1,0,0,0,1,0,0,1,0,1,0,0,0
14146,1,1,1,0,0,0,0,0,0,1,1,0,1,0,0,0
14148,4,4,4,0,0,0,0,4,0,4,0,0,4,0,0,0
14150,1,1,1,0,0,0,0,0,0,1,1,0,1,0,0,0
14152,1,1,0,1,0,0,0,0,1,0,1,1,0,0,0,0
14154,1,1,1,0,0,0,0,0,0,1,1,0,1,0,0,0
14156,1,1,1,0,0,0,0,0,0,1,1,0,1,0,0,0
14158,1,1,1,0,0,0,0,0,0,1,1,0,1,0,0,0
14160,1,1,1,0,0,0,0,0,0,0,0,0,0,0,0,0
14162,1,1,1,0,0,0,0,0,0,1,1,0,1,0,0,0
14164,1,1,1,0,0,0,0,0,0,1,1,0,1,0,0,0
14166,1,1,0,1,0,0,0,1,0,2,1,1,0,0,0,0
14168,1,1,0,0,0,0,0,0,1,0,0,1,0,0,0,0
14170,1,1,0,1,0,0,0,1,1,0,1,0,0,0,0,0
14172,1,1,1,0,0,0,0,1,0,1,0,0,1,0,0,0
14174,4,4,1,0,0,0,0,4,0,0,4,0,1,0,0,0
14176,4,4,0,4,0,0,0,4,4,0,4,0,0,0,0,0
14178,1,0,1,1,0,0,0,0,1,1,0,0,1,0,0,0
14180,1,1,0,1,0,0,0,1,0,0,1,0,1,0,0,0
14182,0,0,0,1,0,0,0,1,1,0,0,0,0,0,0,0
14184,1,0,0,0,0,0,0,0,0,0,0,0,1,0,0,0
14186,1,1,1,0,0,0,0,1,0,1,0,0,1,0,0,0
14188,1,1,0,1,0,0,0,1,0,1,0,0,1,0,0,0
14190,1,1,1,0,0,0,0,0,0,1,0,1,1,0,0,0
14192,1,1,1,0,0,0,0,1,0,0,1,0,1,0,0,0
14194,1,1,1,0,0,0,0,1,0,1,0,0,1,0,0,0
14196,1,1,1,0,0,0,0,1,0,1,0,0,1,0,0,0
14198,1,1,0,1,0,0,0,1,1,1,0,0,0,0,0,0
14200,1,1,0,1,0,0,0,0,0,1,1,0,1,0,0,0
14202,1,4,4,0,0,0,0,1,0,4,0,0,4,0,0,0
14204,1,1,1,0,0,0,0,0,0,0,0,0,0,0,0,0
14206,1,0,0,0,0,0,0,0,0,1,0,0,0,0,0,0
14208,1,1,0,1,0,0,0,4,0,4,4,0,0,0,0,0
14210,1,1,1,0,0,0,0,1,0,1,0,0,1,0,0,0
14212,1,1,1,0,0,0,0,1,1,1,0,0,0,0,0,0
14214,1,1,1,0,0,0,0,1,0,0,1,0,1,0,0,0
14216,1,1,0,1,0,0,0,1,0,1,1,0,0,0,0,0
14218,1,0,1,1,0,0,0,1,1,0,1,0,0,0,0,0
14220,1,1,0,0,0,0,0,0,0,0,0,0,0,0,0,0
14222,1,1,1,0,0,0,0,1,0,1,0,0,1,0,0,0
14224,1,1,1,0,0,0,0,0,0,1,1,0,1,0,0,0
14226,1,1,1,0,0,0,0,1,0,0,1,0,1,0,0,0
14228,6,6,0,6,0,0,0,6,0,6,0,0,6,0,0,0
14230,1,1,0,1,0,0,0,1,1,0,1,0,0,0,0,0
14232,1,1,1,0,0,0,0,1,0,1,0,0,1,0,0,0
14234,0,1,0,1,0,0,0,0,1,0,1,1,0,0,0,0
14236,4,0,0,1,0,0,0,0,1,0,1,1,0,0,0,0
14238,1,1,1,0,0,0,0,0,0,0,1,1,1,0,0,0
14240,1,0,0,1,0,0,0,0,0,0,0,0,0,0,0,0
14242,1,0,1,1,0,0,0,1,0,1,0,0,1,0,0,0
14244,1,1,1,0,0,0,0,1,0,0,1,0,1,0,0,0
14246,0,1,1,1,0,0,0,0,1,0,1,0,1,0,0,0
14248,0,0,0,1,0,0,0,1,0,0,1,0,0,0,0,0
14250,0,1,0,0,0,0,0,0,1,0,0,0,0,0,0,0
14252,0,2,2,2,0,0,0,0,0,2,0,2,2,0,0,0
14254,1,1,0,1,0,0,0,1,1,0,1,0,0,0,0,0
14256,0,0,0,1,0,0,0,1,0,0,1,0,0,0,0,0
14258,1,1,0,1,0,0,0,1,0,1,1,0,0,0,0,0
14260,1,1,1,0,0,0,0,1,0,1,0,0,1,0,0,0
14262,1,1,4,0,0,0,0,0,1,1,0,0,1,0,0,0
14264,1,1,0,0,0,0,0,1,0,0,0,0,1,0,0,0
14266,6,6,0,6,0,0,0,6,0,6,0,0,6,0,0,0
14268,1,1,1,0,0,0,0,0,0,1,0,0,1,0,0,0
14270,0,1,1,1,0,0,0,0,1,0,1,1,0,0,0,0
14272,1,1,1,0,0,0,0,0,0,1,0,0,1,0,0,0
14274,1,1,1,0,0,0,0,0,0,1,1,0,1,0,0,0
14276,1,1,1,0,0,0,0,1,0,1,0,0,1,0,0,0
14278,1,0,0,0,0,0,0,1,0,0,0,0,0,0,0,0
14280,1,1,0,1,0,0,0,4,0,0,1,0,1,0,0,0
14282,1,1,1,0,0,0,0,0,0,1,1,0,1,0,0,0
14284,1,1,0,1,0,0,0,0,0,1,1,0,0,0,0,0
14286,1,0,1,1,0,0,0,0,1,1,0,0,1,0,0,0
14288,1,1,0,1,0,0,0,1,1,0,1,0,0,0,0,0
14290,1,1,0,4,0,0,0,0,0,1,1,0,4,0,0,0
14292,0,1,1,1,0,0,0,1,0,1,1,0,0,0,0,0
14294,0,0,0,0,0,0,0,0,0,0,0,1,0,0,0,0
14296,1,1,0,1,0,0,0,1,0,1,0,1,0,0,0,0
14298,1,0,1,1,0,0,0,0,0,1,1,0,1,0,0,0
14300,1,1,0,1,0,0,0,1,0,1,0,0,1,0,0,0
14302,1,1,0,1,0,0,0,1,1,1,0,0,0,0,0,0
14304,1,1,1,0,0,0,0,1,0,1,0,0,1,0,0,0
14306,0,1,0,0,0,0,0,0,0,0,0,0,1,0,0,0
14308,0,1,0,0,0,0,0,0,0,0,0,0,1,0,0,0
14310,0,0,1,0,0,0,0,0,0,0,1,0,0,0,0,0
14312,1,1,1,0,0,0,0,1,0,0,1,0,1,0,0,0
14314,1,1,1,0,0,0,0,1,0,1,0,0,1,0,0,0
14316,1,1,1,0,0,0,0,0,0,1,1,0,1,0,0,0
14318,1,4,1,0,0,0,0,0,0,0,0,0,4,0,0,0
14320,1,1,1,0,0,0,0,1,0,1,1,0,0,0,0,0
14322,1,1,1,0,0,0,0,1,0,1,0,0,1,0,0,0
14324,1,1,1,0,0,0,0,1,0,1,0,0,1,0,0,0
14326,1,1,1,0,0,0,0,0,0,1,1,0,1,0,0,0
14328,2,3,2,0,0,0,0,0,0,2,0,2,2,0,0,0
14330,1,1,1,0,0,0,0,1,1,0,4,0,0,0,0,0
14332,1,1,1,0,0,0,0,1,0,1,0,0,1,0,0,0
14334,0,1,0,0,0,0,0,0,0,0,1,0,0,0,0,0
14336,1,1,0,1,0,0,0,1,1,1,0,0,0,0,0,0
14338,2,2,0,2,0,0,0,2,0,2,2,0,0,0,0,0
14340,0,1,0,0,0,0,0,0,0,1,0,0,0,0,0,0
14342,0,1,1,0,0,0,0,0,0,1,0,0,0,0,0,0
14344,1,1,1,0,0,0,0,1,0,1,0,0,1,0,0,0
14346,1,1,1,0,0,0,0,1,0,1,0,0,1,0,0,0
14348,1,1,1,0,0,0,0,1,0,1,0,0,1,0,0,0
14350,1,1,1,0,0,0,0,1,0,1,0,0,1,0,0,0
14352,1,1,1,0,0,0,0,1,0,1,0,0,1,0,0,0
14354,1,1,0,1,0,0,0,1,0,0,0,0,1,1,0,0
14356,1,1,1,0,0,0,0,0,0,1,1,0,1,0,0,0
14358,1,1,1,0,0,0,0,0,0,1,1,0,1,0,0,0
14360,0,0,0,1,0,0,0,0,0,0,1,0,0,0,0,0
14362,1,1,1,0,0,0,0,0,0,0,0,0,0,0,0,0
14364,1,1,1,0,0,0,0,0,0,1,1,0,1,0,0,0
14366,1,1,0,1,0,0,0,1,0,0,0,1,1,0,0,0
14368,1,0,1,1,0,0,0,1,0,0,0,1,1,0,0,0
14370,1,1,0,1,0,0,0,1,0,1,0,0,1,0,0,0
14372,0,1,1,0,0,0,0,0,0,1,1,0,1,0,0,0
14374,1,1,0,4,0,0,0,0,1,0,0,1,1,0,0,0
14376,1,1,1,0,0,0,0,1,0,1,0,0,1,0,0,0
14378,0,1,0,0,0,0,0,0,0,1,0,0,0,0,0,0
14380,4,4,4,0,0,0,0,1,0,0,0,4,4,0,0,0
14382,1,0,0,0,0,0,0,0,0,0,0,0,0,0,0,0
14384,4,0,1,4,0,0,0,1,0,0,1,0,1,0,0,0
14386,0,1,1,0,0,0,0,0,0,1,1,0,1,0,0,0
14388,1,1,0,1,0,0,0,0,1,1,0,0,1,0,0,0
14390,1,1,1,0,0,0,0,1,0,1,0,0,1,0,0,0
14392,4,1,0,4,0,0,0,0,1,1,0,1,0,0,0,0
14394,1,0,0,0,0,0,0,0,0,0,0,0,1,0,0,0
14396,0,1,0,0,0,0,0,0,1,0,0,0,0,0,0,0
14398,1,0,1,0,0,0,0,0,0,1,0,0,1,0,0,0
14400,0,1,1,1,0,0,0,0,1,1,0,0,1,0,0,0
14402,1,1,1,0,0,0,0,1,0,0,1,0,1,0,0,0
14404,1,1,0,1,0,0,0,1,0,1,0,1,0,0,0,0
14406,1,1,1,0,0,0,0,1,0,1,0,1,0,0,0,0
14408,1,1,1,0,0,0,0,1,1,0,0,0,1,0,0,0
14410,0,0,0,1,0,0,0,0,0,0,0,0,0,0,0,0
14412,1,1,0,1,0,0,0,1,0,0,0,1,1,0,0,0
14414,0,0,0,1,0,0,0,0,0,0,0,0,0,0,0,0
14416,1,1,0,1,0,0,0,0,1,0,1,1,0,0,0,0
14418,1,0,1,1,0,0,0,1,0,1,1,0,0,0,0,0
14420,1,0,1,1,0,0,0,1,0,1,1,0,0,0,0,0
14422,1,1,1,0,0,0,0,1,0,1,0,1,0,0,0,0
14424,1,1,0,1,0,0,0,0,0,1,0,1,1,0,0,0
14426,4,4,4,0,0,0,0,0,0,0,1,1,4,0,0,0
14428,1,1,1,0,0,0,0,0,0,1,1,0,1,0,0,0
14430,1,1,1,0,0,0,0,1,0,1,1,0,0,0,0,0
14432,1,1,1,0,0,0,0,1,0,0,0,0,0,0,0,0
14434,1,1,1,0,0,0,0,0,0,0,1,0,0,0,0,0
14436,1,0,1,1,0,0,0,1,0,0,1,0,1,0,0,0
14438,1,1,1,0,0,0,0,1,0,0,0,1,1,0,0,0
14440,4,0,0,0,0,0,0,2,0,0,0,0,0,0,0,0
14442,1,0,1,1,0,0,0,1,0,0,1,0,1,0,0,0
14444,1,1,0,1,0,0,0,1,0,1,0,1,0,0,0,0
14446,1,1,0,1,0,0,0,1,1,0,1,0,0,0,0,0
14448,4,1,1,0,0,0,0,0,0,0,1,0,1,0,0,0
14450,1,1,1,0,0,0,0,1,0,1,0,1,0,0,0,0
14452,1,1,1,0,0,0,0,1,0,1,0,0,1,0,0,0
14454,1,1,0,0,0,0,0,0,0,0,0,0,1,0,0,0
14456,1,1,0,0,0,0,0,0,0,0,0,0,1,0,0,0
14458,1,1,1,0,0,0,0,1,0,1,0,0,1,0,0,0
14460,1,1,0,1,0,0,0,1,1,0,1,0,0,0,0,0
14462,1,1,1,0,0,0,0,1,0,1,0,0,1,0,0,0
14464,1,1,1,0,0,0,0,1,0,1,0,0,1,0,0,0
14466,1,1,1,0,0,0,0,1,0,1,0,0,1,0,0,0
14468,1,1,1,0,0,0,0,1,0,1,0,0,1,0,0,0
14470,0,1,1,0,0,0,0,1,0,1,0,0,1,0,0,0
14472,0,1,1,0,0,0,0,1,0,1,0,0,1,0,0,0
14474,1,0,0,0,0,0,0,0,0,1,0,0,0,0,0,0
14476,1,1,1,0,0,0,0,1,0,1,0,0,1,0,0,0
14478,1,1,1,0,0,0,0,0,1,1,0,1,0,0,0,0
14480,0,0,0,0,0,0,0,0,0,0,0,0,1,0,0,0
14482,1,1,0,1,0,0,0,1,0,1,1,0,0,0,0,0
14484,0,1,1,1,0,0,0,0,0,0,1,1,1,0,0,0
14486,0,1,1,1,0,0,0,0,1,0,1,1,0,0,0,0
14488,1,0,1,1,0,0,0,1,0,0,1,0,1,0,0,0
14490,1,1,0,1,0,0,0,0,4,1,0,1,0,0,0,0
14492,1,1,0,0,0,0,0,0,0,0,1,1,0,0,0,0
14494,1,1,0,0,0,0,0,0,0,0,1,1,0,0,0,0
14496,1,1,0,1,0,0,0,1,0,0,1,0,1,0,0,0
14498,0,1,0,0,0,0,0,0,0,1,0,0,0,0,0,0
14500,1,1,1,0,0,0,0,1,0,1,0,0,1,0,0,0
14502,0,0,1,0,0,0,0,0,0,0,1,0,0,0,0,0
14504,1,1,1,0,0,0,0,0,0,1,1,0,1,0,0,0
14506,1,4,0,1,0,0,0,0,0,4,0,0,1,0,0,0
14508,1,1,1,0,0,0,0,1,0,4,0,0,1,0,0,0
14510,1,1,0,1,0,0,0,1,0,1,1,0,0,0,0,0
14512,1,1,0,1,0,0,0,1,0,1,0,0,1,0,0,0
14514,1,1,0,1,0,0,0,1,0,1,0,0,1,0,0,0
14516,1,1,1,0,0,0,0,1,0,1,1,0,0,0,0,0
14518,0,1,0,0,0,0,0,0,0,0,0,0,1,0,0,0
14520,0,1,1,1,0,0,0,1,1,1,0,0,0,0,0,0
14522,0,1,1,1,0,0,0,0,0,1,1,0,1,0,0,0
14524,1,1,1,0,0,0,0,1,1,0,0,0,1,0,0,0
14526,1,1,0,1,0,0,0,0,1,1,0,0,1,0,0,0
14528,0,1,0,0,0,0,0,0,0,0,0,0,1,0,0,0
14530,0,0,0,0,0,0,0,0,0,0,0,0,0,0,0,0
14532,1,1,0,1,0,0,0,1,0,0,0,1,1,0,0,0
14534,0,1,1,1,0,0,0,0,0,0,1,0,1,0,0,0
14536,1,1,1,0,0,0,0,1,0,0,1,0,1,0,0,0
14538,1,1,0,1,0,0,0,1,0,1,0,1,0,0,0,0
14540,4,0,4,4,0,0,0,4,0,0,4,4,0,0,0,0
14542,0,1,0,1,0,0,0,0,1,0,1,0,1,0,0,0
14544,1,1,1,0,0,0,0,0,0,1,1,0,1,0,0,0
14546,0,1,1,1,0,0,0,0,1,0,1,1,0,0,0,0
14548,1,1,0,1,0,0,0,1,0,1,0,1,0,0,0,0
14550,1,0,0,0,0,0,0,0,0,1,0,0,0,0,0,0
14552,0,1,0,0,0,0,0,0,0,1,0,0,0,0,0,0
14554,1,1,1,0,0,0,0,0,0,0,0,0,1,0,0,0
14556,0,1,0,1,0,0,0,1,0,1,0,0,1,0,0,0
14558,0,1,1,1,0,0,0,0,1,0,1,0,1,0,0,0
14560,0,1,0,0,0,0,0,1,0,0,0,0,0,0,0,0
14562,1,1,0,1,0,0,0,0,1,1,0,0,1,0,0,0
14564,1,1,1,0,0,0,0,0,0,1,1,0,1,0,0,0
14566,1,1,1,0,0,0,0,1,0,1,0,0,1,0,0,0
14568,4,4,4,0,0,0,0,0,4,4,0,0,4,0,0,0
14570,1,0,1,1,0,0,0,1,1,0,0,1,0,0,0,0
14572,1,0,0,0,0,0,0,0,0,1,0,0,0,0,0,0
14574,1,0,0,0,0,0,0,1,0,0,0,0,0,0,0,0
14576,1,1,0,1,0,0,0,1,1,1,0,0,0,0,0,0
14578,1,1,1,0,0,0,0,1,0,1,1,0,0,0,0,0
14580,1,1,1,0,0,0,0,1,0,1,0,0,1,0,0,0
14582,1,1,1,0,0,0,0,1,0,1,0,0,1,0,0,0
14584,1,1,1,0,0,0,0,1,0,1,0,0,1,0,0,0
14586,1,1,0,0,0,0,0,0,0,0,0,0,1,0,0,0
14588,0,1,1,1,0,0,0,1,0,1,0,1,0,0,0,0
14590,1,1,0,1,0,0,0,0,1,0,1,1,0,0,0,0
14592,1,1,1,0,0,0,0,0,0,1,1,0,1,0,0,0
14594,0,1,1,1,0,0,0,1,0,0,0,1,1,0,0,0
14596,1,1,0,1,0,0,0,1,0,1,0,0,1,0,0,0
14598,1,1,1,0,0,0,0,1,0,0,1,1,0,0,0,0
14600,0,1,1,1,0,0,0,1,0,0,1,0,1,0,0,0
14602,0,1,1,1,0,0,0,0,1,1,0,0,1,0,0,0
14604,1,0,1,1,0,0,0,1,1,0,0,0,1,0,0,0
14606,1,1,0,1,0,0,0,0,0,1,0,1,1,0,0,0
14608,0,1,1,0,0,0,0,0,0,1,1,0,1,0,0,0
14610,1,0,1,1,0,0,0,1,0,1,0,4,0,0,0,0
14612,1,1,0,1,0,0,0,0,0,0,1,1,1,0,0,0
14614,0,0,0,1,0,0,0,1,0,1,1,0,0,0,0,0
14616,1,1,1,0,0,0,0,0,0,1,0,0,1,0,0,0
14618,1,1,0,1,0,0,0,0,0,0,1,1,1,0,0,0
14620,0,1,1,1,0,0,0,1,0,0,1,0,1,0,0,0
14622,1,1,1,0,0,0,0,1,0,1,0,0,1,0,0,0
14624,1,1,0,1,0,0,0,1,0,0,1,1,0,0,0,0
14626,1,1,0,1,0,0,0,1,0,0,1,1,0,0,0,0
14628,0,1,0,0,0,0,0,1,0,0,0,0,0,0,0,0
14630,1,1,0,1,0,0,0,1,0,1,0,1,0,0,0,0
14632,1,1,1,0,0,0,0,0,0,1,0,1,1,0,0,0
14634,1,1,1,0,0,0,0,0,0,1,0,1,1,0,0,0
14636,0,1,0,0,0,0,0,1,0,0,0,0,0,0,0,0
14638,1,1,1,0,0,0,0,1,0,1,0,0,1,0,0,0
14640,1,1,1,0,0,0,0,1,0,1,1,0,0,0,0,0
14642,1,1,1,0,0,0,0,0,0,1,1,0,1,0,0,0
14644,0,1,1,1,0,0,0,1,0,0,1,0,1,0,0,0
14646,1,0,1,1,0,0,0,1,1,0,0,1,0,0,0,0
14648,1,1,1,0,0,0,0,0,0,1,0,1,1,0,0,0
14650,1,1,0,1,0,0,0,1,0,1,1,0,0,0,0,0
14652,1,1,0,1,0,0,0,1,1,0,1,0,0,0,0,0
14654,1,1,1,0,0,0,0,1,0,1,0,1,0,0,0,0
14656,0,1,1,1,0,0,0,1,1,1,0,0,0,0,0,0
14658,1,0,1,1,0,0,0,1,0,1,0,1,0,0,0,0
14660,1,1,1,0,0,0,0,1,0,1,0,0,1,0,0,0
14662,1,1,1,0,0,0,0,1,0,1,0,0,1,0,0,0
14664,1,1,1,0,0,0,0,0,0,1,0,1,1,0,0,0
14666,1,1,1,0,0,0,0,0,0,0,0,0,1,0,0,0
14668,4,0,4,4,0,0,0,4,0,4,0,4,0,0,0,0
14670,1,1,1,0,0,0,0,0,0,1,0,1,1,0,0,0
14672,1,1,0,1,0,0,0,1,0,0,1,0,1,0,0,0
14674,1,1,1,0,0,0,0,1,0,1,0,0,1,0,0,0
14676,1,1,1,0,0,0,0,1,0,1,0,0,1,0,0,0
14678,1,1,1,0,0,0,0,1,0,1,0,0,1,0,0,0
14680,1,1,1,0,0,0,0,0,0,1,0,0,1,0,0,0
14682,1,1,1,0,0,0,0,1,0,1,0,0,1,0,0,0
14684,1,0,1,1,0,0,0,1,1,0,1,0,0,0,0,0
14686,1,0,1,1,0,0,0,1,0,0,1,1,0,0,0,0
14688,0,0,0,0,0,0,0,0,0,0,0,0,1,0,0,0
14690,4,4,1,0,0,0,0,1,0,4,0,0,1,0,0,0
14692,1,4,1,0,0,0,0,0,0,1,0,1,1,0,0,0
14694,1,1,0,1,0,0,0,1,0,1,1,0,0,0,0,0
14696,1,1,1,0,0,0,0,0,1,1,1,0,0,0,0,0
14698,1,0,1,1,0,0,0,1,1,0,0,1,0,0,0,0
14700,1,1,1,0,0,0,0,1,0,1,0,0,1,0,0,0
14702,1,1,0,1,0,0,0,1,0,1,0,0,1,0,0,0
14704,1,1,0,1,0,0,0,1,0,1,1,0,0,0,0,0
14706,1,0,0,1,0,0,0,0,0,0,0,1,0,0,0,0
14708,1,1,0,1,0,0,0,1,1,1,0,0,0,0,0,0
14710,1,1,0,1,0,0,0,1,0,1,1,0,0,0,0,0
14712,2,0,2,2,0,0,0,0,0,2,0,2,2,0,0,0
14714,1,0,0,0,0,0,0,1,0,0,0,0,0,0,0,0
14716,1,1,1,0,0,0,0,1,0,1,0,0,1,0,0,0
14718,1,1,0,1,0,0,0,1,0,1,0,0,1,0,0,0
14720,1,1,0,1,0,0,0,1,0,0,0,1,1,0,0,0
14722,1,1,1,0,0,0,0,0,0,1,1,0,1,0,0,0
14724,0,1,0,0,0,0,0,1,0,0,0,0,0,0,0,0
14726,2,2,2,0,0,0,0,2,0,2,0,0,2,0,0,0
14728,2,2,2,0,0,0,0,2,0,2,0,0,2,0,0,0
14730,0,0,0,1,0,0,0,0,0,0,0,0,1,0,0,0
14732,1,1,1,0,0,0,0,1,0,1,1,0,0,0,0,0
31024,1,1,0,0,0,0,0,0,1,0,0,0,0,0,0,0
31026,1,1,1,0,0,0,0,0,0,1,1,0,1,0,0,0
31028,1,1,0,1,0,0,0,0,0,0,0,0,0,0,0,0
31030,1,1,0,1,0,0,0,1,1,0,0,1,0,0,0,0
31032,0,1,1,1,0,0,0,0,1,0,0,1,1,0,0,0
31034,1,1,0,1,0,0,0,1,0,1,0,0,1,0,0,0
31036,1,1,0,1,0,0,0,0,0,0,0,1,1,0,0,0
31038,1,0,0,0,0,0,0,0,0,0,0,0,1,0,0,0
31040,1,0,0,0,0,0,0,1,1,0,1,0,0,0,0,0
31042,1,1,0,1,0,0,0,1,1,0,0,0,1,0,0,0
31044,1,1,0,1,0,0,0,1,0,0,0,1,1,0,0,0
31046,1,1,1,0,0,0,0,1,0,1,0,0,1,0,0,0
31048,1,4,0,4,0,0,0,1,1,1,0,0,0,0,0,0
31050,1,1,1,0,0,0,0,0,0,1,0,0,1,0,0,0
31052,0,1,1,1,0,0,0,0,0,0,0,1,1,1,0,0
31054,1,1,1,0,0,0,0,1,0,1,0,0,1,0,0,0
31056,0,1,1,1,0,0,0,0,0,1,1,0,1,0,0,0
31058,0,0,0,1,0,0,0,0,0,0,0,0,1,0,0,0
31060,0,0,0,1,0,0,0,1,0,0,0,0,0,0,0,0
31062,1,1,1,0,0,0,0,0,0,1,0,0,0,0,0,0
31064,2,0,2,2,0,0,0,0,2,2,0,0,2,0,0,0
31066,0,1,1,1,0,0,0,1,1,0,0,0,1,0,0,0
31068,0,1,0,1,0,0,0,1,0,0,0,1,1,0,0,0
31070,1,1,1,0,0,0,0,1,0,1,0,0,1,0,0,0
31072,0,1,1,1,0,0,0,0,0,1,1,0,1,0,0,0
31074,0,1,1,1,0,0,0,0,0,1,1,0,1,0,0,0
31076,0,1,1,0,0,0,0,0,0,0,1,0,0,0,0,0
31078,0,1,1,1,0,0,0,1,0,0,1,1,0,0,0,0
31080,2,2,2,0,0,0,0,2,0,0,2,2,0,0,0,0
31082,1,1,1,0,0,0,0,0,0,1,1,1,0,0,0,0
31084,1,0,1,1,0,0,0,1,0,1,0,1,0,0,0,0
31086,1,1,0,0,0,0,0,0,0,0,1,0,0,0,0,0
31088,1,0,1,1,0,0,0,1,0,0,1,0,0,0,0,0
31090,1,0,1,0,0,0,0,0,0,1,1,0,0,0,0,0
31092,1,1,1,0,0,0,0,1,0,0,1,0,1,0,0,0
31094,1,0,1,1,0,0,0,0,1,0,1,1,0,0,0,0
31096,2,2,0,2,0,0,0,2,0,2,0,0,2,0,0,0
31098,1,1,1,0,0,0,0,1,1,0,1,0,0,0,0,0
31100,0,0,0,1,0,0,0,0,0,0,0,0,0,0,0,0
31102,1,1,1,0,0,0,0,0,0,1,1,0,1,0,0,0
31104,4,4,4,0,0,0,0,0,0,0,0,0,1,0,0,0
31106,1,1,0,1,0,0,0,1,0,0,1,0,1,0,0,0
31108,1,1,1,0,0,0,0,0,0,1,1,0,1,0,0,0
31110,0,1,1,1,0,0,0,0,0,1,1,1,0,0,0,0
31112,2,0,0,0,0,0,0,0,2,2,2,0,0,0,0,0
31114,0,0,0,1,0,0,0,1,0,0,0,0,1,0,0,0
31116,2,2,2,0,0,0,0,0,0,0,0,0,0,0,0,0
31118,1,0,1,1,0,0,0,1,0,0,1,0,1,0,0,0
31120,1,0,1,1,0,0,0,0,0,1,0,0,0,0,0,0
31122,0,0,0,6,0,0,0,1,0,0,0,0,0,0,0,0
31124,1,4,0,1,0,0,0,0,0,0,0,1,1,1,0,0
31126,1,1,1,0,0,0,0,0,0,1,0,1,1,0,0,0
31128,1,1,0,0,0,0,0,0,0,1,1,1,0,0,0,0
31130,1,1,0,1,0,0,0,1,0,0,1,0,1,0,0,0
31132,1,1,0,1,0,0,0,1,1,0,1,0,0,0,0,0
31134,0,1,1,1,0,0,0,1,0,0,1,1,0,0,0,0
31136,1,1,1,0,0,0,0,1,0,1,0,0,1,0,0,0
31138,1,1,0,1,0,0,0,0,1,0,1,1,0,0,0,0
31140,1,1,1,0,0,0,0,1,1,0,1,0,0,0,0,0
31142,0,1,1,0,0,0,0,0,0,0,0,0,0,0,0,0
31144,2,2,2,0,0,0,0,2,0,2,0,0,2,0,0,0
31146,1,0,0,0,0,0,0,0,0,0,0,0,1,0,0,0
31148,1,1,0,1,0,0,0,0,1,1,0,0,1,0,0,0
31150,0,0,0,0,0,0,0,1,0,1,1,0,0,0,0,0
31152,1,1,0,1,0,0,0,1,1,0,1,0,0,0,0,0
31154,1,1,1,0,0,0,0,1,0,1,0,0,1,0,0,0
31156,1,0,0,0,0,0,0,1,0,1,1,0,0,0,0,0
31158,1,1,0,1,0,0,0,1,1,0,1,0,0,0,0,0
31160,1,1,1,0,0,0,0,0,0,0,1,1,1,0,0,0
31162,0,1,0,0,0,0,0,0,0,1,0,0,0,0,0,0
31164,1,1,1,0,0,0,0,0,1,0,1,0,1,0,0,0
31166,1,1,1,0,0,0,0,0,0,0,0,1,0,0,0,0
31168,0,1,1,1,0,0,0,1,1,0,0,0,1,0,0,0
31170,1,0,1,1,0,0,0,0,1,0,0,1,1,0,0,0
31172,0,0,0,1,0,0,0,1,1,0,0,0,0,0,0,0
31174,0,1,1,1,0,0,0,1,1,0,0,1,0,0,0,0
31176,0,1,1,0,0,0,0,0,0,4,0,0,0,0,0,0
31178,1,1,1,0,0,0,0,0,0,1,0,0,1,0,0,0
31180,1,0,1,1,0,0,0,1,0,0,1,0,0,0,0,0
31182,1,1,0,1,0,0,0,0,0,1,0,1,1,0,0,0
31184,0,0,0,1,0,0,0,1,0,0,0,0,0,0,0,0
31186,0,0,0,1,0,0,0,4,0,0,0,0,0,0,0,0
31188,1,1,1,0,0,0,0,1,0,1,0,1,0,0,0,0
31190,1,0,0,1,0,0,0,1,0,0,1,1,0,0,0,0
31192,1,1,1,0,0,0,0,1,1,0,0,1,0,0,0,0
31194,1,0,1,1,0,0,0,0,0,1,1,0,1,0,0,0
31196,0,2,0,0,0,0,0,0,0,0,2,0,0,0,0,0
31198,0,1,0,1,0,0,0,0,1,0,1,1,0,0,0,0
31200,1,1,0,1,0,0,0,0,1,0,1,1,0,0,0,0
31202,1,1,0,1,0,0,0,1,1,0,1,0,0,0,0,0
31204,1,1,0,1,0,0,0,0,0,0,1,0,0,0,0,0
31206,1,1,1,0,0,0,0,1,1,0,1,0,0,0,0,0
31208,0,0,0,1,0,0,0,1,0,0,0,0,1,0,0,0
31210,0,0,0,0,0,0,0,0,0,0,0,0,0,0,0,0
31212,0,1,0,0,0,0,0,0,0,0,1,0,0,0,0,0
31214,1,0,1,1,0,0,0,0,1,0,1,1,0,0,0,0
31216,2,0,2,2,0,0,0,2,0,0,2,0,0,0,0,0
31218,0,0,0,0,0,0,0,0,0,0,0,0,0,0,0,0
31220,2,0,2,2,0,0,0,0,2,0,2,0,2,0,0,0
31222,1,0,0,1,0,0,0,1,0,1,0,0,1,0,0,0
31224,0,1,1,1,0,0,0,1,0,0,1,0,1,0,0,0
31226,0,0,0,1,0,0,0,1,0,0,0,0,1,0,0,0
31228,1,1,1,0,0,0,0,1,1,1,0,0,0,0,0,0
31230,1,0,1,1,0,0,0,1,0,1,0,0,1,0,0,0
31232,0,0,0,3,0,0,0,3,0,0,0,0,0,0,0,0
31522,1,1,0,1,0,0,0,0,1,0,0,0,0,1,1,0
31524,0,0,1,0,0,0,0,1,0,0,0,0,1,0,0,0
31526,1,1,0,1,0,0,0,1,1,1,0,0,0,0,0,0
31528,1,1,0,1,0,0,0,1,0,1,0,0,1,0,0,0
31530,1,1,1,0,0,0,0,1,0,1,0,0,1,0,0,0
31532,1,1,1,0,0,0,0,1,0,0,1,0,1,0,0,0
31534,4,4,0,4,0,0,0,4,4,0,0,4,0,0,0,0
31536,1,0,1,1,0,0,0,1,1,0,0,1,0,0,0,0
31538,1,1,1,0,0,0,0,0,0,1,1,0,1,0,0,0
31540,1,1,0,1,0,0,0,1,0,1,1,0,0,0,0,0
31542,1,1,1,0,0,0,0,1,0,1,0,0,1,0,0,0
31544,0,0,0,1,0,0,0,1,0,0,0,1,1,0,0,0
31546,1,1,1,0,0,0,0,1,0,1,0,1,0,0,0,0
31548,1,0,1,1,0,0,0,1,1,1,0,0,0,0,0,0
31550,1,0,1,1,0,0,0,1,0,1,0,0,1,0,0,0
31552,0,0,0,4,0,0,0,4,4,0,0,0,0,0,0,0
31554,1,1,0,1,0,0,0,1,0,1,0,0,1,0,0,0
31556,1,1,0,1,0,0,0,1,0,1,1,0,0,0,0,0
31558,1,1,1,0,0,0,0,1,0,1,0,0,1,0,0,0
31560,1,1,1,0,0,0,0,0,0,1,1,0,1,0,0,0
31562,4,4,0,4,0,0,0,1,4,0,0,0,4,0,0,0
31564,1,1,0,1,0,0,0,1,0,0,0,0,1,0,0,0
31566,2,2,0,2,0,0,0,2,2,0,2,0,0,0,0,0
31568,1,1,0,1,0,0,0,1,0,0,0,0,0,0,0,0
31570,1,1,1,0,0,0,0,0,0,0,0,0,0,0,0,0
31572,1,1,0,0,0,0,0,0,0,1,0,0,1,0,0,0
31574,1,1,1,0,0,0,0,0,0,0,1,1,1,0,0,0
31576,1,0,0,0,0,0,0,0,0,0,0,0,0,0,0,0
31578,0,0,0,1,0,0,0,1,1,0,0,1,0,0,0,0
31580,0,1,0,0,0,0,0,1,0,0,0,0,0,0,0,0
31582,1,1,1,0,0,0,0,0,0,1,0,1,1,0,0,0
31584,0,1,0,0,0,0,0,1,0,0,1,0,0,0,0,0
31586,1,1,1,0,0,0,0,1,0,1,1,0,0,0,0,0
31588,1,1,0,1,0,0,0,0,0,1,1,0,4,0,0,0
31590,1,1,0,1,0,0,0,1,0,0,1,0,1,0,0,0
31592,1,1,0,1,0,0,0,1,0,1,1,0,0,0,0,0
31594,0,0,0,0,0,0,0,0,0,0,0,4,0,0,0,0
31596,1,1,0,1,0,0,0,0,0,1,0,1,1,0,0,0
31598,1,1,1,0,0,0,0,0,0,0,0,0,0,0,0,0
31600,1,1,1,0,0,0,0,0,0,1,1,1,0,0,0,0
31602,1,1,1,0,0,0,0,0,0,1,0,0,1,0,0,0
31604,1,1,0,1,0,0,0,1,0,1,0,0,1,0,0,0
31606,0,1,1,0,0,0,0,1,0,1,0,0,0,0,0,0
31608,0,0,0,1,0,0,0,1,0,0,0,0,1,1,0,0
31610,1,1,1,0,0,0,0,0,0,1,1,0,0,0,0,0
31612,2,2,2,0,0,0,0,2,0,2,0,0,2,0,0,0
31614,1,1,0,1,0,0,0,1,0,1,0,0,1,0,0,0
31616,1,1,1,0,0,0,0,0,0,0,0,1,1,0,0,0
31618,4,4,0,4,0,0,0,0,1,0,0,1,1,0,0,0
31620,0,0,0,0,0,0,0,0,0,0,0,1,1,0,0,0
31622,2,3,2,0,0,0,0,2,0,2,0,0,2,0,0,0
31624,1,1,0,1,0,0,0,1,0,0,1,1,0,0,0,0
31626,1,1,1,0,0,0,0,1,0,1,0,0,1,0,0,0
31628,1,1,1,0,0,0,0,0,0,1,1,0,1,0,0,0
31630,0,1,1,1,0,0,0,1,0,1,1,0,0,0,0,0
31632,0,0,0,1,0,0,0,1,0,0,0,0,1,0,0,0
31634,0,0,0,1,0,0,0,1,0,0,0,0,0,0,0,0
31636,1,1,0,1,0,0,0,1,0,1,0,0,1,0,0,0
31638,1,1,1,0,0,0,0,0,0,1,1,0,1,0,0,0
31640,1,1,1,0,0,0,0,1,0,0,1,0,1,0,0,0
31642,1,1,1,0,0,0,0,1,0,1,0,0,1,0,0,0
31644,1,1,1,0,0,0,0,0,0,1,1,1,0,0,0,0
31646,1,1,0,1,0,0,0,1,0,1,0,0,1,0,0,0
31648,1,0,1,1,0,0,0,1,1,0,0,0,1,0,0,0
31650,1,1,1,0,0,0,0,0,0,1,1,0,1,0,0,0
31652,1,1,1,0,0,0,0,0,0,1,1,0,1,0,0,0
31654,1,0,1,1,0,0,0,0,0,0,0,1,0,0,0,0
31656,1,1,1,0,0,0,0,0,1,1,0,0,1,0,0,0
31658,0,0,0,0,0,0,0,0,1,0,0,0,0,0,0,0
31660,1,1,1,0,0,0,0,1,0,0,1,0,1,0,0,0
31662,1,1,0,1,0,0,0,1,0,0,1,0,1,0,0,0
31664,1,1,1,0,0,0,0,1,0,1,1,0,0,0,0,0
31666,0,0,1,0,0,0,0,0,0,1,0,0,0,0,0,0
31668,1,0,0,1,0,0,0,1,0,0,1,0,1,0,0,0
31670,0,1,0,0,0,0,0,0,0,0,0,0,1,0,0,0
31672,0,1,1,1,0,0,0,1,0,1,1,0,0,0,0,0
31674,1,1,1,0,0,0,0,0,0,1,0,0,1,0,0,0
31676,1,1,1,0,0,0,0,1,0,1,0,0,1,0,0,0
31678,1,0,1,1,0,0,0,1,0,1,1,0,0,0,0,0
31680,1,1,1,0,0,0,0,0,0,1,1,0,1,0,0,0
31682,1,1,1,0,0,0,0,0,0,1,1,0,1,0,0,0
31684,0,1,0,1,0,0,0,0,0,1,0,0,1,0,0,0
31686,1,1,1,0,0,0,0,0,0,1,1,0,1,0,0,0
31688,1,1,1,0,0,0,0,1,0,1,0,0,1,0,0,0
31690,1,1,0,1,0,0,0,1,0,1,1,0,0,0,0,0
31692,2,0,2,2,0,0,0,0,2,0,2,0,2,0,0,0
31694,1,1,1,0,0,0,0,0,0,1,1,0,1,0,0,0
31696,1,1,0,1,0,0,0,1,0,1,0,0,1,0,0,0
31698,1,1,1,0,0,0,0,0,0,1,0,1,1,0,0,0
31700,1,1,0,1,0,0,0,1,1,1,0,0,0,0,0,0
31702,1,1,1,0,0,0,0,0,0,1,1,0,1,0,0,0
31704,1,0,1,1,0,0,0,1,0,1,0,0,1,0,0,0
31706,1,1,1,0,0,0,0,1,0,1,0,0,1,0,0,0
31708,1,1,1,0,0,0,0,1,0,1,0,0,1,0,0,0
31710,0,0,0,1,0,0,0,1,0,0,0,0,1,0,0,0
31712,1,1,0,1,0,0,0,1,1,0,1,0,0,0,0,0
31714,1,1,0,1,0,0,0,1,0,0,0,0,1,0,0,0
31716,1,1,1,0,0,0,0,1,0,0,0,0,1,0,0,0
31718,2,0,0,0,0,0,0,0,0,0,2,0,0,0,0,0
31720,0,0,0,0,0,0,0,0,0,0,4,0,0,0,0,0
31722,1,1,0,1,0,0,0,1,1,0,0,0,1,0,0,0
31724,0,0,0,1,0,0,0,0,0,0,0,0,1,0,0,0
31726,1,1,0,1,0,0,0,1,1,0,0,1,0,0,0,0
31728,1,1,1,0,0,0,0,1,1,0,1,0,0,0,0,0
31730,1,1,0,1,0,0,0,1,0,0,1,1,0,0,0,0
31732,1,1,0,1,0,0,0,1,0,0,0,0,0,0,0,0
31734,1,1,1,0,0,0,0,1,0,1,0,0,1,0,0,0
31736,1,1,0,1,0,0,0,1,0,1,0,0,1,0,0,0
31738,1,1,0,1,0,0,0,1,0,1,0,0,1,0,0,0
31740,1,1,1,0,0,0,0,0,0,1,0,1,1,0,0,0
31742,0,0,0,1,1,1,0,0,0,1,1,1,0,0,0,0
31744,2,2,0,2,0,0,0,2,2,0,2,0,0,0,0,0
31746,3,0,3,3,0,0,0,0,3,3,0,0,3,0,0,0
31748,1,1,1,0,0,0,0,1,4,0,0,0,1,0,0,0
31750,1,1,1,0,0,0,0,0,1,1,0,0,1,0,0,0
31752,0,0,0,1,0,0,0,1,0,0,0,1,0,0,0,0
31754,2,0,0,2,0,0,0,2,2,0,0,2,0,0,0,0
31756,1,1,1,0,0,0,0,0,0,0,0,0,0,0,0,0
31758,1,1,0,0,0,0,0,0,0,1,1,0,1,0,0,0
31760,1,1,0,4,0,0,0,0,0,1,0,0,1,0,0,0
31762,4,1,1,0,0,0,0,1,0,4,0,1,0,0,0,0
31764,0,1,1,1,0,0,0,1,0,1,1,0,0,0,0,0
31766,1,1,0,1,0,0,0,0,0,0,0,0,0,0,0,0
31768,0,1,1,1,0,0,0,1,0,1,0,0,1,0,0,0
31770,1,0,1,0,0,0,0,1,1,0,1,0,0,0,0,0
31772,1,1,1,0,0,0,0,0,0,1,0,1,1,0,0,0
31774,1,0,1,1,0,0,0,1,0,0,0,0,1,0,0,0
31776,1,1,0,1,0,0,0,1,0,0,1,1,0,0,0,0
31778,1,0,1,1,0,0,0,1,0,0,1,0,1,0,0,0
31780,1,1,1,0,0,0,0,4,0,0,1,1,0,0,0,0
31782,2,2,2,0,0,0,0,0,0,0,2,0,2,0,0,0
31784,0,1,1,1,0,0,0,1,0,0,1,0,1,0,0,0
31786,5,1,0,1,0,0,0,5,0,5,5,0,0,0,0,0
31788,0,0,0,1,0,0,0,0,0,0,0,0,1,0,0,0
31790,0,1,1,1,0,0,0,1,0,0,1,0,1,0,0,0
31792,1,1,0,1,0,0,0,4,1,0,1,0,0,0,0,0
31794,1,1,1,0,0,0,0,1,0,1,0,0,1,0,0,0
31796,1,1,0,0,0,0,0,1,0,0,0,0,0,0,0,0
31798,1,1,1,0,0,0,0,1,0,1,0,0,1,0,0,0
31800,0,1,1,1,0,0,0,1,0,1,1,0,0,0,0,0
31802,4,1,4,0,0,0,0,0,4,4,4,0,0,0,0,0
31804,0,1,1,0,0,0,0,1,0,1,0,0,0,0,0,0
31806,0,0,0,1,0,0,0,1,1,0,0,1,0,0,0,0
31808,1,1,0,1,0,0,0,1,0,1,0,0,1,0,0,0
31810,4,0,4,4,0,0,0,4,0,1,0,4,0,0,0,0
31812,4,0,4,5,0,0,0,1,0,1,0,5,0,0,0,0
31814,0,0,0,1,0,0,0,1,0,0,0,0,0,0,0,0
31816,1,1,0,1,0,0,0,1,1,0,0,0,1,0,0,0
31818,1,1,0,1,0,0,0,1,1,0,0,0,1,0,0,0
31820,1,1,1,0,0,0,0,0,0,0,1,1,1,0,0,0
31822,1,1,0,1,0,0,0,1,1,0,0,0,4,0,0,0
31824,0,1,1,1,0,0,0,1,0,1,0,0,1,0,0,0
31826,0,1,1,1,0,0,0,1,0,1,0,0,1,0,0,0
31828,1,0,1,1,0,0,0,1,0,1,1,0,0,0,0,0
31830,0,0,1,0,0,0,0,0,0,1,0,0,0,0,0,0
31832,0,0,0,0,0,0,0,0,0,0,0,0,1,0,0,0
31834,1,1,0,1,0,0,0,0,0,1,1,0,0,0,0,0
31836,1,1,0,1,0,0,0,0,1,1,0,0,1,0,0,0
31838,1,1,0,1,0,0,0,0,1,1,0,0,1,0,0,0
31840,0,1,1,1,0,0,0,1,0,0,1,1,0,0,0,0
31842,1,1,0,1,0,0,0,1,1,1,0,0,0,0,0,0
31844,1,1,1,0,0,0,0,1,0,1,0,0,1,0,0,0
31846,0,1,0,4,0,0,0,0,0,0,0,0,0,0,0,0
31848,4,0,0,0,0,0,0,0,0,1,0,0,4,0,0,0
31850,0,1,1,0,0,0,0,0,0,0,1,0,0,0,0,0
31852,1,1,1,0,0,0,0,0,0,1,0,1,1,0,0,0
31854,0,0,1,0,0,0,0,0,0,0,0,0,1,0,0,0
31856,1,1,1,0,0,0,0,1,0,1,0,0,1,0,0,0
31858,1,0,0,1,0,0,0,1,0,0,1,0,0,0,0,0
31860,1,0,1,1,0,0,0,1,0,0,1,0,0,0,0,0
31862,1,1,0,1,0,0,0,1,1,1,0,0,0,0,0,0
31864,1,1,1,0,0,0,0,0,1,1,1,0,0,0,0,0
31866,1,1,1,0,0,0,0,1,0,1,0,0,1,0,0,0
31868,0,1,1,0,1,0,0,1,0,0,1,0,1,0,0,0
31870,1,1,1,0,0,0,0,0,0,1,1,0,1,0,0,0
31872,0,1,1,1,0,0,0,1,0,0,0,1,1,0,0,0
31874,4,4,4,0,0,0,0,4,0,4,0,0,1,0,0,0
31876,1,1,0,1,0,0,0,1,1,0,0,0,1,0,0,0
31878,1,1,0,1,0,0,0,1,0,0,1,0,1,0,0,0
31880,1,1,0,1,0,0,0,1,0,1,0,0,1,0,0,0
31882,1,0,0,1,0,0,0,0,0,1,0,0,1,0,0,0
31884,1,1,1,0,0,0,0,1,0,1,0,1,0,0,0,0
31886,0,0,0,1,0,0,0,1,0,0,0,0,1,0,0,0
31888,0,0,0,1,0,0,0,0,0,0,1,1,0,0,0,0
31890,0,0,0,1,0,0,0,0,0,0,1,0,0,0,0,0
31892,1,1,1,0,0,0,0,0,0,1,1,0,1,0,0,0
31894,1,1,1,0,0,0,0,0,0,1,1,0,1,0,0,0
31896,1,1,0,1,0,0,0,0,0,0,1,1,1,0,0,0
31898,1,1,0,1,0,0,0,1,0,1,0,0,1,0,0,0
31900,1,1,1,0,0,0,0,1,0,1,1,0,0,0,0,0
31902,1,0,0,0,0,0,0,0,0,1,0,0,0,0,0,0
31904,0,0,0,1,0,0,0,4,1,0,1,0,0,0,0,0
31906,1,0,0,0,0,0,0,0,0,1,0,0,0,0,0,0
31908,1,0,0,1,0,1,0,1,0,1,0,0,1,0,0,0
31910,1,1,0,1,0,0,0,0,0,1,1,0,1,0,0,0
31912,0,0,0,0,0,1,0,0,0,0,0,0,1,0,0,0
31914,1,1,1,0,0,0,0,0,0,1,1,0,1,0,0,0
31916,1,1,0,1,0,0,0,1,0,0,1,1,0,0,0,0
31918,1,0,1,1,0,0,0,1,0,1,0,0,1,0,0,0
31920,1,1,0,1,0,0,0,1,0,1,0,0,1,0,0,0
31922,0,1,1,0,0,0,0,1,0,0,0,0,1,1,0,0
31924,1,1,0,1,0,0,0,1,1,0,0,0,1,0,0,0
31926,1,0,1,1,0,0,0,0,0,1,0,1,1,0,0,0
31928,1,1,0,1,0,0,0,1,0,1,1,0,0,0,0,0
31930,1,1,0,1,0,0,0,1,0,1,1,0,0,0,0,0
31932,0,1,1,1,0,0,0,0,1,0,1,0,1,0,0,0
31934,1,1,0,0,0,0,0,0,0,1,0,0,1,0,0,0
31936,1,1,1,0,0,0,0,0,0,1,1,0,1,0,0,0
31938,1,0,1,1,0,0,0,1,0,1,0,0,1,0,0,0
31940,1,1,1,0,0,0,0,1,0,1,0,0,1,0,0,0
31942,0,1,1,0,0,0,0,1,1,0,0,0,1,0,0,0
31944,1,1,0,1,0,0,0,1,0,1,0,1,0,0,0,0
31946,1,1,1,0,0,0,0,0,0,1,1,0,1,0,0,0
31948,0,0,1,0,0,0,0,0,0,1,0,0,0,0,0,0
31950,1,1,1,0,0,0,0,1,0,1,1,0,0,0,0,0
31952,1,1,1,0,0,0,0,1,0,1,0,0,1,0,0,0
31954,1,1,0,1,0,0,0,1,0,1,1,0,0,0,0,0
31956,1,1,0,1,0,0,0,1,0,0,0,1,1,0,0,0
31958,0,0,1,1,0,0,0,1,0,1,1,0,0,0,0,0
31960,1,1,1,0,0,0,0,0,0,1,0,1,1,0,0,0
31962,1,1,1,0,0,0,0,0,0,0,1,1,1,0,0,0
31964,0,0,0,1,0,0,0,0,0,1,0,0,1,0,0,0
31966,1,0,1,1,0,0,0,1,1,0,1,0,0,0,0,0
31968,1,1,0,1,0,0,0,1,0,1,0,0,0,0,0,0
31970,1,0,1,1,0,0,0,0,1,0,0,1,1,0,0,0
31972,1,1,1,0,0,0,0,1,0,1,0,0,1,0,0,0
31974,0,0,0,1,0,0,0,1,0,0,0,0,0,0,0,0
31976,0,0,0,1,0,0,0,1,0,0,0,0,0,0,0,0
31978,0,1,0,0,0,0,0,0,0,1,1,0,0,0,0,0
31980,0,1,0,0,0,0,0,0,0,0,1,0,0,0,0,0
31982,1,1,0,1,0,0,0,1,0,1,0,1,0,0,0,0
31984,0,0,0,1,0,0,0,0,0,0,0,0,1,0,0,0
31986,1,1,0,1,0,0,0,0,0,1,1,1,0,0,0,0
31988,1,1,1,0,0,0,0,1,0,1,0,0,1,0,0,0
31990,1,0,1,1,0,0,0,0,0,1,0,1,1,0,0,0
31992,1,1,0,1,0,0,0,0,0,1,1,0,1,0,0,0
31994,0,0,0,1,0,0,0,1,0,0,1,0,0,0,0,0
31996,1,1,0,1,0,0,0,1,0,0,0,1,1,0,0,0
31998,0,1,1,1,0,0,0,0,0,1,1,0,1,0,0,0
32332,1,1,0,0,0,0,0,0,0,1,0,0,1,0,0,0
32334,0,0,0,1,0,0,0,1,0,0,0,0,1,0,0,0
32336,1,1,0,1,0,0,0,1,0,0,0,0,0,0,0,0
32338,1,1,1,0,0,0,0,0,1,0,1,0,1,0,0,0
32340,1,0,1,1,0,0,0,1,0,1,1,0,0,0,0,0
32342,1,1,0,1,0,0,0,0,0,0,1,1,1,0,0,0
32344,6,6,6,0,0,0,0,0,0,0,0,0,6,1,1,0
32346,4,4,4,0,0,0,0,0,0,4,0,4,4,0,0,0
32348,1,1,1,0,0,0,0,0,0,1,1,0,1,0,0,0
32350,1,1,1,0,0,0,0,0,0,1,1,0,1,0,0,0
32352,4,1,0,1,0,0,0,0,1,0,0,1,1,0,0,0
32354,1,1,0,1,0,0,0,0,1,0,0,1,1,0,0,0
32356,0,1,1,1,0,0,0,0,0,1,0,1,1,0,0,0
32358,1,1,0,0,0,0,0,0,0,0,0,0,1,0,0,0
32360,1,1,1,0,0,0,0,0,1,1,0,0,1,0,0,0
32362,1,1,0,1,0,0,0,1,0,1,0,0,1,0,0,0
32364,0,1,0,1,0,0,0,0,0,1,1,0,1,0,0,0
32366,1,1,0,0,0,0,0,1,0,0,1,0,0,0,0,0
32368,0,0,0,1,0,0,0,1,0,0,0,0,0,0,0,0
32370,1,0,1,0,0,0,0,1,0,4,0,0,1,0,0,0
32372,1,1,1,0,0,0,0,0,0,1,1,0,1,0,0,0
32374,1,1,0,1,0,0,0,0,0,1,1,0,1,0,0,0
32376,1,1,1,0,0,0,0,0,1,1,0,0,1,0,0,0
32378,1,1,1,0,0,0,0,0,0,1,1,0,1,0,0,0
32380,1,1,1,0,0,0,0,1,0,1,0,0,1,0,0,0
32382,0,0,0,1,0,0,0,1,0,0,0,0,0,0,0,0
32384,1,1,0,1,0,0,0,0,0,1,0,1,1,0,0,0
32386,1,1,1,0,0,0,0,0,0,1,1,1,0,0,0,0
32388,1,1,1,0,0,0,0,0,0,0,0,0,0,0,0,0
32390,1,1,1,0,0,0,0,0,0,1,1,0,1,0,0,0
32392,1,0,1,1,0,0,0,0,0,1,1,0,1,0,0,0
32394,1,1,1,0,0,0,0,1,0,0,1,0,1,0,0,0
32396,1,1,1,0,0,0,0,1,0,1,0,0,1,0,0,0
32398,1,1,1,0,0,0,0,1,0,1,0,0,1,0,0,0
32400,4,4,0,0,0,0,0,4,0,0,0,0,0,0,0,0
32402,0,0,0,1,0,0,0,1,1,0,0,0,1,0,0,0
32404,1,1,1,0,0,0,0,1,0,0,1,0,1,0,0,0
32406,1,1,1,0,0,0,0,1,0,0,1,0,1,0,0,0
32408,1,0,0,1,0,0,0,1,0,1,0,0,0,0,0,0
32410,1,1,0,1,0,0,0,0,0,1,0,1,1,0,0,0
32412,4,4,0,4,0,0,0,4,4,4,0,0,0,0,0,0
32414,1,1,0,1,0,0,0,1,1,0,0,0,0,0,0,0
32416,1,1,1,0,0,0,0,1,0,0,1,0,0,0,0,0
32418,1,1,0,0,0,0,0,0,4,4,4,0,0,0,0,0
32420,1,1,1,0,0,0,0,1,0,1,0,0,1,0,0,0
32422,1,0,1,1,0,0,0,1,0,0,1,1,0,0,0,0
32424,1,1,1,0,0,0,0,1,0,1,0,1,0,0,0,0
32426,1,1,1,0,0,0,0,1,1,1,0,0,0,0,0,0
32428,1,1,1,0,0,0,0,1,0,1,1,0,0,0,0,0
32430,0,1,1,1,0,0,0,1,1,0,0,1,0,0,0,0
32432,0,0,0,0,0,0,0,0,0,0,0,0,0,0,0,0
32434,1,1,1,0,0,0,0,0,0,1,0,1,1,0,0,0
32436,0,2,2,2,0,0,0,2,2,0,0,2,0,0,0,0
32438,1,0,0,0,0,0,0,1,0,1,0,0,1,0,0,0
32440,1,1,1,0,0,0,0,0,1,1,0,1,0,0,0,0
32442,1,0,0,0,0,0,0,0,0,0,0,0,1,0,0,0
32444,0,0,0,0,0,0,0,1,0,0,0,1,0,0,0,0
32446,0,1,0,0,0,0,0,0,0,0,0,0,1,0,0,0
32448,1,1,1,0,0,0,0,0,1,0,1,0,1,0,0,0
32450,0,1,0,0,0,0,0,1,1,0,0,0,0,0,0,0
32452,1,0,1,1,0,0,0,1,1,0,0,0,1,0,0,0
32454,1,1,0,1,0,0,0,1,1,0,0,0,1,0,0,0
32456,4,4,1,0,0,0,0,0,0,4,1,0,1,0,0,0
32458,0,0,0,0,0,0,0,0,0,0,0,0,1,0,0,0
32460,1,1,0,1,0,0,0,1,0,1,0,1,0,0,0,0
32462,1,1,0,1,0,0,0,1,0,1,1,0,0,0,0,0
32464,1,1,1,0,0,0,0,1,1,0,0,0,0,0,0,0
32466,1,0,1,1,0,0,0,1,0,1,1,0,0,0,0,0
32468,1,1,1,0,0,0,0,0,0,1,1,0,1,0,0,0
32470,1,1,1,0,0,0,0,0,0,1,1,0,1,0,0,0
32472,1,1,1,0,0,0,0,0,0,1,1,0,1,0,0,0
32474,1,1,0,1,0,0,0,1,0,1,1,0,0,0,0,0
32476,1,0,1,1,0,0,0,0,0,1,1,0,1,0,0,0
32478,1,1,0,1,0,0,0,1,0,1,0,0,1,0,0,0
32480,1,1,1,0,0,0,0,1,0,1,0,0,1,0,0,0
32482,1,1,1,0,0,0,0,0,0,1,1,0,1,0,0,0
32484,1,1,0,1,0,0,0,1,1,0,0,0,1,0,0,0
32486,2,2,0,2,0,0,0,2,0,2,2,0,0,0,0,0
32488,0,1,0,0,0,0,0,1,0,0,0,0,0,0,0,0
32490,1,1,1,0,0,0,0,0,0,1,1,0,1,0,0,0
32492,1,1,1,0,0,0,0,1,1,0,0,0,1,0,0,0
32494,0,0,0,1,0,0,0,1,0,0,0,0,0,0,0,0
32496,1,1,1,0,0,0,0,0,0,1,1,0,1,0,0,0
32498,1,0,1,1,0,0,0,1,1,0,1,0,0,0,0,0
32500,1,0,1,1,0,0,0,1,0,1,0,1,0,0,0,0
32502,1,1,0,1,0,0,0,0,0,1,0,1,1,0,0,0
32504,0,0,0,1,0,0,0,0,0,0,0,1,0,0,0,0
32506,1,1,1,0,0,0,0,0,0,1,0,1,1,0,0,0
32508,1,1,0,1,0,0,0,0,0,1,0,1,1,0,0,0
32510,2,2,0,2,0,0,0,0,0,0,0,0,2,0,0,0
32512,0,4,0,0,0,0,0,0,0,4,0,0,0,0,0,0
32514,1,0,0,0,0,0,0,0,0,1,0,0,0,0,0,0
32516,1,1,0,1,0,0,0,1,0,0,1,0,1,0,0,0
32518,1,0,0,1,0,0,0,1,0,0,0,1,0,0,0,0
32520,1,1,1,0,0,0,0,0,0,1,1,0,1,0,0,0
32522,0,1,1,1,0,0,0,0,1,0,0,1,1,0,0,0
32524,1,0,0,1,0,0,0,0,1,0,0,1,0,0,0,0
32526,1,1,1,0,0,0,0,1,0,0,1,1,0,0,0,0
32528,1,0,1,1,0,0,0,1,0,0,0,0,1,0,0,0
32530,4,4,4,0,0,0,0,4,0,4,0,0,4,0,0,0
32532,0,0,0,1,0,0,0,1,0,0,0,0,0,0,0,0
32534,0,0,0,1,0,0,0,1,1,0,1,0,0,0,0,0
32536,0,0,0,1,0,0,0,0,1,0,1,0,0,0,0,0
32538,1,1,1,0,0,0,0,1,1,0,1,0,0,0,0,0
32540,1,1,1,0,0,0,0,1,0,1,0,0,1,0,0,0
32542,1,4,4,0,0,0,0,4,0,4,0,0,1,0,0,0
32544,1,1,1,0,0,0,0,0,0,1,1,0,1,0,0,0
32546,4,1,1,0,0,0,0,0,0,1,1,0,1,0,0,0
32548,1,1,1,0,0,0,0,0,0,1,1,0,1,0,0,0
32550,1,1,1,0,0,0,0,1,0,1,1,0,0,0,0,0
32552,1,4,0,1,0,0,0,1,0,1,0,0,1,0,0,0
32554,1,1,0,1,0,0,0,1,0,0,0,0,0,0,0,0
32556,2,0,0,2,0,0,0,2,0,0,2,0,0,0,0,0
32558,2,2,0,0,0,0,0,0,0,0,0,0,2,0,0,0
32560,0,0,1,1,0,0,0,1,0,0,1,0,1,0,0,0
32562,1,1,1,0,0,0,0,1,1,0,1,0,0,0,0,0
32564,1,1,1,0,0,0,0,0,0,1,0,0,0,0,0,0
32566,1,1,1,0,0,0,0,0,0,1,1,0,1,0,0,0
32568,1,1,0,1,0,0,0,1,0,1,0,1,0,0,0,0
32570,1,0,0,1,0,0,0,1,1,0,0,1,0,0,0,0
32572,1,1,1,0,0,0,0,0,0,1,1,0,1,0,0,0
32574,1,1,1,0,0,0,0,1,0,1,0,0,1,0,0,0
32576,0,0,0,0,0,0,0,1,1,0,0,0,1,0,0,0
32578,1,1,0,1,0,0,0,1,0,1,0,0,1,0,0,0
32580,1,1,1,0,0,0,0,1,0,1,0,0,1,0,0,0
32582,1,1,0,1,0,0,0,1,0,1,0,0,1,0,0,0
32584,1,0,1,1,0,0,0,1,1,0,1,0,0,0,0,0
32586,1,1,1,0,0,0,0,0,0,1,0,0,1,0,0,0
32588,1,1,1,0,0,0,0,1,0,0,1,0,1,0,0,0
32590,4,0,0,1,0,0,0,1,1,0,0,1,0,0,0,0
32592,5,1,1,0,0,0,0,0,0,1,1,0,1,0,0,0
32594,1,1,0,1,0,0,0,1,1,1,0,0,0,0,0,0
32596,4,1,0,1,0,0,0,1,0,4,0,4,0,0,0,0
32598,1,1,0,1,0,0,0,1,1,0,1,0,0,0,0,0
32600,1,0,1,1,0,0,0,0,0,1,0,0,1,0,0,0
32602,1,1,0,1,0,0,0,1,0,1,0,0,1,0,0,0
32604,1,1,1,0,0,0,0,0,0,1,1,0,1,0,0,0
32606,1,0,1,0,0,0,0,1,0,0,1,0,1,0,0,0
32608,7,7,7,7,7,7,7,7,7,7,7,7,7,7,7,7
32610,1,1,1,0,0,0,0,1,0,1,0,0,1,0,0,0
32612,1,1,0,1,0,0,0,1,0,1,1,0,0,0,0,0
32614,1,1,1,0,0,0,0,0,0,0,0,0,0,0,0,0
32616,1,1,1,0,0,0,0,1,0,0,0,0,0,0,0,0
32618,1,1,0,1,0,0,0,0,0,1,1,0,1,0,0,0
32620,1,1,1,0,0,0,0,1,0,1,0,0,1,0,0,0
32622,1,1,1,0,0,0,0,1,1,0,0,1,0,0,0,0
32624,1,1,1,0,0,0,0,0,0,1,1,0,1,0,0,0
32626,4,1,4,0,0,0,0,4,0,1,0,0,1,0,0,0
32628,1,1,0,1,0,0,0,1,0,1,0,1,0,0,0,0
32630,1,1,1,0,0,0,0,0,0,1,1,0,1,0,0,0
32632,1,0,1,1,0,0,0,1,0,1,1,0,0,0,0,0
32634,1,0,1,1,0,0,0,0,0,1,1,0,1,0,0,0
32636,1,1,1,0,0,0,0,0,0,0,0,0,0,0,0,0
32638,1,1,1,0,0,0,0,1,0,1,0,0,1,0,0,0
32640,1,1,1,0,0,0,0,1,0,1,1,0,0,0,0,0
32642,1,1,0,1,0,0,0,1,0,1,0,0,1,0,0,0
32644,1,0,0,0,0,0,0,0,0,0,0,0,0,0,0,0
32646,1,1,0,1,0,0,0,1,1,1,0,0,0,0,0,0
32648,1,1,1,0,0,0,0,0,0,1,1,0,1,0,0,0
32650,1,1,1,0,0,0,0,0,0,1,0,0,4,0,0,0
32652,1,1,0,1,0,0,0,1,1,1,0,0,0,0,0,0
32654,1,1,0,1,0,0,0,1,1,0,1,0,0,0,0,0
32656,1,1,0,1,0,0,0,1,0,1,0,0,1,0,0,0
32658,1,0,0,1,0,0,0,1,0,0,0,0,1,0,0,0
32660,1,0,1,0,0,0,0,0,0,1,0,0,1,0,0,0
32662,1,1,1,0,0,0,0,1,0,1,0,0,1,0,0,0
32664,1,1,1,0,0,0,0,0,0,1,1,0,1,0,0,0
32666,1,0,1,1,0,0,0,1,0,0,1,0,1,0,0,0
32668,1,1,1,0,0,0,0,1,0,1,0,0,1,0,0,0
32670,1,1,0,1,0,0,0,0,0,1,0,0,1,0,0,0
32672,0,1,0,0,0,0,0,1,1,0,0,0,1,0,0,0
32674,1,4,0,1,0,0,0,1,0,1,1,0,0,0,0,0
32676,0,1,4,1,0,0,0,1,1,0,0,1,0,0,0,0
32678,1,1,0,1,0,0,0,1,0,0,0,0,0,0,0,0
32680,1,0,1,1,0,0,0,1,0,0,1,0,1,0,0,0
32682,1,1,1,0,0,0,0,1,0,1,1,0,0,0,0,0
32684,7,7,7,7,7,7,7,7,7,7,7,7,7,7,7,7
32686,7,7,7,7,7,7,7,7,7,7,7,7,7,7,7,7
32688,1,0,0,0,0,0,0,0,0,1,0,0,0,0,0,0
32690,1,1,4,0,0,0,0,0,0,4,4,0,4,0,0,0
32692,1,1,0,1,0,0,0,1,1,0,1,0,0,0,0,0
32694,0,1,1,1,0,0,0,1,0,1,1,0,0,0,0,0
32696,1,1,1,0,0,0,0,0,0,1,1,0,1,0,0,0
32698,0,1,1,1,0,0,0,1,1,0,0,0,1,0,0,0
32700,1,1,1,0,0,0,0,0,0,1,1,0,1,0,0,0
32702,0,0,4,0,0,0,0,0,0,0,4,0,0,0,0,0
32704,0,0,0,1,0,0,0,0,0,0,0,0,0,0,0,0
32706,1,1,0,1,0,0,0,0,0,1,0,1,1,0,0,0
32708,1,1,0,1,0,0,0,0,0,1,0,1,1,0,0,0
32710,0,1,1,1,0,0,0,1,0,1,0,0,1,0,0,0
32712,1,1,0,1,0,0,0,1,0,1,1,0,0,0,0,0
32714,1,1,1,0,0,0,0,1,0,1,1,0,0,0,0,0
32716,1,1,1,0,0,0,0,1,0,0,0,1,1,0,0,0
32718,0,0,0,0,0,1,0,1,0,1,0,0,0,0,0,0
32720,1,1,1,0,0,0,0,1,0,1,0,0,1,0,0,0
32722,1,0,1,1,0,0,0,1,1,0,1,0,0,0,0,0
32724,1,0,0,0,0,0,0,0,0,0,1,0,0,0,0,0
32726,1,1,1,0,0,0,0,0,0,1,1,0,1,0,0,0
32728,2,2,0,2,0,0,0,0,0,0,0,0,0,0,0,0
32730,1,0,0,1,0,0,0,0,0,0,1,0,0,0,0,0
32732,1,1,0,0,0,0,0,1,0,1,0,0,1,0,0,0
32734,0,1,1,1,0,0,0,1,0,1,0,0,1,0,0,0
32736,1,1,1,0,0,0,0,1,0,0,1,1,0,0,0,0
32738,1,1,1,0,0,0,0,0,0,0,0,1,0,0,0,0
32740,0,0,1,0,0,0,0,0,0,0,0,1,0,0,0,0
32742,0,4,4,4,0,0,0,1,0,4,0,0,4,0,0,0
32744,0,1,1,1,0,0,0,1,0,0,0,0,1,0,0,0
32746,1,1,0,1,0,0,0,1,0,1,0,0,1,0,0,0
32748,1,1,1,0,0,0,0,0,0,1,1,1,0,0,0,0
32750,1,1,1,0,0,0,0,1,0,1,0,0,1,0,0,0
32752,0,6,6,0,0,0,0,6,0,0,0,0,0,0,0,0
32754,1,1,1,0,0,0,0,0,0,1,1,0,1,0,0,0
32756,2,0,2,2,0,0,0,0,2,0,2,2,0,0,0,0
32758,0,1,1,1,0,0,0,1,0,1,1,0,0,0,0,0
32760,1,1,1,0,0,0,0,1,0,1,1,0,0,0,0,0
32762,0,1,1,1,0,0,0,1,0,1,0,0,1,0,0,0
32764,1,1,1,0,0,0,0,1,0,1,0,0,1,0,0,0
32766,0,4,0,0,0,0,0,1,1,1,0,0,0,0,0,0
32768,1,1,1,0,0,0,0,1,0,1,0,0,1,0,0,0
32770,1,1,1,0,0,0,0,0,0,1,1,0,1,0,0,0
32772,2,2,2,0,0,0,0,0,0,2,2,0,2,0,0,0
32774,0,1,1,1,0,0,0,0,0,1,1,0,1,0,0,0
32776,0,1,1,1,0,0,0,0,0,1,1,0,1,0,0,0
32778,1,0,0,0,0,0,0,1,1,0,1,0,0,0,0,0
32780,1,1,1,0,0,0,0,1,0,1,1,0,0,0,0,0
32782,0,0,0,1,0,0,0,1,1,0,0,0,0,0,0,0
32784,1,1,0,1,0,0,0,1,0,0,1,0,1,0,0,0
32786,1,1,0,1,0,0,0,0,1,1,1,0,0,0,0,0
32788,1,1,0,1,0,0,0,1,0,0,1,0,1,0,0,0
32790,0,1,1,1,0,0,0,1,0,1,1,0,0,0,0,0
32792,1,1,1,0,0,0,0,1,0,1,0,0,1,0,0,0
32794,1,1,1,0,0,0,0,0,0,1,1,1,0,0,0,0
32796,0,1,1,1,0,0,0,0,1,0,0,0,1,0,0,0
32798,1,1,0,1,0,0,0,1,0,0,1,0,1,0,0,0
32800,1,0,1,1,0,0,0,1,1,0,1,0,0,0,0,0
32802,1,1,0,1,0,0,0,0,0,1,1,0,1,0,0,0
32804,1,1,0,1,0,0,0,1,1,0,0,0,1,0,0,0
32806,1,0,1,1,0,0,0,1,0,0,0,0,1,0,0,0
32808,4,4,4,0,0,0,0,4,0,0,1,0,4,0,0,0
32810,1,1,1,0,0,0,0,0,0,1,0,1,1,0,0,0
32812,4,1,1,0,0,0,0,0,0,1,0,1,1,0,0,0
32814,1,1,1,0,0,0,0,1,0,0,1,0,1,0,0,0
32816,1,1,1,0,0,0,0,0,0,1,0,1,1,0,0,0
32818,0,1,0,1,0,0,0,1,1,0,1,0,0,0,0,0
32820,1,0,0,0,0,0,0,0,0,0,0,1,0,0,0,0
32822,1,0,1,1,0,0,0,1,0,0,0,1,1,0,0,0
32824,1,0,0,0,0,0,0,0,0,1,0,0,1,0,0,0
32826,1,0,1,0,0,0,0,1,0,0,0,0,1,0,0,0
32828,1,1,0,1,0,0,0,1,1,1,0,0,0,0,0,0
32830,1,1,1,0,0,0,0,1,1,0,0,1,0,0,0,0
32832,0,0,0,1,0,0,0,1,0,0,0,0,0,0,0,0
32834,1,1,0,1,0,0,0,1,0,4,0,0,4,0,0,0
32836,1,1,0,1,0,0,0,1,0,1,0,0,1,0,0,0
32838,2,2,0,2,0,0,0,2,2,2,0,0,0,0,0,0
32840,1,1,1,0,0,0,0,0,1,1,0,0,1,0,0,0
32842,0,1,1,1,0,0,0,1,1,0,0,0,1,0,0,0
32844,1,1,0,1,0,0,0,0,1,1,0,0,1,0,0,0
32846,1,1,0,0,0,0,0,0,0,0,0,0,1,0,0,0
32848,1,1,0,1,0,0,0,0,0,0,0,0,0,0,0,0
32850,0,0,1,0,0,0,0,0,0,0,0,1,0,0,0,0
32852,0,0,1,1,0,0,0,1,0,0,0,0,0,0,0,0
32854,1,0,1,1,0,0,0,1,0,1,1,0,0,0,0,0
32856,1,1,0,1,0,0,0,1,0,1,0,0,0,0,0,0
32858,1,1,1,0,0,0,0,0,0,0,1,1,1,0,0,0
32860,6,0,1,1,0,0,0,1,0,0,1,1,0,0,0,0
32862,0,1,1,0,0,0,0,0,0,0,0,0,0,0,0,0
32864,1,1,1,0,0,0,0,0,0,1,1,0,1,0,0,0
32866,1,1,1,0,0,0,0,0,0,1,1,0,1,0,0,0
32868,1,1,1,0,0,0,0,1,0,0,1,0,1,0,0,0
32870,1,1,1,0,0,0,0,1,0,4,0,0,1,0,0,0
32872,1,0,1,1,0,0,0,1,0,0,0,0,0,0,0,0
32874,1,0,1,1,0,0,0,1,0,0,1,0,1,0,0,0
32876,1,1,1,0,0,0,0,0,0,1,0,1,1,0,0,0
32878,1,1,1,0,0,0,0,0,0,0,0,0,0,0,0,0
32880,1,1,1,0,0,0,0,1,0,0,1,0,1,0,0,0
32882,0,1,1,1,0,0,0,1,0,0,1,0,1,0,0,0
32884,1,0,0,1,0,0,0,1,0,0,1,1,0,0,0,0
32886,1,1,1,0,0,0,0,0,0,1,1,1,0,0,0,0
32888,4,4,1,0,0,0,0,0,0,1,4,0,4,0,0,0
32890,0,0,0,0,0,0,0,1,0,0,0,1,1,0,0,0
32892,1,1,1,0,0,0,0,0,0,1,0,1,1,0,0,0
32894,1,1,1,0,0,0,0,0,0,1,0,0,1,0,0,0
32896,1,0,1,1,0,0,0,1,0,1,0,1,0,0,0,0
32898,0,1,1,1,0,0,0,1,0,1,1,0,0,0,0,0
32900,1,1,1,0,0,0,0,1,0,1,1,0,0,0,0,0
32902,1,1,0,4,0,0,0,4,0,4,0,0,1,0,0,0
32904,0,0,1,1,0,0,0,1,1,0,1,0,0,0,0,0
32906,1,0,1,1,0,0,0,1,0,1,1,0,0,0,0,0
32908,1,1,0,1,0,0,0,1,1,0,0,1,0,0,0,0
32910,1,1,0,1,0,0,0,0,0,1,1,0,1,0,0,0
32912,1,1,1,0,0,0,0,1,0,1,0,0,1,0,0,0
32914,0,0,0,1,0,0,0,4,4,0,0,0,0,0,0,0
32916,1,1,1,0,0,0,0,1,0,1,0,1,0,0,0,0
32918,1,1,1,0,0,0,0,1,0,1,0,1,0,0,0,0
32920,1,1,1,0,0,0,0,0,0,1,0,1,1,0,0,0
32922,1,1,1,0,0,0,0,1,0,0,1,0,1,0,0,0
32924,1,1,1,0,0,0,0,0,0,1,1,0,1,0,0,0
32926,1,1,0,1,0,0,0,1,0,1,0,0,1,0,0,0
32928,1,1,1,0,0,0,0,0,0,1,1,0,1,0,0,0
32930,1,1,1,0,0,0,0,0,0,1,1,0,1,0,0,0
32932,1,1,1,0,0,0,0,0,0,0,0,0,0,0,0,0
32934,1,1,0,1,0,0,0,1,0,1,0,0,1,0,0,0
32936,1,1,0,1,0,0,0,1,1,0,0,1,0,0,0,0
32938,1,1,0,1,0,0,0,1,0,1,0,0,1,0,0,0
32940,1,1,1,0,0,0,0,0,0,1,1,0,1,0,0,0
32942,1,0,1,1,0,0,0,0,0,1,1,1,0,0,0,0
32944,1,1,1,0,0,0,0,1,0,1,0,1,0,0,0,0
32946,0,0,0,0,0,0,0,0,0,0,0,0,0,0,0,0
32948,1,1,1,0,0,0,0,1,0,1,0,1,0,0,0,0
32950,0,0,0,1,0,0,0,1,0,0,0,0,0,0,0,0
32952,-1,-1,-1,-1,-1,-1,-1,-1,-1,-1,-1,-1,-1,-1,-1,-1
32954,-1,-1,-1,-1,-1,-1,-1,-1,-1,-1,-1,-1,-1,-1,-1,-1
32956,-1,-1,-1,-1,-1,-1,-1,-1,-1,-1,-1,-1,-1,-1,-1,-1
32958,-1,-1,-1,-1,-1,-1,-1,-1,-1,-1,-1,-1,-1,-1,-1,-1
32960,-1,-1,-1,-1,-1,-1,-1,-1,-1,-1,-1,-1,-1,-1,-1,-1
32962,-1,-1,-1,-1,-1,-1,-1,-1,-1,-1,-1,-1,-1,-1,-1,-1
32964,-1,-1,-1,-1,-1,-1,-1,-1,-1,-1,-1,-1,-1,-1,-1,-1
32966,-1,-1,-1,-1,-1,-1,-1,-1,-1,-1,-1,-1,-1,-1,-1,-1
32968,-1,-1,-1,-1,-1,-1,-1,-1,-1,-1,-1,-1,-1,-1,-1,-1
32970,-1,-1,-1,-1,-1,-1,-1,-1,-1,-1,-1,-1,-1,-1,-1,-1
32972,-1,-1,-1,-1,-1,-1,-1,-1,-1,-1,-1,-1,-1,-1,-1,-1
32974,-1,-1,-1,-1,-1,-1,-1,-1,-1,-1,-1,-1,-1,-1,-1,-1
32976,-1,-1,-1,-1,-1,-1,-1,-1,-1,-1,-1,-1,-1,-1,-1,-1
32978,-1,-1,-1,-1,-1,-1,-1,-1,-1,-1,-1,-1,-1,-1,-1,-1
32980,-1,-1,-1,-1,-1,-1,-1,-1,-1,-1,-1,-1,-1,-1,-1,-1
32982,-1,-1,-1,-1,-1,-1,-1,-1,-1,-1,-1,-1,-1,-1,-1,-1
32984,-1,-1,-1,-1,-1,-1,-1,-1,-1,-1,-1,-1,-1,-1,-1,-1
32986,-1,-1,-1,-1,-1,-1,-1,-1,-1,-1,-1,-1,-1,-1,-1,-1
32988,-1,-1,-1,-1,-1,-1,-1,-1,-1,-1,-1,-1,-1,-1,-1,-1
32990,-1,-1,-1,-1,-1,-1,-1,-1,-1,-1,-1,-1,-1,-1,-1,-1
32992,-1,-1,-1,-1,-1,-1,-1,-1,-1,-1,-1,-1,-1,-1,-1,-1
32994,-1,-1,-1,-1,-1,-1,-1,-1,-1,-1,-1,-1,-1,-1,-1,-1
32996,-1,-1,-1,-1,-1,-1,-1,-1,-1,-1,-1,-1,-1,-1,-1,-1
32998,-1,-1,-1,-1,-1,-1,-1,-1,-1,-1,-1,-1,-1,-1,-1,-1
33000,-1,-1,-1,-1,-1,-1,-1,-1,-1,-1,-1,-1,-1,-1,-1,-1
33002,-1,-1,-1,-1,-1,-1,-1,-1,-1,-1,-1,-1,-1,-1,-1,-1
33004,-1,-1,-1,-1,-1,-1,-1,-1,-1,-1,-1,-1,-1,-1,-1,-1
33006,-1,-1,-1,-1,-1,-1,-1,-1,-1,-1,-1,-1,-1,-1,-1,-1
33008,-1,-1,-1,-1,-1,-1,-1,-1,-1,-1,-1,-1,-1,-1,-1,-1
33010,-1,-1,-1,-1,-1,-1,-1,-1,-1,-1,-1,-1,-1,-1,-1,-1
33012,-1,-1,-1,-1,-1,-1,-1,-1,-1,-1,-1,-1,-1,-1,-1,-1
33014,-1,-1,-1,-1,-1,-1,-1,-1,-1,-1,-1,-1,-1,-1,-1,-1
33016,-1,-1,-1,-1,-1,-1,-1,-1,-1,-1,-1,-1,-1,-1,-1,-1
33018,-1,-1,-1,-1,-1,-1,-1,-1,-1,-1,-1,-1,-1,-1,-1,-1
33020,-1,-1,-1,-1,-1,-1,-1,-1,-1,-1,-1,-1,-1,-1,-1,-1
33022,-1,-1,-1,-1,-1,-1,-1,-1,-1,-1,-1,-1,-1,-1,-1,-1
33024,-1,-1,-1,-1,-1,-1,-1,-1,-1,-1,-1,-1,-1,-1,-1,-1
33026,-1,-1,-1,-1,-1,-1,-1,-1,-1,-1,-1,-1,-1,-1,-1,-1
33028,-1,-1,-1,-1,-1,-1,-1,-1,-1,-1,-1,-1,-1,-1,-1,-1
33030,-1,-1,-1,-1,-1,-1,-1,-1,-1,-1,-1,-1,-1,-1,-1,-1
33032,-1,-1,-1,-1,-1,-1,-1,-1,-1,-1,-1,-1,-1,-1,-1,-1
33034,-1,-1,-1,-1,-1,-1,-1,-1,-1,-1,-1,-1,-1,-1,-1,-1
33036,-1,-1,-1,-1,-1,-1,-1,-1,-1,-1,-1,-1,-1,-1,-1,-1
33038,-1,-1,-1,-1,-1,-1,-1,-1,-1,-1,-1,-1,-1,-1,-1,-1
33040,-1,-1,-1,-1,-1,-1,-1,-1,-1,-1,-1,-1,-1,-1,-1,-1
33042,-1,-1,-1,-1,-1,-1,-1,-1,-1,-1,-1,-1,-1,-1,-1,-1
33044,-1,-1,-1,-1,-1,-1,-1,-1,-1,-1,-1,-1,-1,-1,-1,-1
33046,-1,-1,-1,-1,-1,-1,-1,-1,-1,-1,-1,-1,-1,-1,-1,-1
33048,-1,-1,-1,-1,-1,-1,-1,-1,-1,-1,-1,-1,-1,-1,-1,-1
33050,-1,-1,-1,-1,-1,-1,-1,-1,-1,-1,-1,-1,-1,-1,-1,-1
33052,-1,-1,-1,-1,-1,-1,-1,-1,-1,-1,-1,-1,-1,-1,-1,-1
33054,-1,-1,-1,-1,-1,-1,-1,-1,-1,-1,-1,-1,-1,-1,-1,-1
33056,-1,-1,-1,-1,-1,-1,-1,-1,-1,-1,-1,-1,-1,-1,-1,-1
33058,-1,-1,-1,-1,-1,-1,-1,-1,-1,-1,-1,-1,-1,-1,-1,-1
33060,-1,-1,-1,-1,-1,-1,-1,-1,-1,-1,-1,-1,-1,-1,-1,-1
33062,-1,-1,-1,-1,-1,-1,-1,-1,-1,-1,-1,-1,-1,-1,-1,-1
33064,-1,-1,-1,-1,-1,-1,-1,-1,-1,-1,-1,-1,-1,-1,-1,-1
33066,-1,-1,-1,-1,-1,-1,-1,-1,-1,-1,-1,-1,-1,-1,-1,-1
33068,-1,-1,-1,-1,-1,-1,-1,-1,-1,-1,-1,-1,-1,-1,-1,-1
33070,-1,-1,-1,-1,-1,-1,-1,-1,-1,-1,-1,-1,-1,-1,-1,-1
33072,-1,-1,-1,-1,-1,-1,-1,-1,-1,-1,-1,-1,-1,-1,-1,-1
33074,-1,-1,-1,-1,-1,-1,-1,-1,-1,-1,-1,-1,-1,-1,-1,-1
33076,-1,-1,-1,-1,-1,-1,-1,-1,-1,-1,-1,-1,-1,-1,-1,-1
33078,-1,-1,-1,-1,-1,-1,-1,-1,-1,-1,-1,-1,-1,-1,-1,-1
33080,-1,-1,-1,-1,-1,-1,-1,-1,-1,-1,-1,-1,-1,-1,-1,-1
33082,-1,-1,-1,-1,-1,-1,-1,-1,-1,-1,-1,-1,-1,-1,-1,-1
33084,-1,-1,-1,-1,-1,-1,-1,-1,-1,-1,-1,-1,-1,-1,-1,-1
33086,-1,-1,-1,-1,-1,-1,-1,-1,-1,-1,-1,-1,-1,-1,-1,-1
33088,-1,-1,-1,-1,-1,-1,-1,-1,-1,-1,-1,-1,-1,-1,-1,-1
33090,-1,-1,-1,-1,-1,-1,-1,-1,-1,-1,-1,-1,-1,-1,-1,-1
33092,-1,-1,-1,-1,-1,-1,-1,-1,-1,-1,-1,-1,-1,-1,-1,-1
33094,-1,-1,-1,-1,-1,-1,-1,-1,-1,-1,-1,-1,-1,-1,-1,-1
33096,-1,-1,-1,-1,-1,-1,-1,-1,-1,-1,-1,-1,-1,-1,-1,-1
33098,-1,-1,-1,-1,-1,-1,-1,-1,-1,-1,-1,-1,-1,-1,-1,-1
33100,-1,-1,-1,-1,-1,-1,-1,-1,-1,-1,-1,-1,-1,-1,-1,-1
33102,-1,-1,-1,-1,-1,-1,-1,-1,-1,-1,-1,-1,-1,-1,-1,-1
33104,-1,-1,-1,-1,-1,-1,-1,-1,-1,-1,-1,-1,-1,-1,-1,-1
33106,-1,-1,-1,-1,-1,-1,-1,-1,-1,-1,-1,-1,-1,-1,-1,-1
33108,-1,-1,-1,-1,-1,-1,-1,-1,-1,-1,-1,-1,-1,-1,-1,-1
33110,-1,-1,-1,-1,-1,-1,-1,-1,-1,-1,-1,-1,-1,-1,-1,-1
33112,-1,-1,-1,-1,-1,-1,-1,-1,-1,-1,-1,-1,-1,-1,-1,-1
33114,-1,-1,-1,-1,-1,-1,-1,-1,-1,-1,-1,-1,-1,-1,-1,-1
33116,-1,-1,-1,-1,-1,-1,-1,-1,-1,-1,-1,-1,-1,-1,-1,-1
33118,-1,-1,-1,-1,-1,-1,-1,-1,-1,-1,-1,-1,-1,-1,-1,-1
33120,-1,-1,-1,-1,-1,-1,-1,-1,-1,-1,-1,-1,-1,-1,-1,-1
33122,-1,-1,-1,-1,-1,-1,-1,-1,-1,-1,-1,-1,-1,-1,-1,-1
33124,-1,-1,-1,-1,-1,-1,-1,-1,-1,-1,-1,-1,-1,-1,-1,-1
33126,-1,-1,-1,-1,-1,-1,-1,-1,-1,-1,-1,-1,-1,-1,-1,-1
33128,-1,-1,-1,-1,-1,-1,-1,-1,-1,-1,-1,-1,-1,-1,-1,-1
33130,-1,-1,-1,-1,-1,-1,-1,-1,-1,-1,-1,-1,-1,-1,-1,-1
33132,-1,-1,-1,-1,-1,-1,-1,-1,-1,-1,-1,-1,-1,-1,-1,-1
33134,-1,-1,-1,-1,-1,-1,-1,-1,-1,-1,-1,-1,-1,-1,-1,-1
33136,-1,-1,-1,-1,-1,-1,-1,-1,-1,-1,-1,-1,-1,-1,-1,-1
33138,-1,-1,-1,-1,-1,-1,-1,-1,-1,-1,-1,-1,-1,-1,-1,-1
33140,-1,-1,-1,-1,-1,-1,-1,-1,-1,-1,-1,-1,-1,-1,-1,-1
33142,-1,-1,-1,-1,-1,-1,-1,-1,-1,-1,-1,-1,-1,-1,-1,-1
33144,-1,-1,-1,-1,-1,-1,-1,-1,-1,-1,-1,-1,-1,-1,-1,-1
33146,-1,-1,-1,-1,-1,-1,-1,-1,-1,-1,-1,-1,-1,-1,-1,-1
33148,-1,-1,-1,-1,-1,-1,-1,-1,-1,-1,-1,-1,-1,-1,-1,-1
33150,-1,-1,-1,-1,-1,-1,-1,-1,-1,-1,-1,-1,-1,-1,-1,-1
33152,-1,-1,-1,-1,-1,-1,-1,-1,-1,-1,-1,-1,-1,-1,-1,-1
33154,-1,-1,-1,-1,-1,-1,-1,-1,-1,-1,-1,-1,-1,-1,-1,-1
33156,-1,-1,-1,-1,-1,-1,-1,-1,-1,-1,-1,-1,-1,-1,-1,-1
33158,-1,-1,-1,-1,-1,-1,-1,-1,-1,-1,-1,-1,-1,-1,-1,-1
33160,-1,-1,-1,-1,-1,-1,-1,-1,-1,-1,-1,-1,-1,-1,-1,-1
33162,-1,-1,-1,-1,-1,-1,-1,-1,-1,-1,-1,-1,-1,-1,-1,-1
33164,-1,-1,-1,-1,-1,-1,-1,-1,-1,-1,-1,-1,-1,-1,-1,-1
33166,-1,-1,-1,-1,-1,-1,-1,-1,-1,-1,-1,-1,-1,-1,-1,-1
33168,-1,-1,-1,-1,-1,-1,-1,-1,-1,-1,-1,-1,-1,-1,-1,-1
33170,-1,-1,-1,-1,-1,-1,-1,-1,-1,-1,-1,-1,-1,-1,-1,-1
33172,-1,-1,-1,-1,-1,-1,-1,-1,-1,-1,-1,-1,-1,-1,-1,-1
33174,-1,-1,-1,-1,-1,-1,-1,-1,-1,-1,-1,-1,-1,-1,-1,-1
33176,-1,-1,-1,-1,-1,-1,-1,-1,-1,-1,-1,-1,-1,-1,-1,-1
33178,-1,-1,-1,-1,-1,-1,-1,-1,-1,-1,-1,-1,-1,-1,-1,-1
33180,-1,-1,-1,-1,-1,-1,-1,-1,-1,-1,-1,-1,-1,-1,-1,-1
33182,-1,-1,-1,-1,-1,-1,-1,-1,-1,-1,-1,-1,-1,-1,-1,-1
33184,-1,-1,-1,-1,-1,-1,-1,-1,-1,-1,-1,-1,-1,-1,-1,-1
33186,-1,-1,-1,-1,-1,-1,-1,-1,-1,-1,-1,-1,-1,-1,-1,-1
33188,-1,-1,-1,-1,-1,-1,-1,-1,-1,-1,-1,-1,-1,-1,-1,-1
33190,-1,-1,-1,-1,-1,-1,-1,-1,-1,-1,-1,-1,-1,-1,-1,-1
33192,-1,-1,-1,-1,-1,-1,-1,-1,-1,-1,-1,-1,-1,-1,-1,-1
33194,-1,-1,-1,-1,-1,-1,-1,-1,-1,-1,-1,-1,-1,-1,-1,-1
33196,-1,-1,-1,-1,-1,-1,-1,-1,-1,-1,-1,-1,-1,-1,-1,-1
33198,-1,-1,-1,-1,-1,-1,-1,-1,-1,-1,-1,-1,-1,-1,-1,-1
33200,-1,-1,-1,-1,-1,-1,-1,-1,-1,-1,-1,-1,-1,-1,-1,-1
33202,-1,-1,-1,-1,-1,-1,-1,-1,-1,-1,-1,-1,-1,-1,-1,-1
33204,-1,-1,-1,-1,-1,-1,-1,-1,-1,-1,-1,-1,-1,-1,-1,-1
33206,-1,-1,-1,-1,-1,-1,-1,-1,-1,-1,-1,-1,-1,-1,-1,-1
33208,-1,-1,-1,-1,-1,-1,-1,-1,-1,-1,-1,-1,-1,-1,-1,-1
33210,-1,-1,-1,-1,-1,-1,-1,-1,-1,-1,-1,-1,-1,-1,-1,-1
33212,-1,-1,-1,-1,-1,-1,-1,-1,-1,-1,-1,-1,-1,-1,-1,-1
33214,-1,-1,-1,-1,-1,-1,-1,-1,-1,-1,-1,-1,-1,-1,-1,-1
33216,-1,-1,-1,-1,-1,-1,-1,-1,-1,-1,-1,-1,-1,-1,-1,-1
33218,-1,-1,-1,-1,-1,-1,-1,-1,-1,-1,-1,-1,-1,-1,-1,-1
33220,-1,-1,-1,-1,-1,-1,-1,-1,-1,-1,-1,-1,-1,-1,-1,-1
33222,-1,-1,-1,-1,-1,-1,-1,-1,-1,-1,-1,-1,-1,-1,-1,-1
33224,-1,-1,-1,-1,-1,-1,-1,-1,-1,-1,-1,-1,-1,-1,-1,-1
33226,-1,-1,-1,-1,-1,-1,-1,-1,-1,-1,-1,-1,-1,-1,-1,-1
33228,-1,-1,-1,-1,-1,-1,-1,-1,-1,-1,-1,-1,-1,-1,-1,-1
33230,-1,-1,-1,-1,-1,-1,-1,-1,-1,-1,-1,-1,-1,-1,-1,-1
33232,-1,-1,-1,-1,-1,-1,-1,-1,-1,-1,-1,-1,-1,-1,-1,-1
33234,-1,-1,-1,-1,-1,-1,-1,-1,-1,-1,-1,-1,-1,-1,-1,-1
33236,-1,-1,-1,-1,-1,-1,-1,-1,-1,-1,-1,-1,-1,-1,-1,-1
33238,-1,-1,-1,-1,-1,-1,-1,-1,-1,-1,-1,-1,-1,-1,-1,-1
33240,-1,-1,-1,-1,-1,-1,-1,-1,-1,-1,-1,-1,-1,-1,-1,-1
33242,-1,-1,-1,-1,-1,-1,-1,-1,-1,-1,-1,-1,-1,-1,-1,-1
33244,-1,-1,-1,-1,-1,-1,-1,-1,-1,-1,-1,-1,-1,-1,-1,-1
33938,-1,-1,-1,-1,-1,-1,-1,-1,-1,-1,-1,-1,-1,-1,-1,-1
33940,-1,-1,-1,-1,-1,-1,-1,-1,-1,-1,-1,-1,-1,-1,-1,-1
33942,-1,-1,-1,-1,-1,-1,-1,-1,-1,-1,-1,-1,-1,-1,-1,-1
33944,-1,-1,-1,-1,-1,-1,-1,-1,-1,-1,-1,-1,-1,-1,-1,-1
33946,-1,-1,-1,-1,-1,-1,-1,-1,-1,-1,-1,-1,-1,-1,-1,-1
33948,-1,-1,-1,-1,-1,-1,-1,-1,-1,-1,-1,-1,-1,-1,-1,-1
33950,-1,-1,-1,-1,-1,-1,-1,-1,-1,-1,-1,-1,-1,-1,-1,-1
33952,-1,-1,-1,-1,-1,-1,-1,-1,-1,-1,-1,-1,-1,-1,-1,-1
33954,-1,-1,-1,-1,-1,-1,-1,-1,-1,-1,-1,-1,-1,-1,-1,-1
33956,-1,-1,-1,-1,-1,-1,-1,-1,-1,-1,-1,-1,-1,-1,-1,-1
33958,-1,-1,-1,-1,-1,-1,-1,-1,-1,-1,-1,-1,-1,-1,-1,-1
33960,-1,-1,-1,-1,-1,-1,-1,-1,-1,-1,-1,-1,-1,-1,-1,-1
33962,-1,-1,-1,-1,-1,-1,-1,-1,-1,-1,-1,-1,-1,-1,-1,-1
33964,-1,-1,-1,-1,-1,-1,-1,-1,-1,-1,-1,-1,-1,-1,-1,-1
33966,-1,-1,-1,-1,-1,-1,-1,-1,-1,-1,-1,-1,-1,-1,-1,-1
33968,-1,-1,-1,-1,-1,-1,-1,-1,-1,-1,-1,-1,-1,-1,-1,-1
33970,-1,-1,-1,-1,-1,-1,-1,-1,-1,-1,-1,-1,-1,-1,-1,-1
34408,-1,-1,-1,-1,-1,-1,-1,-1,-1,-1,-1,-1,-1,-1,-1,-1
34410,-1,-1,-1,-1,-1,-1,-1,-1,-1,-1,-1,-1,-1,-1,-1,-1
34412,-1,-1,-1,-1,-1,-1,-1,-1,-1,-1,-1,-1,-1,-1,-1,-1
34414,-1,-1,-1,-1,-1,-1,-1,-1,-1,-1,-1,-1,-1,-1,-1,-1
34416,-1,-1,-1,-1,-1,-1,-1,-1,-1,-1,-1,-1,-1,-1,-1,-1
34418,-1,-1,-1,-1,-1,-1,-1,-1,-1,-1,-1,-1,-1,-1,-1,-1
34420,-1,-1,-1,-1,-1,-1,-1,-1,-1,-1,-1,-1,-1,-1,-1,-1
34422,-1,-1,-1,-1,-1,-1,-1,-1,-1,-1,-1,-1,-1,-1,-1,-1
34424,-1,-1,-1,-1,-1,-1,-1,-1,-1,-1,-1,-1,-1,-1,-1,-1
34426,-1,-1,-1,-1,-1,-1,-1,-1,-1,-1,-1,-1,-1,-1,-1,-1
34428,-1,-1,-1,-1,-1,-1,-1,-1,-1,-1,-1,-1,-1,-1,-1,-1
34430,-1,-1,-1,-1,-1,-1,-1,-1,-1,-1,-1,-1,-1,-1,-1,-1
34432,-1,-1,-1,-1,-1,-1,-1,-1,-1,-1,-1,-1,-1,-1,-1,-1
34434,-1,-1,-1,-1,-1,-1,-1,-1,-1,-1,-1,-1,-1,-1,-1,-1
34436,-1,-1,-1,-1,-1,-1,-1,-1,-1,-1,-1,-1,-1,-1,-1,-1
34438,-1,-1,-1,-1,-1,-1,-1,-1,-1,-1,-1,-1,-1,-1,-1,-1
34440,-1,-1,-1,-1,-1,-1,-1,-1,-1,-1,-1,-1,-1,-1,-1,-1
34442,-1,-1,-1,-1,-1,-1,-1,-1,-1,-1,-1,-1,-1,-1,-1,-1
34444,-1,-1,-1,-1,-1,-1,-1,-1,-1,-1,-1,-1,-1,-1,-1,-1
34446,-1,-1,-1,-1,-1,-1,-1,-1,-1,-1,-1,-1,-1,-1,-1,-1
34448,-1,-1,-1,-1,-1,-1,-1,-1,-1,-1,-1,-1,-1,-1,-1,-1
34450,-1,-1,-1,-1,-1,-1,-1,-1,-1,-1,-1,-1,-1,-1,-1,-1
34452,-1,-1,-1,-1,-1,-1,-1,-1,-1,-1,-1,-1,-1,-1,-1,-1
34454,-1,-1,-1,-1,-1,-1,-1,-1,-1,-1,-1,-1,-1,-1,-1,-1
34456,-1,-1,-1,-1,-1,-1,-1,-1,-1,-1,-1,-1,-1,-1,-1,-1
34458,-1,-1,-1,-1,-1,-1,-1,-1,-1,-1,-1,-1,-1,-1,-1,-1
34460,-1,-1,-1,-1,-1,-1,-1,-1,-1,-1,-1,-1,-1,-1,-1,-1
34462,-1,-1,-1,-1,-1,-1,-1,-1,-1,-1,-1,-1,-1,-1,-1,-1
34464,-1,-1,-1,-1,-1,-1,-1,-1,-1,-1,-1,-1,-1,-1,-1,-1
34466,-1,-1,-1,-1,-1,-1,-1,-1,-1,-1,-1,-1,-1,-1,-1,-1
34468,-1,-1,-1,-1,-1,-1,-1,-1,-1,-1,-1,-1,-1,-1,-1,-1
34470,-1,-1,-1,-1,-1,-1,-1,-1,-1,-1,-1,-1,-1,-1,-1,-1
34472,-1,-1,-1,-1,-1,-1,-1,-1,-1,-1,-1,-1,-1,-1,-1,-1
34474,-1,-1,-1,-1,-1,-1,-1,-1,-1,-1,-1,-1,-1,-1,-1,-1
34476,-1,-1,-1,-1,-1,-1,-1,-1,-1,-1,-1,-1,-1,-1,-1,-1
34478,-1,-1,-1,-1,-1,-1,-1,-1,-1,-1,-1,-1,-1,-1,-1,-1
34480,-1,-1,-1,-1,-1,-1,-1,-1,-1,-1,-1,-1,-1,-1,-1,-1
34482,-1,-1,-1,-1,-1,-1,-1,-1,-1,-1,-1,-1,-1,-1,-1,-1
34484,-1,-1,-1,-1,-1,-1,-1,-1,-1,-1,-1,-1,-1,-1,-1,-1
34486,-1,-1,-1,-1,-1,-1,-1,-1,-1,-1,-1,-1,-1,-1,-1,-1
34488,-1,-1,-1,-1,-1,-1,-1,-1,-1,-1,-1,-1,-1,-1,-1,-1
34490,-1,-1,-1,-1,-1,-1,-1,-1,-1,-1,-1,-1,-1,-1,-1,-1
34492,-1,-1,-1,-1,-1,-1,-1,-1,-1,-1,-1,-1,-1,-1,-1,-1
34494,-1,-1,-1,-1,-1,-1,-1,-1,-1,-1,-1,-1,-1,-1,-1,-1
34496,-1,-1,-1,-1,-1,-1,-1,-1,-1,-1,-1,-1,-1,-1,-1,-1
34498,-1,-1,-1,-1,-1,-1,-1,-1,-1,-1,-1,-1,-1,-1,-1,-1
34500,-1,-1,-1,-1,-1,-1,-1,-1,-1,-1,-1,-1,-1,-1,-1,-1
34502,-1,-1,-1,-1,-1,-1,-1,-1,-1,-1,-1,-1,-1,-1,-1,-1
34504,-1,-1,-1,-1,-1,-1,-1,-1,-1,-1,-1,-1,-1,-1,-1,-1
34506,-1,-1,-1,-1,-1,-1,-1,-1,-1,-1,-1,-1,-1,-1,-1,-1
34508,-1,-1,-1,-1,-1,-1,-1,-1,-1,-1,-1,-1,-1,-1,-1,-1
34510,-1,-1,-1,-1,-1,-1,-1,-1,-1,-1,-1,-1,-1,-1,-1,-1
34512,-1,-1,-1,-1,-1,-1,-1,-1,-1,-1,-1,-1,-1,-1,-1,-1
34514,-1,-1,-1,-1,-1,-1,-1,-1,-1,-1,-1,-1,-1,-1,-1,-1
34516,-1,-1,-1,-1,-1,-1,-1,-1,-1,-1,-1,-1,-1,-1,-1,-1
34518,-1,-1,-1,-1,-1,-1,-1,-1,-1,-1,-1,-1,-1,-1,-1,-1
34520,-1,-1,-1,-1,-1,-1,-1,-1,-1,-1,-1,-1,-1,-1,-1,-1
34522,-1,-1,-1,-1,-1,-1,-1,-1,-1,-1,-1,-1,-1,-1,-1,-1
34524,-1,-1,-1,-1,-1,-1,-1,-1,-1,-1,-1,-1,-1,-1,-1,-1
34526,-1,-1,-1,-1,-1,-1,-1,-1,-1,-1,-1,-1,-1,-1,-1,-1
34528,-1,-1,-1,-1,-1,-1,-1,-1,-1,-1,-1,-1,-1,-1,-1,-1
34530,-1,-1,-1,-1,-1,-1,-1,-1,-1,-1,-1,-1,-1,-1,-1,-1
34532,-1,-1,-1,-1,-1,-1,-1,-1,-1,-1,-1,-1,-1,-1,-1,-1
34534,-1,-1,-1,-1,-1,-1,-1,-1,-1,-1,-1,-1,-1,-1,-1,-1
34536,-1,-1,-1,-1,-1,-1,-1,-1,-1,-1,-1,-1,-1,-1,-1,-1
34538,-1,-1,-1,-1,-1,-1,-1,-1,-1,-1,-1,-1,-1,-1,-1,-1
34540,-1,-1,-1,-1,-1,-1,-1,-1,-1,-1,-1,-1,-1,-1,-1,-1
34542,-1,-1,-1,-1,-1,-1,-1,-1,-1,-1,-1,-1,-1,-1,-1,-1
34544,-1,-1,-1,-1,-1,-1,-1,-1,-1,-1,-1,-1,-1,-1,-1,-1
34546,-1,-1,-1,-1,-1,-1,-1,-1,-1,-1,-1,-1,-1,-1,-1,-1
34548,-1,-1,-1,-1,-1,-1,-1,-1,-1,-1,-1,-1,-1,-1,-1,-1
34550,-1,-1,-1,-1,-1,-1,-1,-1,-1,-1,-1,-1,-1,-1,-1,-1
34552,-1,-1,-1,-1,-1,-1,-1,-1,-1,-1,-1,-1,-1,-1,-1,-1
34554,-1,-1,-1,-1,-1,-1,-1,-1,-1,-1,-1,-1,-1,-1,-1,-1
34556,-1,-1,-1,-1,-1,-1,-1,-1,-1,-1,-1,-1,-1,-1,-1,-1
34558,-1,-1,-1,-1,-1,-1,-1,-1,-1,-1,-1,-1,-1,-1,-1,-1
34560,-1,-1,-1,-1,-1,-1,-1,-1,-1,-1,-1,-1,-1,-1,-1,-1
34562,-1,-1,-1,-1,-1,-1,-1,-1,-1,-1,-1,-1,-1,-1,-1,-1
34564,-1,-1,-1,-1,-1,-1,-1,-1,-1,-1,-1,-1,-1,-1,-1,-1
34566,-1,-1,-1,-1,-1,-1,-1,-1,-1,-1,-1,-1,-1,-1,-1,-1
34568,-1,-1,-1,-1,-1,-1,-1,-1,-1,-1,-1,-1,-1,-1,-1,-1
34570,-1,-1,-1,-1,-1,-1,-1,-1,-1,-1,-1,-1,-1,-1,-1,-1
34572,-1,-1,-1,-1,-1,-1,-1,-1,-1,-1,-1,-1,-1,-1,-1,-1
34574,-1,-1,-1,-1,-1,-1,-1,-1,-1,-1,-1,-1,-1,-1,-1,-1
34576,-1,-1,-1,-1,-1,-1,-1,-1,-1,-1,-1,-1,-1,-1,-1,-1
34578,-1,-1,-1,-1,-1,-1,-1,-1,-1,-1,-1,-1,-1,-1,-1,-1
34580,-1,-1,-1,-1,-1,-1,-1,-1,-1,-1,-1,-1,-1,-1,-1,-1
34582,-1,-1,-1,-1,-1,-1,-1,-1,-1,-1,-1,-1,-1,-1,-1,-1
34584,-1,-1,-1,-1,-1,-1,-1,-1,-1,-1,-1,-1,-1,-1,-1,-1
34586,-1,-1,-1,-1,-1,-1,-1,-1,-1,-1,-1,-1,-1,-1,-1,-1
34588,-1,-1,-1,-1,-1,-1,-1,-1,-1,-1,-1,-1,-1,-1,-1,-1
34590,-1,-1,-1,-1,-1,-1,-1,-1,-1,-1,-1,-1,-1,-1,-1,-1
34592,-1,-1,-1,-1,-1,-1,-1,-1,-1,-1,-1,-1,-1,-1,-1,-1
34594,-1,-1,-1,-1,-1,-1,-1,-1,-1,-1,-1,-1,-1,-1,-1,-1
34596,-1,-1,-1,-1,-1,-1,-1,-1,-1,-1,-1,-1,-1,-1,-1,-1
34598,-1,-1,-1,-1,-1,-1,-1,-1,-1,-1,-1,-1,-1,-1,-1,-1
34600,-1,-1,-1,-1,-1,-1,-1,-1,-1,-1,-1,-1,-1,-1,-1,-1
34602,-1,-1,-1,-1,-1,-1,-1,-1,-1,-1,-1,-1,-1,-1,-1,-1
34604,-1,-1,-1,-1,-1,-1,-1,-1,-1,-1,-1,-1,-1,-1,-1,-1
34606,-1,-1,-1,-1,-1,-1,-1,-1,-1,-1,-1,-1,-1,-1,-1,-1
34608,-1,-1,-1,-1,-1,-1,-1,-1,-1,-1,-1,-1,-1,-1,-1,-1
34610,-1,-1,-1,-1,-1,-1,-1,-1,-1,-1,-1,-1,-1,-1,-1,-1
34612,-1,-1,-1,-1,-1,-1,-1,-1,-1,-1,-1,-1,-1,-1,-1,-1
34614,-1,-1,-1,-1,-1,-1,-1,-1,-1,-1,-1,-1,-1,-1,-1,-1
34616,-1,-1,-1,-1,-1,-1,-1,-1,-1,-1,-1,-1,-1,-1,-1,-1
34618,-1,-1,-1,-1,-1,-1,-1,-1,-1,-1,-1,-1,-1,-1,-1,-1
34620,-1,-1,-1,-1,-1,-1,-1,-1,-1,-1,-1,-1,-1,-1,-1,-1
34622,-1,-1,-1,-1,-1,-1,-1,-1,-1,-1,-1,-1,-1,-1,-1,-1
34624,-1,-1,-1,-1,-1,-1,-1,-1,-1,-1,-1,-1,-1,-1,-1,-1
34626,-1,-1,-1,-1,-1,-1,-1,-1,-1,-1,-1,-1,-1,-1,-1,-1
34628,-1,-1,-1,-1,-1,-1,-1,-1,-1,-1,-1,-1,-1,-1,-1,-1
34630,-1,-1,-1,-1,-1,-1,-1,-1,-1,-1,-1,-1,-1,-1,-1,-1
34632,-1,-1,-1,-1,-1,-1,-1,-1,-1,-1,-1,-1,-1,-1,-1,-1
34634,-1,-1,-1,-1,-1,-1,-1,-1,-1,-1,-1,-1,-1,-1,-1,-1
34636,-1,-1,-1,-1,-1,-1,-1,-1,-1,-1,-1,-1,-1,-1,-1,-1
34638,-1,-1,-1,-1,-1,-1,-1,-1,-1,-1,-1,-1,-1,-1,-1,-1
34640,-1,-1,-1,-1,-1,-1,-1,-1,-1,-1,-1,-1,-1,-1,-1,-1
34642,-1,-1,-1,-1,-1,-1,-1,-1,-1,-1,-1,-1,-1,-1,-1,-1
34644,-1,-1,-1,-1,-1,-1,-1,-1,-1,-1,-1,-1,-1,-1,-1,-1
34646,-1,-1,-1,-1,-1,-1,-1,-1,-1,-1,-1,-1,-1,-1,-1,-1
34648,-1,-1,-1,-1,-1,-1,-1,-1,-1,-1,-1,-1,-1,-1,-1,-1
34650,-1,-1,-1,-1,-1,-1,-1,-1,-1,-1,-1,-1,-1,-1,-1,-1
34652,-1,-1,-1,-1,-1,-1,-1,-1,-1,-1,-1,-1,-1,-1,-1,-1
34654,-1,-1,-1,-1,-1,-1,-1,-1,-1,-1,-1,-1,-1,-1,-1,-1
34656,-1,-1,-1,-1,-1,-1,-1,-1,-1,-1,-1,-1,-1,-1,-1,-1
34658,-1,-1,-1,-1,-1,-1,-1,-1,-1,-1,-1,-1,-1,-1,-1,-1
34660,-1,-1,-1,-1,-1,-1,-1,-1,-1,-1,-1,-1,-1,-1,-1,-1
34662,-1,-1,-1,-1,-1,-1,-1,-1,-1,-1,-1,-1,-1,-1,-1,-1
34664,-1,-1,-1,-1,-1,-1,-1,-1,-1,-1,-1,-1,-1,-1,-1,-1
34666,-1,-1,-1,-1,-1,-1,-1,-1,-1,-1,-1,-1,-1,-1,-1,-1
34668,-1,-1,-1,-1,-1,-1,-1,-1,-1,-1,-1,-1,-1,-1,-1,-1
34670,-1,-1,-1,-1,-1,-1,-1,-1,-1,-1,-1,-1,-1,-1,-1,-1
34672,-1,-1,-1,-1,-1,-1,-1,-1,-1,-1,-1,-1,-1,-1,-1,-1
