JPGNumber,Race 0 Bubble 0,Race 0 Bubble 1,Race 0 Bubble 2
817,0,1,0
819,1,0,0
821,1,0,0
823,0,1,0
825,0,1,0
827,1,0,0
829,0,1,0
831,0,1,0
833,0,1,0
835,0,1,0
837,0,1,0
839,1,0,0
841,1,0,0
843,1,0,0
845,1,0,0
847,0,1,0
849,0,1,0
851,0,1,0
853,0,1,0
855,0,1,0
857,1,0,0
987,0,1,0
989,0,1,0
991,1,0,0
993,0,1,0
995,0,1,0
997,1,0,0
999,1,0,0
1001,0,1,0
1003,0,1,0
1005,0,1,0
1007,0,1,0
1009,0,1,0
1011,0,1,0
1013,1,0,0
1015,0,1,0
1017,1,0,0
1019,0,1,0
1021,0,1,0
1023,0,1,0
1025,1,0,0
1027,0,4,0
1029,0,3,0
1031,0,1,0
1033,0,1,0
1035,0,1,0
1037,1,0,0
1039,0,1,0
1041,1,0,0
1043,0,1,0
1045,1,0,0
1047,1,0,0
1049,1,0,0
1051,1,0,0
1053,0,1,0
1055,0,1,0
1057,0,1,0
1059,1,0,0
1061,0,2,0
1063,0,1,0
1065,1,0,0
1067,0,4,0
1069,1,0,0
1071,1,0,0
1073,0,2,0
1075,0,1,0
1077,0,1,0
1079,1,0,0
1081,1,0,0
1083,0,1,0
1085,1,0,0
2287,1,0,0
2289,0,1,0
2291,0,1,0
2293,0,1,0
2295,0,1,0
2297,0,1,0
2299,0,1,0
2301,0,1,0
2303,0,1,0
2305,1,0,0
2307,1,0,0
2309,1,0,0
2311,1,0,0
2313,0,1,0
2315,0,1,0
2317,0,1,0
2319,0,1,0
2321,1,0,0
2323,0,1,0
2325,1,0,0
2327,0,1,0
2329,0,1,0
2331,1,0,0
2333,0,1,0
2335,0,1,0
3249,1,0,0
3251,0,4,0
3253,0,4,0
3255,0,1,0
3257,0,0,0
3259,1,0,0
3261,1,0,0
3263,0,1,0
3265,0,5,0
3267,1,0,0
3269,0,1,0
3271,1,0,0
3273,0,1,0
3275,5,0,0
3277,0,0,0
3279,0,0,0
3281,1,0,0
3283,0,1,0
3285,0,1,0
3287,0,1,0
3289,0,1,0
3291,1,0,0
3293,0,1,0
3295,1,0,0
3297,0,1,0
3299,0,1,0
3301,1,0,0
3303,1,0,0
3305,0,1,0
3307,1,0,0
3309,0,1,0
3311,0,1,0
3313,0,1,0
3315,1,0,0
3317,1,0,0
3319,0,1,0
3321,0,1,0
3323,0,1,0
3325,1,0,0
3327,0,1,0
3329,1,0,0
3331,1,0,0
3333,1,0,0
3335,0,1,0
3337,0,1,0
3339,0,1,0
3341,0,1,0
3343,0,1,0
3345,0,1,0
3347,0,1,0
3349,1,0,0
3351,0,0,0
3353,1,0,0
3355,1,0,0
3357,0,5,0
3359,1,0,0
3361,4,0,0
3363,0,0,0
3365,0,1,0
3367,1,0,0
3369,4,0,0
3371,0,1,0
3373,0,1,0
3375,0,2,0
3377,1,0,0
3379,1,0,0
3381,0,1,0
3383,1,0,0
3385,0,5,0
3387,0,1,0
3389,0,1,0
3391,0,1,0
3393,0,1,0
3395,0,1,0
3397,6,0,0
3399,0,1,0
3401,1,0,0
3403,0,1,0
3405,0,1,0
3407,1,0,0
3409,0,1,0
3411,1,0,0
3413,0,4,0
3415,0,1,0
3417,0,1,0
3419,0,1,0
3421,0,1,0
3423,1,0,0
3425,0,1,0
3427,0,1,0
3429,1,0,0
3431,1,0,0
3433,1,0,0
3435,0,1,0
3437,0,1,0
3439,0,0,0
3441,0,1,0
3443,0,1,0
3445,1,0,0
3447,0,1,0
3449,1,0,0
3451,0,1,0
3453,1,0,0
3455,0,1,0
3457,1,0,0
3459,0,1,0
3461,0,1,0
3463,1,0,0
3465,1,0,0
3467,0,1,0
3469,0,1,0
3471,0,1,0
3473,1,0,0
3475,1,0,0
3477,0,1,0
3479,0,1,0
3481,1,0,0
3483,1,0,0
3485,1,0,0
3487,0,1,0
3489,0,1,0
3491,0,1,0
3493,4,0,0
3495,0,1,0
3497,0,1,0
3499,1,0,0
3501,1,0,0
3503,0,1,0
3505,0,1,0
3507,0,1,0
3509,0,1,0
3511,0,1,0
3513,0,1,0
3515,0,1,0
3517,1,0,0
3519,1,0,0
3521,0,1,0
3523,1,0,0
3525,0,1,0
3527,0,1,0
3529,0,1,0
3531,0,1,0
3533,0,1,0
3535,0,1,0
3537,1,0,0
3539,0,1,0
3541,0,1,0
3543,0,1,0
3545,1,0,0
3547,1,0,0
3549,0,1,0
3551,0,1,0
3553,0,1,0
3555,0,1,0
3557,1,0,0
3559,1,0,0
3561,1,0,0
3563,0,4,0
3565,1,0,0
3567,1,0,0
3569,1,0,0
3571,0,1,0
3573,0,1,0
3575,1,0,0
4615,0,1,0
4617,0,4,0
4619,4,0,0
4621,0,1,0
4623,0,4,0
4625,0,1,0
4627,1,0,0
4629,1,0,0
4631,0,1,0
4633,1,0,0
4635,0,4,0
4637,0,1,0
4639,0,1,0
4641,0,1,0
4643,0,1,0
4645,1,0,0
4647,1,0,0
4649,0,1,0
4651,1,0,0
4653,6,0,0
4655,0,1,0
4657,0,1,0
4659,0,4,0
4661,0,1,0
4663,0,1,0
4665,1,0,0
4667,0,1,0
4669,1,0,0
4671,1,0,0
4673,1,0,0
4675,1,0,0
4677,0,1,0
4679,0,5,0
4681,0,4,0
4683,0,1,0
4685,1,0,0
4687,0,1,0
4689,0,1,0
4691,0,0,0
4693,1,0,0
4695,0,1,0
4697,0,1,0
4699,0,1,0
4701,0,1,0
4703,0,1,0
4705,0,1,0
4707,1,0,0
4709,1,0,0
4711,0,1,0
4713,0,1,0
4715,0,1,0
4717,0,1,0
4719,0,1,0
4721,1,0,0
4723,0,1,0
4725,0,1,0
4727,0,1,0
4729,1,0,0
4731,0,1,0
4733,0,1,0
4735,1,0,0
4737,0,1,0
4739,0,1,0
4741,1,0,0
4743,1,0,0
4745,4,0,0
4747,1,0,0
4749,1,0,0
4751,0,1,0
4753,4,0,0
4755,0,1,0
4757,0,1,0
4759,0,1,0
4761,0,5,0
4763,1,0,0
4765,1,0,0
4767,0,1,0
4769,0,1,0
4771,1,0,0
4773,1,0,0
4775,0,1,0
4777,1,0,0
4779,0,0,2
4781,1,0,0
4783,4,0,0
4785,1,0,0
4787,1,0,0
4789,0,4,0
4791,0,6,0
4793,0,1,0
4795,0,1,0
4797,0,1,0
4799,0,0,0
4801,0,1,0
4803,0,0,0
4805,0,1,0
4807,0,1,0
4809,0,1,0
4811,0,1,0
4813,0,1,0
4815,1,0,0
4817,0,0,0
4819,0,0,0
4821,1,0,0
4823,0,1,0
4825,1,0,0
4827,0,1,0
4829,0,1,0
4831,0,1,0
4833,0,1,0
4835,1,0,0
4837,1,0,0
4839,0,1,0
5255,0,2,0
5257,0,1,0
5259,0,1,0
5261,1,0,0
5263,0,1,0
5265,0,1,0
5267,1,0,0
5269,0,1,0
5271,0,4,0
5273,0,1,0
5275,1,0,0
5277,0,1,0
5279,0,1,0
5281,1,0,0
5283,4,0,0
5285,1,0,0
5287,2,0,0
5289,0,1,0
5291,0,1,0
5293,0,1,0
5295,1,0,0
5297,0,1,0
5299,5,0,0
5301,0,1,0
5303,0,1,0
5305,0,1,0
5307,0,1,0
5309,4,0,0
5311,4,0,0
5313,0,1,0
5315,0,1,0
5317,0,1,0
5319,0,1,0
5321,0,1,0
5323,4,0,0
5325,1,0,0
5327,0,1,0
5329,4,0,0
5331,1,0,0
5333,0,1,0
6893,0,1,0
6895,1,0,0
6897,0,1,0
6899,0,4,0
6901,1,0,0
6903,1,0,0
6905,1,0,0
6907,1,0,0
6909,4,0,0
6911,4,0,0
6913,5,0,0
6915,1,0,0
6917,0,1,0
6919,0,1,0
6921,0,1,0
6923,1,0,0
7539,0,1,0
7541,0,1,0
7543,1,0,0
7545,1,0,0
7547,0,0,0
7549,1,0,0
7551,1,0,0
7553,0,0,0
7555,0,1,0
7557,0,0,4
7559,1,0,0
7561,6,0,0
7563,0,1,0
7565,0,1,0
7567,0,1,0
7569,0,1,0
7571,1,0,0
7573,0,1,0
7575,1,0,0
7577,0,1,0
7579,0,1,0
7581,0,1,0
7583,1,0,0
7585,0,1,0
7587,1,0,0
7589,1,0,0
7591,0,1,0
7593,0,1,0
7595,1,0,0
7597,1,0,0
7599,0,1,0
7601,0,1,0
7603,0,1,0
7605,0,1,0
7607,0,0,0
7609,0,1,0
7611,0,1,0
7613,0,1,0
7615,0,1,0
7617,0,0,0
7619,0,1,0
7621,1,0,0
7623,0,1,0
7625,0,4,0
7627,0,1,0
7629,0,1,0
7631,1,0,0
7633,1,0,0
7635,0,4,0
7637,0,4,0
7639,1,0,0
8137,1,0,0
8149,0,0,0
8151,4,0,0
8153,1,0,0
8155,7,7,7
8157,0,1,0
8159,0,1,0
10479,0,1,0
10481,0,1,0
10483,1,0,0
10485,0,1,0
10487,0,1,0
10489,1,0,0
10491,1,0,0
10493,0,1,0
10495,1,0,0
10497,0,1,0
10499,1,0,0
10501,1,0,0
10503,2,0,0
10505,0,1,0
10507,0,1,0
10509,1,0,0
10511,0,1,0
10513,1,0,0
10515,0,1,0
10517,1,0,0
10519,0,1,0
10521,0,4,0
10523,0,4,0
10525,0,1,0
10527,1,0,0
10529,0,1,0
10531,1,0,0
10533,0,1,0
10535,0,1,0
10537,0,1,0
10539,0,4,0
10541,1,0,0
10543,1,0,0
10545,1,0,0
10547,1,0,0
10549,1,0,0
10551,1,0,0
10553,0,1,0
10555,0,1,0
10557,0,0,1
10559,0,1,0
10561,1,0,0
10563,0,1,0
10565,1,0,0
10567,1,0,0
10569,0,1,0
10571,1,0,0
10573,0,1,0
10575,1,0,0
10577,1,0,0
10579,1,0,0
10581,0,2,0
10583,0,1,0
10585,1,0,0
10587,0,1,0
10589,0,1,0
10591,0,1,0
10593,1,0,0
10595,0,1,0
10597,1,0,0
10599,0,1,0
10601,1,0,0
10603,0,1,0
10605,0,1,0
10607,0,1,0
10609,4,0,0
10611,0,1,0
10613,0,1,0
10615,0,1,0
10617,0,1,0
10619,0,5,0
10621,1,0,0
10623,0,4,0
10625,0,1,0
10627,0,5,0
10629,0,5,0
10631,1,0,0
10633,0,1,0
10635,1,0,0
10637,0,1,0
10639,1,0,0
10641,1,0,0
10643,4,0,0
10645,0,1,0
10647,1,0,0
10649,1,0,0
10651,0,2,0
10653,0,1,0
10655,0,1,0
10657,1,0,0
10659,1,0,0
10661,0,2,0
10663,0,1,0
10665,1,0,0
10667,1,0,0
10669,0,1,0
10671,1,0,0
10673,0,4,0
10675,0,1,0
10677,1,0,0
10679,0,2,0
10681,1,0,0
10683,0,1,0
10685,0,1,0
10687,1,0,0
10689,0,4,0
10691,1,0,0
10693,0,1,0
10695,0,1,0
10697,0,1,0
10699,0,1,0
10701,1,0,0
10703,1,0,0
10705,1,0,0
10707,0,1,0
10709,0,1,0
10711,0,1,0
10713,5,0,0
10715,0,1,0
10717,0,4,0
10719,1,0,0
10721,0,1,0
10723,0,1,0
10725,1,0,0
10727,1,0,0
10729,0,1,0
10731,0,1,0
10733,1,0,0
10735,1,0,0
10737,1,0,0
10739,1,0,0
10741,1,0,0
10743,0,1,0
10745,0,1,0
10747,0,1,0
10749,0,1,0
10751,1,0,0
10753,1,0,0
10755,0,1,0
10757,0,1,0
10759,0,1,0
10761,0,1,0
10763,0,1,0
10765,1,0,0
10767,0,1,0
10769,1,0,0
10771,1,0,0
10773,1,0,0
10775,0,1,0
10777,1,0,0
10779,1,0,0
10781,0,4,0
10783,0,1,0
10785,1,0,0
10787,4,0,0
10789,1,0,0
10791,1,0,0
10793,0,1,0
10795,0,1,0
10797,0,1,0
10799,2,0,0
10801,4,0,0
10803,0,1,0
10805,1,0,0
10807,1,0,0
10809,0,1,0
10811,0,1,0
10813,1,0,0
10815,0,1,0
10817,0,1,0
10819,1,0,0
10821,0,1,0
10823,1,0,0
10825,0,1,0
10827,0,4,0
10829,0,1,0
10831,0,1,0
10833,1,0,0
10835,0,1,0
10837,2,0,0
10839,0,1,0
10841,0,1,0
10843,1,0,0
10845,1,0,0
10847,0,4,0
10849,1,0,0
10851,0,1,0
10853,0,1,0
10855,6,0,0
10857,0,1,0
10859,0,1,0
10861,0,1,0
10863,0,1,0
10865,1,0,0
10867,1,0,0
10869,1,0,0
10871,0,1,0
10873,0,1,0
10875,1,0,0
10877,1,0,0
10879,1,0,0
10881,0,1,0
10883,1,0,0
10885,1,0,0
10887,1,0,0
10889,1,0,0
10891,4,0,0
10893,1,0,0
10895,1,0,0
10897,1,0,0
10899,1,0,0
10901,0,1,0
10903,0,1,0
10905,1,0,0
10907,0,1,0
10909,0,1,0
10911,0,1,0
10913,0,1,0
10915,1,0,0
10917,1,0,0
10919,0,0,0
10921,1,0,0
10923,4,0,0
10925,1,0,0
10927,0,2,0
10929,1,0,0
10931,0,1,0
10933,0,1,0
10935,0,1,0
10937,0,1,0
10939,1,0,0
10941,1,0,0
10943,1,0,0
10945,1,0,0
10947,1,0,0
10949,1,0,0
10951,0,6,0
10953,1,0,0
10955,0,1,0
10957,0,4,0
10959,1,0,0
10961,0,1,0
10963,0,1,0
10965,4,0,0
10967,0,1,0
10969,1,0,0
10971,1,0,0
10973,0,1,0
10975,0,2,0
10977,1,0,0
10979,1,0,0
10981,0,1,0
10983,0,5,0
10985,0,1,0
10987,2,0,0
10989,0,1,0
10991,0,1,0
10993,1,0,0
10995,0,1,0
10997,1,0,0
10999,0,1,0
11001,0,1,0
11003,0,1,0
11005,0,1,0
11007,0,4,0
11009,1,0,0
11011,1,0,0
11013,0,1,0
11015,1,0,0
11017,0,1,0
11019,0,1,0
11021,1,0,0
11023,1,0,0
11025,1,0,0
11027,0,1,0
11029,0,1,0
11031,0,1,0
11033,0,1,0
11035,0,1,0
11037,0,1,0
11039,1,0,0
11041,0,1,0
11043,0,1,0
11045,0,4,0
11047,1,0,0
11049,0,1,0
11051,0,1,0
11053,1,0,0
11055,4,0,0
11057,0,1,0
11059,0,4,0
11061,0,1,0
11063,0,4,0
11065,0,1,0
12173,1,0,0
12175,1,0,0
12177,0,1,0
12179,0,1,0
12181,0,1,0
12183,5,0,0
12185,1,0,0
12187,3,0,0
12189,1,0,0
12191,0,1,0
12193,0,1,0
12195,0,1,0
12197,2,0,0
12199,1,0,0
12201,1,0,0
12203,0,1,0
12205,0,1,0
12207,2,0,0
12209,4,0,0
12211,1,0,0
12213,1,0,0
12215,0,1,0
12217,1,0,0
12219,1,0,0
12221,1,0,0
12223,1,0,0
12225,0,1,0
12227,1,0,0
12229,0,4,0
12231,1,0,0
12233,1,0,0
12235,0,1,0
12237,0,1,0
12239,0,1,0
12241,0,1,0
12243,0,1,0
12245,1,0,0
12247,1,0,0
12249,1,0,0
12251,0,1,0
12253,0,5,0
12255,0,1,0
12257,1,0,0
12259,0,1,0
12261,1,0,0
12263,1,0,0
12265,0,1,0
12267,0,1,0
12269,0,1,0
12271,0,1,0
12273,0,1,0
12275,1,0,0
12277,1,0,0
12279,0,4,0
12281,1,0,0
12283,1,0,0
12285,1,0,0
12287,0,1,0
12289,1,0,0
12291,1,0,0
12293,0,1,0
12295,1,0,0
12297,0,1,0
12299,0,1,0
12301,1,0,0
12303,0,1,0
12305,1,0,0
12307,1,0,0
12309,0,1,0
12311,0,1,0
12313,0,6,0
12315,0,1,0
12317,0,1,0
12319,0,1,0
12321,0,1,0
12323,1,0,0
12325,0,1,0
12327,0,1,0
12329,0,1,0
12331,1,0,0
12333,0,1,0
12335,1,0,0
12337,0,1,0
12339,1,0,0
12341,0,0,0
12343,1,0,0
12345,1,0,0
12347,1,0,0
12349,1,0,0
12351,0,1,0
12353,0,1,0
12355,0,1,0
12357,1,0,0
12359,1,0,0
12361,1,0,0
12363,1,0,0
12365,1,0,0
12367,0,1,0
12369,0,1,0
12371,1,0,0
12373,0,1,0
12375,0,1,0
12377,0,1,0
12379,0,1,0
12381,1,0,0
12383,0,1,0
12385,1,0,0
12387,1,0,0
12389,0,1,0
12391,0,1,0
12393,0,1,0
12395,1,0,0
12397,0,1,0
12399,1,0,0
12401,2,0,0
12403,0,1,0
12405,0,1,0
12407,0,1,0
12409,1,0,0
12411,1,0,0
12413,0,1,0
12415,0,1,0
12417,0,1,0
12419,1,0,0
12421,1,0,0
12423,0,1,0
12425,0,1,0
12427,1,0,0
12429,0,1,0
12431,0,1,0
12433,0,1,0
12435,0,1,0
12437,1,0,0
12439,0,1,0
12441,0,1,0
12443,0,1,0
12445,0,1,0
14733,0,1,0
14735,1,0,0
14737,0,4,0
14739,0,4,0
14741,0,1,0
14743,0,1,0
14745,0,1,0
14747,0,1,0
14749,1,0,0
14751,1,0,0
14753,1,0,0
14755,0,1,0
14757,1,0,0
14759,5,0,0
14761,0,1,0
14763,1,0,0
14765,1,0,0
14767,1,0,0
14769,1,0,0
14771,0,1,0
14773,1,0,0
14775,0,0,0
14777,0,0,0
14779,0,1,0
14781,0,6,0
14783,0,0,0
14785,0,1,0
14787,0,1,0
14789,0,1,0
14791,1,0,0
14793,0,0,0
14795,0,0,0
14797,1,0,0
14799,4,0,0
14801,0,1,0
14803,0,0,0
14805,1,0,0
14807,1,0,0
14809,1,0,0
14811,0,1,0
14813,0,1,0
14815,0,0,0
14817,0,1,0
14819,0,1,0
14821,1,0,0
14823,0,1,0
14825,0,1,0
14827,0,1,0
14829,0,1,0
14831,0,1,0
14833,1,0,0
14835,0,1,0
14837,1,0,0
14839,1,0,0
14841,0,4,0
14843,0,1,0
14845,2,0,0
14847,0,1,0
14849,0,4,0
14851,0,1,0
14853,0,1,0
14855,0,1,0
14857,1,0,0
14859,1,0,0
14861,0,1,0
14863,0,4,0
14865,1,0,0
14867,2,0,0
14869,0,1,0
14871,0,1,0
14873,1,0,0
14875,0,1,0
14877,1,0,0
14879,0,1,0
14881,1,0,0
14883,0,1,0
14885,1,0,0
14887,1,0,0
14889,0,1,0
14891,0,1,0
14893,0,1,0
14895,0,1,0
14897,1,0,0
14899,0,1,0
14901,0,1,0
14903,1,0,0
14905,6,0,0
14907,0,0,0
14909,0,1,0
14911,0,1,0
14913,0,1,0
14915,0,1,0
14917,1,0,0
14919,1,0,0
14921,1,0,0
14923,0,1,0
14925,1,0,0
14927,1,0,0
14929,0,1,0
14931,1,0,0
14933,0,1,0
14935,1,0,0
14937,1,0,0
14939,1,0,0
14941,1,0,0
14943,1,0,0
14945,1,0,0
14947,0,1,0
14949,1,0,0
14951,0,0,0
14953,0,1,0
14955,1,0,0
14957,1,0,0
14959,0,1,0
14961,1,0,0
14963,0,0,0
14965,2,0,0
14967,1,0,0
14969,0,1,0
14971,0,1,0
14973,2,0,0
14975,4,0,0
14977,0,1,0
14979,1,0,0
14981,0,1,0
14983,0,1,0
14985,0,1,0
14987,0,1,0
14989,1,0,0
14991,1,0,0
14993,0,1,0
14995,0,1,0
14997,0,0,0
14999,1,0,0
15001,0,1,0
15003,0,1,0
15005,1,0,0
15007,7,7,7
15009,7,7,7
15011,7,7,7
15013,7,7,7
15015,7,7,7
15017,7,7,7
15019,0,1,0
15021,0,1,0
15023,0,1,0
15025,0,4,0
15027,1,0,0
15029,1,0,0
15031,1,0,0
15033,0,1,0
15035,1,0,0
15037,0,1,0
15039,0,1,0
15041,1,0,0
15043,1,0,0
15045,0,1,0
15047,1,0,0
15049,1,0,0
15051,1,0,0
15053,0,1,0
15055,1,0,0
15057,1,0,0
15059,1,0,0
15061,0,2,0
15063,0,1,0
15065,0,1,0
15067,1,0,0
15069,0,1,0
15071,0,1,0
15073,0,1,0
15075,1,0,0
15077,1,0,0
15079,1,0,0
15081,1,0,0
15083,1,0,0
15085,0,1,0
15087,0,1,0
15089,0,1,0
15091,0,1,0
15093,0,1,0
15095,2,0,0
15097,1,0,0
15099,0,0,0
15101,0,1,0
15103,0,1,0
15105,0,1,0
15107,0,1,0
15109,0,1,0
15111,0,1,0
15113,0,1,0
15115,0,1,0
15117,0,1,0
15119,0,1,0
15121,0,1,0
15123,0,1,0
15125,0,1,0
15127,0,1,0
15129,1,0,0
15131,0,1,0
15133,0,1,0
15135,4,0,0
15137,1,0,0
15139,0,1,0
15141,1,0,0
15143,1,0,0
15145,0,0,2
15147,0,1,0
15149,0,0,1
15151,0,1,0
15153,0,1,0
15155,0,1,0
15157,0,1,0
15159,0,1,0
15161,0,1,0
15163,0,1,0
15165,0,1,0
15167,1,0,0
15169,1,0,0
15171,0,1,0
15173,0,1,0
15175,1,0,0
15177,0,1,0
15179,0,1,0
15181,0,1,0
15183,0,1,0
15185,1,0,0
15187,0,1,0
15189,1,0,0
15191,0,1,0
15193,0,1,0
15195,0,1,0
15197,0,4,0
15199,0,1,0
15201,0,1,0
15203,1,0,0
15205,1,0,0
15207,0,1,0
15209,1,0,0
15211,0,1,0
15213,0,1,0
15215,6,0,0
15217,1,0,0
15219,0,1,0
15221,1,0,0
15223,0,1,0
15225,0,1,0
15227,0,1,0
15229,0,1,0
15231,0,1,0
15233,0,1,0
15235,0,1,0
15237,1,0,0
15239,0,1,0
15241,0,1,0
15243,0,1,0
15245,0,1,0
15247,0,1,0
15249,0,1,0
15251,1,0,0
15253,1,0,0
15255,0,1,0
15257,0,1,0
15259,0,2,0
15261,0,2,0
15263,0,1,0
15265,0,1,0
15267,0,1,0
15269,1,0,0
15271,1,0,0
15273,0,1,0
15275,0,1,0
15277,0,1,0
15279,0,1,0
15281,0,1,0
15283,0,1,0
15285,1,0,0
15287,0,1,0
15289,1,0,0
15291,4,0,0
15293,1,0,0
15295,0,1,0
15297,0,1,0
15299,0,1,0
15301,0,1,0
15303,0,1,0
15305,1,0,0
15307,1,0,0
15309,1,0,0
15311,1,0,0
15313,1,0,0
15315,0,1,0
15317,0,1,0
15319,0,1,0
15321,1,0,0
15323,0,1,0
15325,1,0,0
15327,0,1,0
15329,0,1,0
15331,1,0,0
15333,1,0,0
15335,0,1,0
15337,0,1,0
15339,0,1,0
15341,0,4,0
15343,0,1,0
15345,1,0,0
15347,0,1,0
15349,0,1,0
15351,1,0,0
15353,1,0,0
15355,1,0,0
15357,1,0,0
15359,1,0,0
15361,0,1,0
15363,0,1,0
15365,1,0,0
15367,0,1,0
15369,0,1,0
15371,0,0,0
15373,0,1,0
15375,1,0,0
15377,1,0,0
15379,1,0,0
15381,1,0,0
15383,1,0,0
15385,6,0,0
15387,0,1,0
15389,0,1,0
15391,1,0,0
15393,0,1,0
15395,1,0,0
15397,0,1,0
15399,0,1,0
15401,0,1,0
15403,0,1,0
15405,0,1,0
15407,1,0,0
15409,1,0,0
15411,1,0,0
15413,0,1,0
15415,0,1,0
15417,0,1,0
15419,0,1,0
15421,0,1,0
15423,1,0,0
15425,1,0,0
15427,0,1,0
15429,0,1,0
15431,0,1,0
15433,0,1,0
15435,0,1,0
15437,0,1,0
15439,1,0,0
15441,0,1,0
15443,1,0,0
15445,0,1,0
15447,0,1,0
15449,0,1,0
15451,6,0,0
15453,1,0,0
15455,0,2,0
15457,2,0,0
15459,2,0,0
15461,0,4,0
15463,1,0,0
15465,1,0,0
15467,0,1,0
15469,0,1,0
15471,0,1,0
15473,1,0,0
15475,1,0,0
15477,1,0,0
15479,1,0,0
15481,0,1,0
15483,1,0,0
15485,0,1,0
15487,1,0,0
15489,0,1,0
15491,1,0,0
15493,1,0,0
15495,0,1,0
15497,0,1,0
15499,0,1,0
15501,0,1,0
15503,0,1,0
15505,0,1,0
15507,1,0,0
15509,0,5,0
15511,1,0,0
15513,0,1,0
15515,0,1,0
15517,1,0,0
15519,0,1,0
15521,0,1,0
15523,1,0,0
15525,0,1,0
15527,0,1,0
15529,1,0,0
15531,0,1,0
15533,1,0,0
15535,0,1,0
15537,1,0,0
15539,1,0,0
15541,1,0,0
15543,0,1,0
15545,0,1,0
15547,0,1,0
15549,1,0,0
15551,0,1,0
15553,1,0,0
15555,0,1,0
15557,0,1,0
15559,0,1,0
15561,0,1,0
15563,0,4,0
15565,0,1,0
15567,1,0,0
15569,0,1,0
15571,1,0,0
15573,1,0,0
15575,1,0,0
15577,1,0,0
15579,1,0,0
15581,1,0,0
15583,1,0,0
15585,1,0,0
15587,0,1,0
15589,1,0,0
15591,1,0,0
15593,0,1,0
15595,1,0,0
15597,1,0,0
15599,0,1,0
15601,0,1,0
15603,0,1,0
15605,1,0,0
15607,0,1,0
15609,0,1,0
15611,0,1,0
15613,1,0,0
15615,0,1,0
15617,0,1,0
15619,0,1,0
15621,1,0,0
15623,0,1,0
15625,0,1,0
15627,1,0,0
15629,1,0,0
15631,0,1,0
15633,0,1,0
15635,0,1,0
15637,0,1,0
15639,0,1,0
15641,0,1,0
15643,1,0,0
15645,0,1,0
15647,0,1,0
15649,1,0,0
15651,0,1,0
15653,0,1,0
15655,0,1,0
15657,0,1,0
15659,0,1,0
15661,0,1,0
15663,1,0,0
15665,1,0,0
15667,0,1,0
15669,1,0,0
15671,0,1,0
15673,1,0,0
15675,1,0,0
15677,0,1,0
15679,0,1,0
15681,0,1,0
15683,1,0,0
15685,0,1,0
15687,1,0,0
15689,0,1,0
15691,0,2,0
15693,1,0,0
15695,0,1,0
15697,0,1,0
15699,0,1,0
15701,0,1,0
15703,1,0,0
15705,1,0,0
15707,0,1,0
15709,1,0,0
15711,0,1,0
15713,0,1,0
15715,1,0,0
15717,0,1,0
15719,1,0,0
15721,1,0,0
15723,0,1,0
15725,0,1,0
15727,1,0,0
15729,0,1,0
15731,0,1,0
15733,1,0,0
15735,1,0,0
15737,0,1,0
15739,1,0,0
15741,0,1,0
15743,0,1,0
15745,0,1,0
15747,0,1,0
15749,0,1,0
15751,0,1,0
15753,0,1,0
15755,0,1,0
15757,0,1,0
15759,0,1,0
15761,1,0,0
15763,1,0,0
15765,1,0,0
15767,0,1,0
15769,0,1,0
15771,0,1,0
15773,0,0,1
15775,0,1,0
15777,1,0,0
15779,6,0,0
15781,1,0,0
15783,0,1,0
15785,0,1,0
15787,0,1,0
15789,0,1,0
15791,0,1,0
15793,0,1,0
15795,0,2,0
15797,1,0,0
15799,0,2,0
15801,1,0,0
15803,1,0,0
15805,0,1,0
15807,1,0,0
15809,0,1,0
15811,0,1,0
15813,1,0,0
15815,0,1,0
15817,0,4,0
15819,3,0,0
15821,0,1,0
15823,0,1,0
15825,0,1,0
15827,0,1,0
15829,0,1,0
15831,1,0,0
15833,0,1,0
15835,0,1,0
15837,1,0,0
15839,1,0,0
15841,0,1,0
15843,0,1,0
15845,0,1,0
15847,0,1,0
15849,0,4,0
15851,0,1,0
15853,0,1,0
15855,0,1,0
15857,1,0,0
15859,0,1,0
15861,1,0,0
15863,0,1,0
15865,0,1,0
15867,1,0,0
15869,0,1,0
15871,0,1,0
15873,0,1,0
15875,0,1,0
15877,1,0,0
15879,1,0,0
15881,1,0,0
15883,1,0,0
15885,1,0,0
15887,0,1,0
15889,0,1,0
15891,0,1,0
15893,1,0,0
15895,1,0,0
15897,0,1,0
15899,0,1,0
15901,1,0,0
15903,1,0,0
15905,0,1,0
15907,0,1,0
15909,0,4,0
15911,1,0,0
15913,0,1,0
15915,0,1,0
15917,1,0,0
15919,0,1,0
15921,0,1,0
15923,0,1,0
15925,1,0,0
15927,4,0,0
15929,1,0,0
15931,2,0,0
15933,1,0,0
15935,1,0,0
15937,1,0,0
15939,0,2,0
15941,0,1,0
15943,0,1,0
15945,0,1,0
15947,0,1,0
15949,0,1,0
15951,0,1,0
15953,1,0,0
15955,1,0,0
15957,0,1,0
15959,0,1,0
15961,1,0,0
15963,1,0,0
15965,1,0,0
15967,0,1,0
15969,0,1,0
15971,1,0,0
15973,0,1,0
15975,0,1,0
15977,0,1,0
15979,0,1,0
15981,1,0,0
15983,0,1,0
15985,0,1,0
15987,0,1,0
15989,0,1,0
15991,1,0,0
15993,0,1,0
15995,0,1,0
15997,1,0,0
15999,1,0,0
16001,2,0,0
16003,1,0,0
16005,0,6,0
16007,1,0,0
16009,1,0,0
16011,1,0,0
16013,1,0,0
16015,0,1,0
16017,0,1,0
16019,1,0,0
16021,0,1,0
16023,1,0,0
16025,0,1,5
16027,0,1,0
16029,0,1,0
16031,1,0,0
16033,1,0,0
16035,1,0,0
16037,1,0,0
16039,2,0,0
16041,1,0,0
16043,1,0,0
16045,0,1,0
16047,1,0,0
16049,0,1,0
16051,1,0,0
16053,0,1,0
16055,0,1,0
16057,1,0,0
16059,0,1,0
16061,0,1,0
16063,2,0,0
16065,0,1,0
16067,0,1,0
16069,0,1,0
16071,0,1,0
16073,1,0,0
16075,1,0,0
16077,0,1,0
16079,0,1,0
16081,0,1,0
16083,0,1,0
16085,0,1,0
16087,0,1,0
16089,1,0,0
16091,1,0,0
16093,0,1,0
16095,0,2,0
16097,0,1,0
16099,0,1,0
16101,1,0,0
16103,1,0,0
16105,0,1,0
16107,0,1,0
16109,0,1,0
16111,0,1,0
16113,1,0,0
16115,1,0,0
16117,0,1,0
16119,1,0,0
16121,1,0,0
16123,1,0,0
16125,1,0,0
16127,1,0,0
16129,0,1,0
16131,1,0,0
16133,1,0,0
16135,1,0,0
16137,1,0,0
16139,4,0,0
16141,0,1,0
16143,1,0,0
16145,0,1,0
16147,0,2,0
16149,0,1,0
16151,0,1,0
16153,0,1,0
16155,1,0,0
16157,0,1,0
16159,1,0,0
16161,1,0,0
16163,0,1,0
16165,0,1,0
16167,1,0,0
16169,0,1,0
16171,0,1,0
16173,0,1,0
16175,0,1,0
16177,0,1,0
16179,1,0,0
16181,1,0,0
16183,1,0,0
16185,0,1,0
16187,1,0,0
16189,1,0,0
16191,1,0,0
16193,1,0,0
16195,0,1,0
16197,1,0,0
16199,1,0,0
16201,0,1,0
16203,1,0,0
16205,1,0,0
16207,0,1,0
16209,0,1,0
16211,0,1,0
16213,0,1,0
16215,0,1,0
16217,0,1,0
16219,0,1,0
16221,0,1,0
16223,1,0,0
16225,1,0,0
16227,0,1,0
16229,1,0,0
16231,0,1,0
16233,1,0,0
16235,4,0,0
16237,0,1,0
16239,0,1,0
16241,0,1,0
16243,1,0,0
16245,0,1,0
16247,1,0,0
16249,1,0,0
16251,0,1,0
16253,1,0,0
16255,1,0,0
16257,1,0,0
16259,1,0,0
16261,1,0,0
16263,1,0,0
16265,0,1,0
16267,0,1,0
16269,0,1,0
16271,0,1,0
16273,0,1,0
16275,0,1,0
16277,0,1,0
16279,0,1,0
16281,1,0,0
16283,1,0,0
16285,1,0,0
16287,1,0,0
16289,1,0,0
16291,0,1,0
16293,0,1,0
16295,1,0,0
16297,0,1,0
16299,1,0,0
16301,4,0,0
16303,1,0,0
16305,0,1,0
16307,4,0,0
16309,1,0,0
16311,1,0,0
16313,0,1,0
16315,0,1,0
16317,0,4,0
16319,0,1,0
16321,0,1,0
16323,0,1,0
16325,1,0,0
16327,0,1,0
16329,1,0,0
16331,4,0,0
16333,0,1,0
16335,1,0,0
16337,1,0,0
16339,0,1,0
16341,1,0,0
16343,0,1,0
16345,1,0,0
16347,4,0,0
16349,0,1,0
16351,0,1,0
16353,1,0,0
16355,0,1,0
16357,7,7,7
16359,7,7,7
16361,0,1,0
16363,0,1,0
16365,0,1,0
16367,1,0,0
16369,1,0,0
16371,0,0,2
16373,1,0,0
16375,1,0,0
16377,4,0,0
16379,0,1,0
16381,0,1,0
16383,0,1,0
16385,1,0,0
16387,0,1,0
16389,2,0,0
16391,1,0,0
16393,1,0,0
16395,4,0,0
16397,1,0,0
16399,0,1,0
16401,0,1,0
16403,0,1,0
16405,0,1,0
16407,0,6,0
16409,0,1,0
16411,1,0,0
16413,2,0,0
16415,0,1,0
16417,0,1,0
16419,1,0,0
16421,0,1,0
16423,0,1,0
16425,0,1,0
16427,4,0,0
16429,0,1,0
16431,0,2,0
16433,1,0,0
16435,1,0,0
16437,1,0,0
16439,1,0,0
16441,0,1,0
16443,0,1,0
16445,1,0,0
16447,1,0,0
16449,1,0,0
16451,1,0,0
16453,0,1,0
16455,4,0,0
16457,0,1,0
16459,1,0,0
16461,1,0,0
16463,0,1,0
16465,1,0,0
16467,0,1,0
16469,0,1,0
16471,0,0,1
16473,1,0,0
16475,1,0,0
16477,1,0,0
16479,1,0,0
16481,1,0,0
16483,0,1,0
16485,1,0,0
16487,0,1,0
16489,0,1,0
16491,0,1,0
16493,0,1,0
16495,5,0,0
16497,1,0,0
16499,0,1,0
16501,4,0,0
16503,0,1,0
16505,1,0,0
16507,0,1,0
16509,0,1,0
16511,0,1,0
16513,1,0,0
16515,0,1,0
16517,1,0,0
16519,0,1,0
16521,0,1,0
16523,0,1,0
16525,1,0,0
16527,0,1,0
16529,0,1,0
16531,1,0,0
16533,1,0,0
16535,0,1,0
16537,1,0,0
16539,0,1,0
16541,0,1,0
16543,0,1,0
16545,0,1,0
16547,0,1,0
16549,1,0,0
16551,0,4,0
16553,1,0,0
16555,0,1,0
16557,1,0,0
16559,1,0,0
16561,0,1,0
16563,2,1,0
16565,0,1,0
16567,1,0,0
16569,1,0,0
16571,0,1,0
16573,0,1,0
16575,0,1,0
16577,1,0,0
16579,0,1,0
16581,0,1,0
16583,0,1,0
16585,0,1,0
16587,0,1,0
16589,0,1,0
16591,1,0,0
16593,0,1,0
16595,1,0,0
16597,1,0,0
16599,0,1,0
16601,0,1,0
16603,1,0,0
16605,0,1,0
16607,0,1,0
16609,1,0,0
16611,1,0,0
16613,0,1,0
16615,0,1,0
16617,1,0,0
16619,1,0,0
16621,0,1,0
16623,0,1,0
16625,0,1,0
16627,1,0,0
16629,0,1,0
16631,0,4,0
16633,0,1,0
16635,1,0,0
16637,0,1,0
16639,0,1,0
16641,0,1,0
16643,1,0,0
16645,1,0,0
16647,1,0,0
16649,0,1,0
16651,0,1,0
16653,0,1,0
16655,1,0,0
16657,0,1,0
16659,0,1,0
16661,0,1,0
16663,0,1,0
16665,1,0,0
16667,1,0,0
16669,1,0,0
16671,1,0,0
16673,1,0,0
16675,1,0,0
16677,1,0,0
16679,1,0,0
16681,0,1,0
16683,0,1,0
16685,1,0,0
16687,0,1,0
16689,1,0,0
16691,1,0,0
16693,1,0,0
16695,4,0,0
16697,1,0,0
16699,1,0,0
16701,0,1,0
16703,1,0,0
16705,1,0,0
16707,0,1,0
16709,1,0,0
16711,1,0,0
16713,1,0,0
16715,1,0,0
16717,1,0,0
16719,1,0,0
16721,1,0,0
16723,1,0,0
16725,1,0,0
16727,1,0,0
16729,1,0,0
16731,0,1,0
16733,0,1,0
16735,1,0,0
16737,1,0,0
16739,0,1,0
16741,0,1,0
16743,0,1,0
16745,0,1,0
16747,0,1,0
16749,0,1,0
16751,0,1,0
16753,0,2,0
16755,0,1,0
16757,0,1,0
16759,1,0,0
16761,0,1,0
16763,0,1,0
16765,0,1,0
16767,0,1,0
16769,1,0,0
16771,0,1,0
16773,1,0,0
16775,0,1,0
16777,0,1,0
16779,0,1,0
16781,0,1,0
16783,0,1,0
16785,0,1,0
16787,0,1,0
16789,7,7,7
16791,7,7,7
16793,0,1,0
16795,1,0,0
16797,1,0,0
16799,0,1,0
16801,0,1,0
16803,0,1,0
16805,0,1,0
16807,1,0,0
16809,0,1,0
16811,0,1,0
16813,0,1,0
16815,1,0,0
16817,0,4,0
16819,0,1,0
16821,0,1,0
16823,0,1,0
16825,0,1,0
16827,1,0,0
16829,0,1,0
16831,0,1,0
16833,0,1,0
16835,1,0,0
16837,0,1,0
16839,4,0,0
16841,0,1,0
16843,0,1,0
16845,1,0,0
16847,1,0,0
16849,0,1,0
16851,0,1,0
16853,1,0,0
16855,1,0,0
16857,0,1,0
16859,0,4,0
16861,1,0,0
16863,0,1,0
16865,0,1,0
16867,0,1,0
16869,1,0,0
16871,1,0,0
16873,1,0,0
16875,0,1,0
16877,1,0,0
16879,1,0,0
16881,0,1,0
16883,0,1,0
16885,0,1,0
16887,0,1,0
16889,2,0,0
16891,1,0,0
16893,0,1,0
16895,0,1,0
16897,1,0,0
16899,0,1,0
16901,0,1,0
16903,0,1,0
16905,1,0,0
16907,0,1,0
16909,1,0,0
16911,0,1,0
16913,0,1,0
16915,0,1,0
16917,1,0,0
16919,0,1,0
16921,0,1,0
16923,0,1,0
16925,1,0,0
16927,0,1,0
16929,1,0,0
16931,1,0,0
16933,1,0,0
16935,1,0,0
16937,1,0,0
16939,1,0,0
16941,0,1,0
16943,0,1,0
16945,0,1,0
16947,0,1,0
16949,1,0,0
16951,0,1,0
16953,1,0,0
16955,0,1,0
16957,0,1,0
16959,0,1,0
16961,0,1,0
16963,0,1,0
16965,1,0,0
16967,0,1,0
16969,1,0,0
16971,0,1,0
16973,0,5,0
16975,0,1,0
16977,0,1,0
16979,1,0,0
16981,1,0,0
16983,0,1,0
16985,0,1,0
16987,0,1,0
16989,1,0,0
16991,1,0,0
16993,1,1,0
16995,1,0,0
16997,1,0,0
16999,0,1,0
17001,1,0,0
17003,1,0,0
17005,1,0,0
17007,1,0,0
17009,0,1,0
17011,0,1,0
17013,0,1,0
17015,0,1,0
17017,1,0,0
17019,0,1,0
17021,0,1,0
17023,0,1,0
17025,0,1,0
17027,0,1,0
17029,0,1,0
17031,0,1,0
17033,1,0,0
17035,1,0,0
17037,1,0,0
17039,0,1,0
17041,0,1,0
17043,0,1,0
17045,1,0,0
17047,0,1,0
17049,1,0,0
17051,1,0,0
17053,0,1,0
17055,0,1,0
17057,1,0,0
17059,1,0,0
17061,0,1,0
17063,0,1,0
17065,0,1,0
17067,0,0,0
17069,1,0,0
17071,0,1,0
17073,1,0,0
17075,0,1,0
17077,1,0,0
17079,0,1,0
17081,1,0,0
17083,1,0,0
17085,0,1,0
17087,0,1,0
17089,1,0,0
17091,2,0,0
17093,0,1,0
17095,1,0,0
17097,1,0,0
17099,0,1,0
17101,0,5,0
17103,1,0,0
17105,0,1,0
17107,0,1,0
17109,0,1,0
17111,1,0,0
17113,1,0,0
17115,0,1,0
17117,0,1,0
17119,0,1,0
17121,0,1,0
17123,0,0,0
17125,0,1,0
17127,0,1,0
17129,1,0,0
17131,0,1,0
17133,0,1,0
17135,0,1,0
17137,1,0,0
17139,1,0,0
17141,1,0,0
17143,1,0,0
17145,1,0,0
17147,1,0,0
17149,1,0,0
17151,1,0,0
17153,1,0,0
17155,0,1,0
17157,0,1,0
17159,1,0,0
17161,0,1,0
17163,0,1,0
17165,1,0,0
17167,0,1,0
17169,1,0,0
17171,0,1,0
17173,0,1,0
17175,1,0,0
17177,1,0,0
17179,1,0,0
17181,1,0,0
17183,1,0,0
17185,1,0,0
17187,0,1,0
17189,0,1,0
17191,0,1,0
17193,0,1,0
17195,0,1,0
17197,0,1,0
17199,0,0,0
17201,1,0,0
17203,0,1,0
17205,0,1,0
17207,0,1,0
17209,1,0,0
17211,0,1,0
17213,0,1,0
17215,0,1,0
17217,1,0,0
17219,1,0,0
17221,0,1,0
17223,0,1,0
17225,0,1,0
17227,1,0,0
17229,1,0,0
17231,5,0,0
17233,0,1,0
17235,2,0,0
17237,2,0,0
17239,1,0,0
17241,0,1,0
17243,1,0,0
17245,0,0,0
17247,1,0,0
17249,0,1,0
17251,1,0,0
17253,0,1,0
17255,0,1,0
17257,1,0,0
17259,1,0,0
17261,0,1,0
17263,1,0,0
17265,1,0,0
17267,0,1,0
17269,6,0,0
17271,1,0,0
17273,0,0,0
17275,0,1,0
17277,0,1,0
17279,0,1,0
17281,0,1,0
17283,0,1,0
17285,4,0,0
17287,0,0,1
17289,2,0,0
17291,1,0,0
17293,1,0,0
17295,1,0,0
17297,0,1,0
17299,4,0,0
17301,1,0,0
17303,0,1,0
17305,1,0,0
17307,1,0,0
17309,1,0,0
17311,0,0,1
17313,0,1,0
17315,1,0,0
17317,0,1,0
17319,0,1,0
17321,0,1,0
17323,1,0,0
17325,1,0,0
17327,0,1,0
17329,1,0,0
17331,0,0,0
17333,0,2,0
17335,0,1,0
17337,0,1,0
17339,0,1,0
17341,0,1,0
17343,0,1,0
17345,0,4,0
17347,0,1,0
17349,0,1,0
17351,0,1,0
17353,0,1,0
17355,0,1,0
17357,0,1,0
17359,1,0,0
17361,1,0,0
17363,1,0,0
17365,0,1,0
17367,0,1,0
17369,0,1,0
17371,0,1,0
17373,0,1,0
17375,1,0,0
17377,0,1,0
17379,1,0,0
17381,0,1,0
17383,0,1,0
17385,1,0,0
17387,0,1,0
17389,0,1,0
17391,0,1,0
17393,0,1,0
17395,0,1,0
17397,0,0,1
17399,1,0,0
17401,0,1,0
17403,0,1,0
17405,0,1,0
17407,0,1,0
17409,0,1,0
17411,0,0,0
17413,0,1,0
17415,1,0,0
17417,1,0,0
17419,1,0,0
17421,0,1,0
17423,1,0,0
17425,1,0,0
17427,0,1,0
17429,0,1,0
17431,0,1,0
17433,1,0,0
17435,1,0,0
17437,0,1,0
17439,1,0,0
17441,1,0,0
17443,1,0,0
17445,1,0,0
17447,1,0,0
17449,0,1,0
17451,0,1,0
17453,0,1,0
17455,0,1,0
17457,1,0,0
17459,0,1,0
17461,0,1,0
17463,1,0,0
17465,1,0,0
17467,1,0,0
17469,0,1,0
17471,0,1,0
17473,0,1,0
17475,0,1,0
17477,0,1,0
17479,1,0,0
17481,0,1,0
17483,0,1,0
17485,0,1,0
17487,0,1,0
17489,0,1,0
17491,0,1,0
17493,0,1,0
17495,0,1,0
17497,0,0,0
17499,1,0,0
17501,1,0,0
17503,6,0,0
17505,1,0,0
17507,1,0,0
17509,1,0,0
17511,0,1,0
17513,0,1,0
17515,0,1,0
17517,1,0,0
17519,0,1,0
17521,0,1,0
17523,1,0,0
17525,1,0,0
17527,1,0,0
17529,0,1,0
17531,0,1,0
17533,1,0,0
17535,0,1,0
17537,0,0,0
17539,0,0,0
17541,0,1,0
17543,1,0,0
17545,1,0,0
17547,0,1,0
17549,0,0,0
17551,1,0,0
17553,0,1,0
17555,0,1,0
17557,0,1,0
17559,0,1,0
17561,0,1,0
17563,1,0,0
17565,1,0,0
17567,0,1,0
17569,1,0,0
17571,0,1,0
17573,0,1,0
17575,1,0,0
17577,0,1,0
17579,1,0,0
17581,0,1,0
17583,0,1,0
17585,0,1,0
17587,1,0,0
17589,1,0,0
17591,1,0,0
17593,1,0,0
17595,0,1,0
17597,1,0,0
17599,4,0,0
17601,0,1,0
17603,4,0,0
17605,0,1,0
17607,0,1,0
17609,0,1,0
17611,0,1,0
17613,0,2,0
17615,0,1,0
17617,0,1,0
17619,0,1,0
17621,0,1,0
17623,0,1,0
17625,4,0,0
17627,0,1,0
17629,0,1,0
17631,0,1,0
17633,0,1,0
17635,0,1,0
17637,0,1,0
17639,0,1,0
17641,1,0,0
17643,1,0,0
17645,1,0,0
17647,0,1,0
17649,0,1,0
17651,0,1,0
17653,0,0,0
17655,0,4,0
17657,1,0,0
17659,0,1,0
17661,0,1,0
17663,0,1,0
17665,0,1,0
17667,0,1,0
17669,0,1,0
17671,0,1,0
17673,0,1,0
17675,0,1,0
17677,0,1,0
17679,0,4,0
17681,1,0,0
17683,0,1,0
17685,1,0,0
17687,1,0,0
17689,1,0,0
17691,0,1,0
17693,1,0,0
17695,0,1,0
17697,0,1,0
17699,0,1,0
17701,0,1,0
17703,0,1,0
17705,1,0,0
17707,0,1,0
17709,0,1,0
17711,0,1,0
17713,0,1,0
17715,1,0,0
17717,0,1,0
17719,0,1,0
17721,0,1,0
17723,0,1,0
17725,1,0,0
17727,8,0,8
17729,1,0,0
17731,0,1,0
17733,7,7,7
17735,7,7,7
17737,7,7,7
17739,7,7,7
17741,0,1,0
17743,0,4,0
17745,1,0,0
17747,0,1,0
17749,0,1,0
17751,0,1,0
17753,1,0,0
17755,0,1,0
17757,0,1,0
17759,0,1,0
17761,0,4,0
17763,1,0,0
17765,1,0,0
17767,0,0,0
17769,0,1,0
17771,1,0,0
17773,0,1,0
17775,0,1,0
17777,1,0,0
17779,0,1,0
17781,1,0,0
17783,0,1,0
17785,1,0,0
17787,0,1,0
17789,1,0,0
17791,0,1,0
17793,0,1,0
17795,0,1,0
17797,1,0,0
17799,0,1,0
17801,0,1,0
17803,0,1,0
17805,0,1,0
17807,0,1,0
17809,0,1,0
17811,0,1,0
17813,0,2,0
17815,0,1,0
17817,0,1,0
17819,0,1,0
17821,1,0,0
17823,1,0,0
17825,1,0,0
17827,0,1,0
17829,0,1,0
17831,0,1,0
17833,0,1,0
17835,0,1,0
17837,1,0,0
17839,0,1,0
17841,1,0,0
17843,0,1,0
17845,0,1,0
17847,1,0,0
17849,1,0,0
17851,1,0,0
17853,0,1,0
17855,1,0,0
17857,0,1,0
17859,0,1,0
17861,0,1,0
17863,1,0,0
17865,0,1,0
17867,0,1,0
17869,0,1,0
17871,0,1,0
17873,0,1,0
17875,1,0,0
17877,0,1,0
17879,1,0,0
17881,0,1,0
17883,1,0,0
17885,0,1,0
17887,1,0,0
17889,1,0,0
17891,0,1,0
17893,1,0,0
17895,1,0,0
17897,0,3,0
17899,0,0,0
17901,1,0,0
17903,0,1,0
17905,0,1,0
17907,0,1,0
17909,1,0,0
17911,1,0,0
17913,0,1,0
17915,0,1,0
17917,1,0,0
17919,0,1,0
17921,0,1,0
17923,0,1,0
17925,0,1,0
17927,0,1,0
17929,0,2,0
17931,0,1,0
17933,0,0,1
17935,0,1,0
17937,0,1,0
17939,1,0,0
17941,1,0,0
17943,0,1,0
17945,0,1,0
17947,0,1,0
17949,1,0,0
17951,0,1,0
17953,0,1,0
17955,1,0,0
17957,0,1,0
17959,0,1,0
17961,1,0,0
17963,0,1,0
17965,0,1,0
17967,0,1,0
17969,1,0,0
17971,0,1,0
17973,0,1,0
17975,0,1,0
17977,1,0,0
17979,0,1,0
17981,0,1,0
17983,0,1,0
17985,1,0,0
17987,0,1,0
17989,1,0,0
17991,4,0,0
17993,0,1,0
17995,0,1,0
17997,0,1,0
17999,1,0,0
18001,0,1,0
18003,0,1,0
18005,0,1,0
18007,1,0,0
18009,1,0,0
18011,1,0,0
18013,1,0,0
18015,0,1,0
18017,0,1,0
18019,1,0,0
18021,0,1,0
18023,0,1,0
18025,0,1,0
18027,0,1,0
18029,1,0,0
18031,0,1,0
18033,1,0,0
18035,0,1,0
18037,0,1,0
18039,0,1,0
18041,1,0,0
18043,0,1,0
18045,0,1,0
18047,0,1,0
18049,1,0,0
18051,0,1,0
18053,0,1,0
18055,0,1,0
18057,0,1,0
18059,1,0,0
18061,1,0,0
18063,0,1,0
18065,0,1,0
18067,1,0,0
18069,0,1,0
18071,0,1,0
18073,0,1,0
18075,0,1,0
18077,0,1,0
18079,0,1,0
18081,1,0,0
18083,1,0,0
18085,0,0,1
18087,0,1,0
18089,1,0,0
18091,0,0,0
18093,0,1,0
18095,0,1,0
18097,0,1,0
18099,0,1,0
18101,4,0,0
18103,0,4,0
18105,0,1,0
18107,1,0,0
18109,0,1,0
18111,0,1,0
18113,0,1,0
18115,0,1,0
18117,0,1,0
18119,0,1,0
18121,0,1,0
18123,1,0,0
18125,0,1,0
18127,0,1,0
18129,0,1,0
18131,0,1,0
18133,0,1,0
18135,0,1,0
18137,0,1,0
18139,0,1,0
18141,0,2,0
18143,1,0,0
18145,1,0,0
18147,0,1,0
18149,0,1,0
18151,0,1,0
18153,0,1,0
18155,0,1,0
18157,0,1,0
18159,0,1,0
18161,0,1,0
18163,0,1,0
18165,1,0,0
18167,1,0,0
18169,0,1,0
18171,0,1,0
18173,0,1,0
18175,1,0,0
18177,0,1,0
18179,1,0,0
18181,0,1,0
18183,0,1,0
18185,1,0,0
18187,0,1,0
18189,1,0,0
18191,0,1,0
18193,1,0,0
18195,1,0,0
18197,0,1,0
18199,1,0,0
18201,0,1,0
18203,0,1,0
18205,0,1,0
18207,0,1,0
18209,0,0,0
18211,1,0,0
18213,0,1,0
18215,0,1,0
18217,0,1,0
18219,0,1,0
18221,0,1,0
18223,0,1,0
18225,1,0,0
18227,0,1,0
18229,0,1,0
18231,1,0,0
18233,1,0,0
18235,0,1,0
18237,0,1,0
18239,0,1,0
18241,0,1,0
18243,1,0,0
18245,0,2,0
18247,1,0,0
18249,0,1,0
18251,0,1,0
18253,0,1,0
18255,0,1,0
18257,1,0,0
18259,0,1,0
18261,0,1,0
18263,0,1,0
18265,0,1,0
18267,0,1,0
18269,1,0,0
18271,0,1,0
18273,1,0,0
18275,0,1,0
18277,1,0,0
18279,1,0,0
18281,0,1,0
18283,0,1,0
18285,0,1,0
18287,0,1,0
18289,0,1,0
18291,1,0,0
18293,1,0,0
18295,1,0,0
18297,1,0,0
18299,0,1,0
18301,0,1,0
18303,0,1,0
18305,1,0,0
18307,1,0,0
18309,1,0,0
18311,0,1,0
18313,0,1,0
18315,0,1,0
18317,1,0,0
18319,1,0,0
18321,1,0,0
18323,1,0,0
18325,0,1,0
18327,0,4,0
18329,0,1,0
18331,1,0,0
18333,0,1,0
18335,0,1,0
18337,0,1,0
18339,0,1,0
18341,1,0,0
18343,0,1,0
18345,1,0,0
18347,1,0,0
18349,1,0,0
18351,0,1,0
18353,4,0,0
18355,1,0,0
18357,1,0,0
18359,0,1,0
18361,0,1,0
18363,0,1,0
18365,0,0,1
18367,0,1,0
18369,1,0,0
18371,0,1,0
18373,0,1,0
18375,0,1,0
18377,0,1,0
18379,0,1,0
18381,0,1,0
18383,0,1,0
18385,0,1,0
18387,0,1,0
18389,1,0,0
18391,0,1,0
18393,1,0,0
18395,0,1,0
18397,1,0,0
18399,1,0,0
18401,1,0,0
18403,1,0,0
18405,0,1,0
18407,0,1,0
18409,0,1,0
18411,0,1,0
18413,0,1,0
18415,1,0,0
18417,0,1,0
18419,1,0,0
18421,1,0,0
18423,0,1,0
18425,1,0,0
18427,1,0,0
18429,0,1,0
18431,0,1,0
18433,0,1,0
18435,1,0,0
18437,0,1,0
18439,1,0,0
18441,1,0,0
18443,1,0,0
18445,1,0,0
18447,1,0,0
18449,0,1,0
18451,0,1,0
18453,0,6,0
18455,0,1,0
18457,0,1,0
18459,1,0,0
18461,0,1,0
18463,0,1,0
18465,0,1,0
18467,0,1,0
18469,1,0,0
18471,1,0,0
18473,1,0,0
18475,0,1,0
18477,1,0,0
18479,1,0,0
18481,1,0,0
18483,1,0,0
18485,1,0,0
18487,0,1,0
18489,1,0,0
18491,1,0,0
18493,0,1,0
18495,0,1,0
18497,0,1,0
18499,1,0,0
18501,1,0,0
18503,1,0,0
18505,1,0,0
18507,0,1,0
18509,0,1,0
18511,0,1,0
18513,2,0,0
18515,0,0,1
18517,0,1,0
18519,0,1,0
18521,0,1,0
18523,0,1,0
18525,0,1,0
18527,0,6,0
18529,1,0,0
18531,0,0,6
18533,0,1,0
18535,0,1,0
18537,0,1,0
18539,0,1,0
18541,0,1,0
18543,1,0,0
18545,0,1,0
18547,0,1,0
18549,0,1,0
18551,0,1,0
18553,0,1,0
18555,0,1,0
18557,1,0,0
18559,0,1,0
18561,1,0,0
18563,0,1,0
18565,0,1,0
18567,0,1,0
18569,1,0,0
18571,1,0,0
18573,0,1,0
18575,0,1,0
18577,0,1,0
18579,0,1,0
18581,0,6,0
18583,1,0,0
18585,0,1,0
18587,0,1,0
18589,1,0,0
18591,1,0,0
18593,1,0,0
18595,0,1,0
18597,0,1,0
18599,1,0,0
18601,0,1,0
18603,1,0,0
18605,0,1,0
18607,1,0,0
18609,1,0,0
18611,1,0,0
18613,1,0,0
18615,0,1,0
18617,1,0,0
18619,0,0,0
18621,0,1,0
18623,1,0,0
18625,0,1,0
18627,0,1,0
18629,0,0,0
18631,1,0,0
18633,0,1,0
18635,0,1,0
18637,0,1,0
18639,1,0,0
18641,1,0,0
18643,1,0,0
18645,1,0,0
18647,1,0,0
18649,1,0,0
18651,1,0,0
18653,0,0,0
18655,1,0,0
18657,0,1,0
18659,0,1,0
18661,0,1,0
18663,0,1,0
18665,2,0,0
18667,0,1,0
18669,2,0,0
18671,0,1,0
18673,1,0,0
18675,1,0,0
18677,1,0,0
18679,0,1,0
18681,0,1,0
18683,1,0,0
18685,1,0,0
18687,1,0,0
18689,1,0,0
18691,1,0,0
18693,0,1,0
18695,1,0,0
18697,1,0,0
18699,0,0,0
18701,0,1,0
18703,0,1,0
18705,1,0,0
18707,0,1,0
18709,1,0,0
18711,1,0,0
18713,0,1,0
18715,0,1,0
18717,1,0,0
18719,1,0,0
18721,1,0,0
18723,1,0,0
18725,4,0,0
18727,0,0,0
18729,0,0,0
18731,0,1,0
18733,0,0,0
18735,1,0,0
18737,0,0,0
18739,0,0,0
18741,1,0,0
18743,0,0,0
18745,1,0,0
18747,0,0,0
18749,0,1,0
18751,0,1,0
18753,1,0,0
18755,1,0,0
18757,0,0,0
18759,0,2,0
18761,0,0,0
18763,0,1,0
18765,0,0,0
18767,1,0,0
18769,0,0,0
18771,1,0,0
18773,0,1,0
18775,0,1,0
18777,0,0,0
18779,0,1,0
18781,0,1,0
18783,0,2,0
18785,0,2,0
18787,0,2,0
18789,0,1,0
18791,0,1,0
18793,1,0,0
18795,0,1,0
18797,6,0,0
18799,0,0,0
18801,0,1,0
18803,0,1,0
18805,0,1,0
18807,0,1,0
18809,0,1,0
18811,0,0,0
18813,1,0,0
18815,2,0,0
18817,2,0,0
18819,1,0,0
18821,0,0,0
18823,1,0,0
18825,1,0,0
18827,1,0,0
18829,0,1,0
18831,0,1,0
18833,0,1,0
18835,0,1,0
18837,0,1,0
18839,0,1,0
18841,1,0,0
18843,0,1,0
18845,0,4,0
18847,0,1,0
18849,0,1,0
18851,0,1,0
18853,0,2,0
18855,0,1,0
18857,0,1,0
18859,0,1,0
18861,0,1,0
18863,0,1,0
18865,1,0,0
18867,0,1,0
18869,0,1,0
18871,0,1,0
18873,0,1,0
18875,0,1,0
18877,1,0,0
18879,2,0,0
18881,0,1,0
18883,1,0,0
18885,1,0,0
18887,0,1,0
18889,1,0,0
18891,0,1,0
18893,0,1,0
18895,0,2,0
18897,0,1,0
18899,0,1,0
18901,0,1,0
18903,0,1,0
18905,0,1,0
18907,0,1,0
18909,1,0,0
18911,1,0,0
18913,0,1,0
18915,0,1,0
18917,1,0,0
18919,1,0,0
18921,1,0,0
18923,1,0,0
18925,1,0,0
18927,0,1,0
18929,1,0,0
18931,1,0,0
18933,1,0,0
18935,1,0,0
18937,1,0,0
18939,1,0,0
18941,1,0,0
18943,0,1,0
18945,0,1,0
18947,0,1,0
18949,1,0,0
18951,0,0,0
18953,1,0,0
18955,0,1,0
18957,0,1,0
18959,1,0,0
18961,0,1,0
18963,1,0,0
18965,0,1,0
18967,1,0,0
18969,0,1,0
18971,0,0,0
18973,0,1,0
18975,1,0,0
18977,0,1,0
18979,0,1,0
18981,0,1,0
18983,1,0,0
18985,1,0,0
18987,0,1,0
18989,0,1,0
18991,0,1,0
18993,0,1,0
18995,1,0,0
18997,0,0,0
18999,1,0,0
19001,0,0,0
19003,0,1,0
19005,0,0,0
19007,0,1,0
19009,1,0,0
19011,1,0,0
19013,1,0,0
19015,0,1,0
19017,0,1,0
19019,1,0,0
19021,0,0,0
19023,0,1,0
19025,1,0,0
19027,0,1,0
19029,1,0,0
19031,0,1,0
19033,1,0,0
19035,0,1,0
19037,0,1,0
19039,1,0,0
19041,0,1,0
19043,0,1,0
19045,1,0,0
19047,0,1,0
19049,1,0,0
19051,0,1,0
19053,0,1,0
19055,1,0,0
19057,1,0,0
19059,0,1,0
19061,0,1,0
19063,0,1,0
19065,1,0,0
19067,0,1,0
19069,1,0,0
19071,0,1,0
19073,0,1,0
19075,0,1,0
19077,1,0,0
19079,0,1,0
19081,1,0,0
19083,0,1,0
19085,0,0,0
19087,0,1,0
19089,0,1,0
19091,0,1,0
19093,1,0,0
19095,1,0,0
19097,0,0,1
19099,1,0,0
19101,0,1,0
19103,0,1,0
19105,0,1,0
19107,0,1,0
19109,0,1,0
19111,0,1,0
19113,0,6,0
19115,0,1,0
19117,1,0,0
19119,0,1,0
19121,1,0,0
19123,0,1,0
19125,0,1,0
19127,0,1,0
19129,0,1,0
19131,0,1,0
19133,1,0,0
19135,0,0,0
19137,2,0,0
19139,0,1,0
19141,0,1,0
19143,0,1,0
19145,0,1,0
19147,0,1,0
19149,0,0,0
19151,1,0,0
19153,0,1,0
19155,0,1,0
19157,0,1,0
19159,0,1,0
19161,0,1,0
19163,0,1,0
19165,1,0,0
19167,1,0,0
19169,1,0,0
19171,0,0,0
19173,0,1,0
19175,1,0,0
19177,0,1,0
19179,0,1,0
19181,0,1,0
19183,0,0,1
19185,0,1,0
19187,0,1,0
19189,0,1,0
19191,1,0,0
19193,1,0,0
19195,0,1,0
19197,0,1,0
19199,1,0,0
19201,4,0,0
19203,0,0,0
19205,0,1,0
19207,1,0,0
19209,0,1,0
19211,0,0,0
19213,0,0,0
19215,0,1,0
19217,1,0,0
19219,0,0,0
19221,0,0,0
19223,1,0,0
19225,0,1,0
19227,0,1,0
19229,1,0,0
19231,0,1,0
19233,0,1,0
19235,0,0,0
19237,0,1,0
19239,0,1,0
19241,0,1,0
19243,0,1,0
19245,0,1,0
19247,0,1,0
19249,0,1,0
19251,0,1,0
19253,1,0,0
19255,0,1,0
19257,0,1,0
19259,0,0,0
19261,0,1,0
19263,0,1,0
19265,0,2,0
19267,0,1,0
19269,0,1,0
19271,1,0,0
19273,2,0,0
19275,1,0,0
19277,0,1,0
19279,0,1,0
19281,0,1,0
19283,0,1,0
19285,1,0,0
19287,0,1,0
19289,1,0,0
19291,0,1,0
19293,1,0,0
19295,0,1,0
19297,1,0,0
19299,0,1,0
19301,0,1,0
19303,1,0,0
19305,0,1,0
19307,1,0,0
19309,0,1,0
19311,0,0,0
19313,0,1,0
19315,0,1,0
19317,0,0,0
19319,0,1,0
19321,1,0,0
19323,1,0,0
19325,1,0,0
19327,0,1,0
19329,0,1,0
19331,0,1,0
19333,0,1,0
19335,0,0,0
19337,0,1,0
19339,0,1,0
19341,1,0,0
19343,1,0,0
19345,0,1,0
19347,0,1,0
19349,1,0,0
19351,0,1,0
19353,0,1,0
19355,1,0,0
19357,0,1,0
19359,0,1,0
19361,0,1,0
19363,0,1,0
19365,0,1,0
19367,1,0,0
19369,0,1,0
19371,0,1,0
19373,0,1,0
19375,1,0,0
19377,1,0,0
19379,0,1,0
19381,0,1,0
19383,0,1,0
19385,1,0,0
19387,1,0,0
19389,0,1,0
19391,0,1,0
19393,1,0,0
19395,1,0,0
19397,0,1,0
19399,1,0,0
19401,0,1,0
19403,1,0,0
19405,0,6,0
19407,0,1,0
19409,0,1,0
19411,0,1,0
19413,0,1,0
19415,0,1,0
19417,1,0,0
19419,1,0,0
19421,0,1,0
19423,0,1,0
19425,0,1,0
19427,1,0,0
19429,1,0,0
19431,1,0,0
19433,0,1,0
19435,0,1,0
19437,1,0,0
19439,0,1,0
19441,1,0,0
19443,1,0,0
19445,0,1,0
19447,0,1,0
19449,0,1,0
19451,0,1,0
19453,0,1,0
19455,0,1,0
19457,0,1,0
19459,0,1,0
19461,0,1,0
19463,1,0,0
19465,0,1,0
19467,0,0,0
19469,0,1,0
19471,0,1,0
19473,1,0,0
19475,1,0,0
19477,1,0,0
19479,0,1,0
19481,1,0,0
19483,1,0,0
19485,0,1,0
19487,1,0,0
19489,0,1,0
19491,0,1,0
19493,0,1,0
19495,1,0,0
19497,1,0,0
19499,0,1,0
19501,0,1,0
19503,0,1,0
19505,0,1,0
19507,1,0,0
19509,0,1,0
19511,-1,-1,-1
19513,-1,-1,-1
19515,-1,-1,-1
19517,-1,-1,-1
19519,-1,-1,-1
19521,-1,-1,-1
19523,-1,-1,-1
19525,-1,-1,-1
19527,-1,-1,-1
19529,-1,-1,-1
19531,-1,-1,-1
19533,-1,-1,-1
19535,-1,-1,-1
19537,-1,-1,-1
19539,-1,-1,-1
19541,-1,-1,-1
19543,-1,-1,-1
19545,-1,-1,-1
19547,-1,-1,-1
19549,-1,-1,-1
19551,-1,-1,-1
19553,-1,-1,-1
19555,-1,-1,-1
19557,-1,-1,-1
19559,-1,-1,-1
19561,-1,-1,-1
19563,-1,-1,-1
19565,-1,-1,-1
19567,-1,-1,-1
19569,-1,-1,-1
19571,-1,-1,-1
19573,-1,-1,-1
19575,-1,-1,-1
19577,-1,-1,-1
19579,-1,-1,-1
19581,-1,-1,-1
19583,-1,-1,-1
19585,-1,-1,-1
19587,-1,-1,-1
19589,-1,-1,-1
19591,-1,-1,-1
19593,-1,-1,-1
19595,-1,-1,-1
19597,-1,-1,-1
19599,-1,-1,-1
19601,-1,-1,-1
19603,-1,-1,-1
19605,-1,-1,-1
19607,-1,-1,-1
19609,-1,-1,-1
19611,-1,-1,-1
19613,-1,-1,-1
19615,-1,-1,-1
19617,-1,-1,-1
19619,-1,-1,-1
19621,-1,-1,-1
19623,-1,-1,-1
19625,-1,-1,-1
19627,-1,-1,-1
19629,-1,-1,-1
19631,-1,-1,-1
19633,-1,-1,-1
19635,-1,-1,-1
19637,-1,-1,-1
19639,-1,-1,-1
19641,-1,-1,-1
19643,-1,-1,-1
19645,-1,-1,-1
19647,-1,-1,-1
19649,-1,-1,-1
19651,-1,-1,-1
19653,-1,-1,-1
19655,-1,-1,-1
19657,-1,-1,-1
19659,-1,-1,-1
19661,-1,-1,-1
19663,-1,-1,-1
19665,-1,-1,-1
19667,-1,-1,-1
19669,-1,-1,-1
19671,-1,-1,-1
19673,-1,-1,-1
19675,-1,-1,-1
19677,-1,-1,-1
19679,-1,-1,-1
19681,-1,-1,-1
19683,-1,-1,-1
19685,-1,-1,-1
19687,-1,-1,-1
19689,-1,-1,-1
19691,-1,-1,-1
19693,-1,-1,-1
19695,-1,-1,-1
19697,-1,-1,-1
19699,-1,-1,-1
19701,-1,-1,-1
19703,-1,-1,-1
19705,-1,-1,-1
19707,-1,-1,-1
19709,-1,-1,-1
19711,-1,-1,-1
19713,-1,-1,-1
19715,-1,-1,-1
19717,-1,-1,-1
19719,-1,-1,-1
19721,-1,-1,-1
19723,-1,-1,-1
19725,-1,-1,-1
19727,-1,-1,-1
19729,-1,-1,-1
19731,-1,-1,-1
19733,-1,-1,-1
19735,-1,-1,-1
19737,-1,-1,-1
19739,-1,-1,-1
19741,-1,-1,-1
19743,-1,-1,-1
19745,-1,-1,-1
19747,-1,-1,-1
19749,-1,-1,-1
19751,-1,-1,-1
19753,-1,-1,-1
19755,-1,-1,-1
19757,-1,-1,-1
19759,-1,-1,-1
19761,-1,-1,-1
19763,-1,-1,-1
19765,-1,-1,-1
19767,-1,-1,-1
19769,-1,-1,-1
19771,-1,-1,-1
19773,-1,-1,-1
19775,-1,-1,-1
19777,-1,-1,-1
19779,-1,-1,-1
19781,-1,-1,-1
19783,-1,-1,-1
19785,-1,-1,-1
19787,-1,-1,-1
19789,-1,-1,-1
19791,-1,-1,-1
19793,-1,-1,-1
19795,-1,-1,-1
19797,-1,-1,-1
19799,-1,-1,-1
19801,-1,-1,-1
19803,-1,-1,-1
19805,-1,-1,-1
19807,-1,-1,-1
19809,-1,-1,-1
19811,-1,-1,-1
19813,-1,-1,-1
19815,-1,-1,-1
19817,-1,-1,-1
19819,-1,-1,-1
19821,-1,-1,-1
19823,-1,-1,-1
19825,-1,-1,-1
19827,-1,-1,-1
19829,-1,-1,-1
19831,-1,-1,-1
19833,-1,-1,-1
19835,-1,-1,-1
19837,-1,-1,-1
19839,-1,-1,-1
19841,-1,-1,-1
19843,-1,-1,-1
19845,-1,-1,-1
19847,-1,-1,-1
19849,-1,-1,-1
19851,-1,-1,-1
19853,-1,-1,-1
19855,-1,-1,-1
19857,-1,-1,-1
19859,-1,-1,-1
19861,-1,-1,-1
19863,-1,-1,-1
19865,-1,-1,-1
19867,-1,-1,-1
19869,-1,-1,-1
19871,-1,-1,-1
19873,-1,-1,-1
19875,-1,-1,-1
19877,-1,-1,-1
19879,-1,-1,-1
19881,-1,-1,-1
19883,-1,-1,-1
19885,-1,-1,-1
19887,-1,-1,-1
19889,-1,-1,-1
19891,-1,-1,-1
19893,-1,-1,-1
19895,-1,-1,-1
19897,-1,-1,-1
19899,-1,-1,-1
19901,-1,-1,-1
19903,-1,-1,-1
19905,-1,-1,-1
19907,-1,-1,-1
19909,-1,-1,-1
19911,-1,-1,-1
19913,-1,-1,-1
19915,-1,-1,-1
19917,-1,-1,-1
19919,-1,-1,-1
19921,-1,-1,-1
19923,-1,-1,-1
19925,-1,-1,-1
19927,-1,-1,-1
19929,-1,-1,-1
19931,-1,-1,-1
19933,-1,-1,-1
19935,-1,-1,-1
19937,-1,-1,-1
19939,-1,-1,-1
19941,-1,-1,-1
19943,-1,-1,-1
19945,-1,-1,-1
19947,-1,-1,-1
19949,-1,-1,-1
19951,-1,-1,-1
19953,-1,-1,-1
19955,-1,-1,-1
19957,-1,-1,-1
19959,-1,-1,-1
19961,-1,-1,-1
19963,-1,-1,-1
19965,-1,-1,-1
19967,-1,-1,-1
19969,-1,-1,-1
19971,-1,-1,-1
19973,-1,-1,-1
19975,-1,-1,-1
19977,-1,-1,-1
19979,-1,-1,-1
19981,-1,-1,-1
19983,-1,-1,-1
19985,-1,-1,-1
19987,-1,-1,-1
19989,-1,-1,-1
19991,-1,-1,-1
19993,-1,-1,-1
19995,-1,-1,-1
19997,-1,-1,-1
19999,-1,-1,-1
20001,-1,-1,-1
20003,-1,-1,-1
20005,-1,-1,-1
20007,-1,-1,-1
20009,-1,-1,-1
20011,-1,-1,-1
20013,-1,-1,-1
20015,-1,-1,-1
20017,-1,-1,-1
20019,-1,-1,-1
20021,-1,-1,-1
20023,-1,-1,-1
20025,-1,-1,-1
20027,-1,-1,-1
20029,-1,-1,-1
20031,-1,-1,-1
20033,-1,-1,-1
20035,-1,-1,-1
20037,-1,-1,-1
20039,-1,-1,-1
20041,-1,-1,-1
20043,-1,-1,-1
20045,-1,-1,-1
20047,-1,-1,-1
20049,-1,-1,-1
20051,-1,-1,-1
20053,-1,-1,-1
20055,-1,-1,-1
20057,-1,-1,-1
20059,-1,-1,-1
20061,-1,-1,-1
20063,-1,-1,-1
20065,-1,-1,-1
20067,-1,-1,-1
20069,-1,-1,-1
20071,-1,-1,-1
20073,-1,-1,-1
20075,-1,-1,-1
20077,-1,-1,-1
20079,-1,-1,-1
20081,-1,-1,-1
20083,-1,-1,-1
20085,-1,-1,-1
20087,-1,-1,-1
20089,-1,-1,-1
20091,-1,-1,-1
20093,-1,-1,-1
20095,-1,-1,-1
20097,-1,-1,-1
20099,-1,-1,-1
20101,-1,-1,-1
20103,-1,-1,-1
20105,-1,-1,-1
20107,-1,-1,-1
20109,-1,-1,-1
20111,-1,-1,-1
20113,-1,-1,-1
20115,-1,-1,-1
20117,-1,-1,-1
20119,-1,-1,-1
20121,-1,-1,-1
20123,-1,-1,-1
20125,-1,-1,-1
20127,-1,-1,-1
20129,-1,-1,-1
20131,-1,-1,-1
20133,-1,-1,-1
20135,-1,-1,-1
20137,-1,-1,-1
20139,-1,-1,-1
20141,-1,-1,-1
20143,-1,-1,-1
20145,-1,-1,-1
20147,-1,-1,-1
20149,-1,-1,-1
20151,-1,-1,-1
20153,-1,-1,-1
20155,-1,-1,-1
20157,-1,-1,-1
20159,-1,-1,-1
20161,-1,-1,-1
20163,-1,-1,-1
20165,-1,-1,-1
20167,-1,-1,-1
20169,-1,-1,-1
20171,-1,-1,-1
20173,-1,-1,-1
20175,-1,-1,-1
20177,-1,-1,-1
20179,-1,-1,-1
20181,-1,-1,-1
20183,-1,-1,-1
20185,-1,-1,-1
20187,-1,-1,-1
20189,-1,-1,-1
20191,-1,-1,-1
20193,-1,-1,-1
20195,-1,-1,-1
20197,-1,-1,-1
20199,-1,-1,-1
20201,-1,-1,-1
20203,-1,-1,-1
20205,-1,-1,-1
20207,-1,-1,-1
20209,-1,-1,-1
20211,-1,-1,-1
20213,-1,-1,-1
20215,-1,-1,-1
20217,-1,-1,-1
20219,-1,-1,-1
20221,-1,-1,-1
20223,-1,-1,-1
20225,-1,-1,-1
20227,-1,-1,-1
20229,-1,-1,-1
20231,-1,-1,-1
20233,-1,-1,-1
20235,-1,-1,-1
20237,-1,-1,-1
20239,-1,-1,-1
20241,-1,-1,-1
20243,-1,-1,-1
20245,-1,-1,-1
20247,-1,-1,-1
20249,-1,-1,-1
20251,-1,-1,-1
20253,-1,-1,-1
20255,-1,-1,-1
20257,-1,-1,-1
20259,-1,-1,-1
20261,-1,-1,-1
20263,-1,-1,-1
20265,-1,-1,-1
20267,-1,-1,-1
20269,-1,-1,-1
20271,-1,-1,-1
20273,-1,-1,-1
20275,-1,-1,-1
20277,-1,-1,-1
20279,-1,-1,-1
20281,-1,-1,-1
20283,-1,-1,-1
20285,-1,-1,-1
20287,-1,-1,-1
20289,-1,-1,-1
20291,-1,-1,-1
20293,-1,-1,-1
20295,-1,-1,-1
20297,-1,-1,-1
20299,-1,-1,-1
20301,-1,-1,-1
20303,-1,-1,-1
20305,-1,-1,-1
20307,-1,-1,-1
20309,-1,-1,-1
20311,-1,-1,-1
20313,-1,-1,-1
20315,-1,-1,-1
20317,-1,-1,-1
20319,-1,-1,-1
20321,-1,-1,-1
20323,-1,-1,-1
20325,-1,-1,-1
20327,-1,-1,-1
20329,-1,-1,-1
20331,-1,-1,-1
20333,-1,-1,-1
20335,-1,-1,-1
20337,-1,-1,-1
20339,-1,-1,-1
20341,-1,-1,-1
20343,-1,-1,-1
20345,-1,-1,-1
20347,-1,-1,-1
20349,-1,-1,-1
20351,-1,-1,-1
20353,-1,-1,-1
20355,-1,-1,-1
20357,-1,-1,-1
20359,-1,-1,-1
20361,-1,-1,-1
20363,-1,-1,-1
20365,-1,-1,-1
20367,-1,-1,-1
20369,-1,-1,-1
20371,-1,-1,-1
20373,-1,-1,-1
20375,-1,-1,-1
20377,-1,-1,-1
20379,-1,-1,-1
20381,-1,-1,-1
20383,-1,-1,-1
20385,-1,-1,-1
20387,-1,-1,-1
20389,-1,-1,-1
20391,-1,-1,-1
20393,-1,-1,-1
20395,-1,-1,-1
20397,-1,-1,-1
20399,-1,-1,-1
20401,-1,-1,-1
20403,-1,-1,-1
20405,-1,-1,-1
20407,-1,-1,-1
20409,-1,-1,-1
20411,-1,-1,-1
20413,-1,-1,-1
20415,-1,-1,-1
20417,-1,-1,-1
20419,-1,-1,-1
20421,-1,-1,-1
20423,-1,-1,-1
20425,-1,-1,-1
20427,-1,-1,-1
20429,-1,-1,-1
20431,-1,-1,-1
20433,-1,-1,-1
20435,-1,-1,-1
20437,-1,-1,-1
20439,-1,-1,-1
20441,-1,-1,-1
20443,-1,-1,-1
20445,-1,-1,-1
20447,-1,-1,-1
20449,-1,-1,-1
20451,-1,-1,-1
20453,-1,-1,-1
20455,-1,-1,-1
20457,-1,-1,-1
20459,-1,-1,-1
20461,-1,-1,-1
20463,-1,-1,-1
20465,-1,-1,-1
20467,-1,-1,-1
20469,-1,-1,-1
20471,-1,-1,-1
20473,-1,-1,-1
20475,-1,-1,-1
20477,-1,-1,-1
20479,-1,-1,-1
20481,-1,-1,-1
20483,-1,-1,-1
20485,-1,-1,-1
20487,-1,-1,-1
20489,-1,-1,-1
20491,-1,-1,-1
20493,-1,-1,-1
20495,-1,-1,-1
20497,-1,-1,-1
20499,-1,-1,-1
20501,-1,-1,-1
20503,-1,-1,-1
20505,-1,-1,-1
20507,-1,-1,-1
20509,-1,-1,-1
20511,-1,-1,-1
20513,-1,-1,-1
20515,-1,-1,-1
20517,-1,-1,-1
20519,-1,-1,-1
20521,-1,-1,-1
20523,-1,-1,-1
20525,-1,-1,-1
20527,-1,-1,-1
20529,-1,-1,-1
20531,-1,-1,-1
20533,-1,-1,-1
20535,-1,-1,-1
20537,-1,-1,-1
20539,-1,-1,-1
20541,-1,-1,-1
20543,-1,-1,-1
20545,-1,-1,-1
20547,-1,-1,-1
20549,-1,-1,-1
20551,-1,-1,-1
20553,-1,-1,-1
20555,-1,-1,-1
20557,-1,-1,-1
20559,-1,-1,-1
20561,-1,-1,-1
20563,-1,-1,-1
20565,-1,-1,-1
20567,-1,-1,-1
20569,-1,-1,-1
20571,-1,-1,-1
20573,-1,-1,-1
20575,-1,-1,-1
20577,-1,-1,-1
20579,-1,-1,-1
20581,-1,-1,-1
20583,-1,-1,-1
20585,-1,-1,-1
20587,-1,-1,-1
20589,-1,-1,-1
20591,-1,-1,-1
20593,-1,-1,-1
20595,-1,-1,-1
20597,-1,-1,-1
20599,-1,-1,-1
20601,-1,-1,-1
20603,-1,-1,-1
20605,-1,-1,-1
20607,-1,-1,-1
20609,-1,-1,-1
20611,-1,-1,-1
20613,-1,-1,-1
20615,-1,-1,-1
20617,-1,-1,-1
20619,-1,-1,-1
20621,-1,-1,-1
20623,-1,-1,-1
20625,-1,-1,-1
20627,-1,-1,-1
20629,-1,-1,-1
20631,-1,-1,-1
20633,-1,-1,-1
20635,-1,-1,-1
20637,-1,-1,-1
20639,-1,-1,-1
20641,-1,-1,-1
20643,-1,-1,-1
20645,-1,-1,-1
20647,-1,-1,-1
20649,-1,-1,-1
20651,-1,-1,-1
20653,-1,-1,-1
20655,-1,-1,-1
20657,-1,-1,-1
20659,-1,-1,-1
20661,-1,-1,-1
20663,-1,-1,-1
20665,-1,-1,-1
20667,-1,-1,-1
20669,-1,-1,-1
20671,-1,-1,-1
20673,-1,-1,-1
20675,-1,-1,-1
20677,-1,-1,-1
20679,-1,-1,-1
20681,-1,-1,-1
20683,-1,-1,-1
20685,-1,-1,-1
20687,-1,-1,-1
20689,-1,-1,-1
20691,-1,-1,-1
20693,-1,-1,-1
20695,-1,-1,-1
20697,-1,-1,-1
20699,-1,-1,-1
20701,-1,-1,-1
20703,-1,-1,-1
20705,-1,-1,-1
20707,-1,-1,-1
20709,-1,-1,-1
20711,-1,-1,-1
20713,-1,-1,-1
20715,-1,-1,-1
20717,-1,-1,-1
20719,-1,-1,-1
20721,-1,-1,-1
20723,-1,-1,-1
20725,-1,-1,-1
20727,-1,-1,-1
20729,-1,-1,-1
20731,-1,-1,-1
20733,-1,-1,-1
20735,-1,-1,-1
20737,-1,-1,-1
20739,-1,-1,-1
20741,-1,-1,-1
20743,-1,-1,-1
20745,-1,-1,-1
20747,-1,-1,-1
20749,-1,-1,-1
20751,-1,-1,-1
20753,-1,-1,-1
20755,-1,-1,-1
20757,-1,-1,-1
20759,-1,-1,-1
20761,-1,-1,-1
20763,-1,-1,-1
20765,-1,-1,-1
20767,-1,-1,-1
20769,-1,-1,-1
20771,-1,-1,-1
20773,-1,-1,-1
20775,-1,-1,-1
20777,-1,-1,-1
20779,-1,-1,-1
20781,-1,-1,-1
20783,-1,-1,-1
20785,-1,-1,-1
20787,-1,-1,-1
20789,-1,-1,-1
20791,-1,-1,-1
20793,-1,-1,-1
20795,-1,-1,-1
20797,-1,-1,-1
20799,-1,-1,-1
20801,-1,-1,-1
20803,-1,-1,-1
20805,-1,-1,-1
20807,-1,-1,-1
20809,-1,-1,-1
20811,-1,-1,-1
20813,-1,-1,-1
20815,-1,-1,-1
20817,-1,-1,-1
20819,-1,-1,-1
20821,-1,-1,-1
20823,-1,-1,-1
20825,-1,-1,-1
20827,-1,-1,-1
20829,-1,-1,-1
20831,-1,-1,-1
20833,-1,-1,-1
20835,-1,-1,-1
20837,-1,-1,-1
20839,-1,-1,-1
20841,-1,-1,-1
20843,-1,-1,-1
20845,-1,-1,-1
20847,-1,-1,-1
20849,-1,-1,-1
20851,-1,-1,-1
20853,-1,-1,-1
20855,-1,-1,-1
20857,-1,-1,-1
20859,-1,-1,-1
20861,-1,-1,-1
20863,-1,-1,-1
20865,-1,-1,-1
20867,-1,-1,-1
20869,-1,-1,-1
20871,-1,-1,-1
20873,-1,-1,-1
20875,-1,-1,-1
20877,-1,-1,-1
20879,-1,-1,-1
20881,-1,-1,-1
20883,-1,-1,-1
20885,-1,-1,-1
20887,-1,-1,-1
20889,-1,-1,-1
20891,-1,-1,-1
20893,-1,-1,-1
20895,-1,-1,-1
20897,-1,-1,-1
20899,-1,-1,-1
20901,-1,-1,-1
20903,-1,-1,-1
20905,-1,-1,-1
20907,-1,-1,-1
20909,-1,-1,-1
20911,-1,-1,-1
20913,-1,-1,-1
20915,-1,-1,-1
20917,-1,-1,-1
20919,-1,-1,-1
20921,-1,-1,-1
20923,-1,-1,-1
20925,-1,-1,-1
20927,-1,-1,-1
20929,-1,-1,-1
20931,-1,-1,-1
20933,-1,-1,-1
20935,-1,-1,-1
20937,-1,-1,-1
20939,-1,-1,-1
20941,-1,-1,-1
20943,-1,-1,-1
20945,-1,-1,-1
20947,-1,-1,-1
20949,-1,-1,-1
20951,-1,-1,-1
20953,-1,-1,-1
20955,-1,-1,-1
20957,-1,-1,-1
20959,-1,-1,-1
20961,-1,-1,-1
20963,-1,-1,-1
20965,-1,-1,-1
20967,-1,-1,-1
20969,-1,-1,-1
20971,-1,-1,-1
20973,-1,-1,-1
20975,-1,-1,-1
20977,-1,-1,-1
20979,-1,-1,-1
20981,-1,-1,-1
20983,-1,-1,-1
20985,-1,-1,-1
20987,-1,-1,-1
20989,-1,-1,-1
20991,-1,-1,-1
20993,-1,-1,-1
20995,-1,-1,-1
20997,-1,-1,-1
20999,-1,-1,-1
21001,-1,-1,-1
21003,-1,-1,-1
21005,-1,-1,-1
21007,-1,-1,-1
21009,-1,-1,-1
21011,-1,-1,-1
21013,-1,-1,-1
21015,-1,-1,-1
21017,-1,-1,-1
21019,-1,-1,-1
21021,-1,-1,-1
21023,-1,-1,-1
21025,-1,-1,-1
21027,-1,-1,-1
21029,-1,-1,-1
21031,-1,-1,-1
21033,-1,-1,-1
21035,-1,-1,-1
21037,-1,-1,-1
21039,-1,-1,-1
21041,-1,-1,-1
21043,-1,-1,-1
21045,-1,-1,-1
21047,-1,-1,-1
21049,-1,-1,-1
21051,-1,-1,-1
21053,-1,-1,-1
21055,-1,-1,-1
21057,-1,-1,-1
21059,-1,-1,-1
21061,-1,-1,-1
21063,-1,-1,-1
21065,-1,-1,-1
21067,-1,-1,-1
21069,-1,-1,-1
21071,-1,-1,-1
21073,-1,-1,-1
21075,-1,-1,-1
21077,-1,-1,-1
21079,-1,-1,-1
21081,-1,-1,-1
21083,-1,-1,-1
21085,-1,-1,-1
21087,-1,-1,-1
21089,-1,-1,-1
21091,-1,-1,-1
21093,-1,-1,-1
21095,-1,-1,-1
21097,-1,-1,-1
21099,-1,-1,-1
21101,-1,-1,-1
21103,-1,-1,-1
21105,-1,-1,-1
21107,-1,-1,-1
21109,-1,-1,-1
21111,-1,-1,-1
21113,-1,-1,-1
21115,-1,-1,-1
21117,-1,-1,-1
21119,-1,-1,-1
21121,-1,-1,-1
21123,-1,-1,-1
21125,-1,-1,-1
21127,-1,-1,-1
21129,-1,-1,-1
21131,-1,-1,-1
21133,-1,-1,-1
21135,-1,-1,-1
21137,-1,-1,-1
21139,-1,-1,-1
21141,-1,-1,-1
21143,-1,-1,-1
21145,-1,-1,-1
21147,-1,-1,-1
21149,-1,-1,-1
21151,-1,-1,-1
21153,-1,-1,-1
21155,-1,-1,-1
21157,-1,-1,-1
21159,-1,-1,-1
21161,-1,-1,-1
21163,-1,-1,-1
21165,-1,-1,-1
21167,-1,-1,-1
21169,-1,-1,-1
21171,-1,-1,-1
21173,-1,-1,-1
21175,-1,-1,-1
21177,-1,-1,-1
21179,-1,-1,-1
21181,-1,-1,-1
21183,-1,-1,-1
21185,-1,-1,-1
21187,-1,-1,-1
21189,-1,-1,-1
21191,-1,-1,-1
21193,-1,-1,-1
21195,-1,-1,-1
21197,-1,-1,-1
21199,-1,-1,-1
21201,-1,-1,-1
21203,-1,-1,-1
21205,-1,-1,-1
21207,-1,-1,-1
21209,-1,-1,-1
21211,-1,-1,-1
21213,-1,-1,-1
21215,-1,-1,-1
21217,-1,-1,-1
21219,-1,-1,-1
21221,-1,-1,-1
21223,-1,-1,-1
21225,-1,-1,-1
21227,-1,-1,-1
21229,-1,-1,-1
21231,-1,-1,-1
21233,-1,-1,-1
21235,-1,-1,-1
21237,-1,-1,-1
21239,-1,-1,-1
21241,-1,-1,-1
21243,-1,-1,-1
21245,-1,-1,-1
21247,-1,-1,-1
21249,-1,-1,-1
21251,-1,-1,-1
21253,-1,-1,-1
21255,-1,-1,-1
21257,-1,-1,-1
21259,-1,-1,-1
21261,-1,-1,-1
21263,-1,-1,-1
21265,-1,-1,-1
21267,-1,-1,-1
21269,-1,-1,-1
21271,-1,-1,-1
21273,-1,-1,-1
21275,-1,-1,-1
21277,-1,-1,-1
21279,-1,-1,-1
21281,-1,-1,-1
21283,-1,-1,-1
21285,-1,-1,-1
21287,-1,-1,-1
21289,-1,-1,-1
21291,-1,-1,-1
21293,-1,-1,-1
21295,-1,-1,-1
21297,-1,-1,-1
21299,-1,-1,-1
21301,-1,-1,-1
21303,-1,-1,-1
21305,-1,-1,-1
21307,-1,-1,-1
21309,-1,-1,-1
21311,-1,-1,-1
21313,-1,-1,-1
21315,-1,-1,-1
21317,-1,-1,-1
21319,-1,-1,-1
21321,-1,-1,-1
21323,-1,-1,-1
21325,-1,-1,-1
21327,-1,-1,-1
21329,-1,-1,-1
21331,-1,-1,-1
21333,-1,-1,-1
21335,-1,-1,-1
21337,-1,-1,-1
21339,-1,-1,-1
21341,-1,-1,-1
21343,-1,-1,-1
21345,-1,-1,-1
21347,-1,-1,-1
21349,-1,-1,-1
21351,-1,-1,-1
21353,-1,-1,-1
21355,-1,-1,-1
21357,-1,-1,-1
21359,-1,-1,-1
21361,-1,-1,-1
21363,-1,-1,-1
21365,-1,-1,-1
21367,-1,-1,-1
21369,-1,-1,-1
21371,-1,-1,-1
21373,-1,-1,-1
21375,-1,-1,-1
21377,-1,-1,-1
21379,-1,-1,-1
21381,-1,-1,-1
21383,-1,-1,-1
21385,-1,-1,-1
21387,-1,-1,-1
21389,-1,-1,-1
21391,-1,-1,-1
21393,-1,-1,-1
21395,-1,-1,-1
21397,-1,-1,-1
21399,-1,-1,-1
21401,-1,-1,-1
21403,-1,-1,-1
21405,-1,-1,-1
21407,-1,-1,-1
21409,-1,-1,-1
21411,-1,-1,-1
21413,-1,-1,-1
21415,-1,-1,-1
21417,-1,-1,-1
21419,-1,-1,-1
21421,-1,-1,-1
21423,-1,-1,-1
21425,-1,-1,-1
21427,-1,-1,-1
21429,-1,-1,-1
21431,-1,-1,-1
21433,-1,-1,-1
21435,-1,-1,-1
21437,-1,-1,-1
21439,-1,-1,-1
21441,-1,-1,-1
21443,-1,-1,-1
21445,-1,-1,-1
21447,-1,-1,-1
21449,-1,-1,-1
21451,-1,-1,-1
21453,-1,-1,-1
21455,-1,-1,-1
21457,-1,-1,-1
21459,-1,-1,-1
21461,-1,-1,-1
21463,-1,-1,-1
21465,-1,-1,-1
21467,-1,-1,-1
21469,-1,-1,-1
21471,-1,-1,-1
21473,-1,-1,-1
21475,-1,-1,-1
21477,-1,-1,-1
21479,-1,-1,-1
21481,-1,-1,-1
21483,-1,-1,-1
21485,-1,-1,-1
21487,-1,-1,-1
21489,-1,-1,-1
21491,-1,-1,-1
21493,-1,-1,-1
21495,-1,-1,-1
21497,-1,-1,-1
21499,-1,-1,-1
21501,-1,-1,-1
21503,-1,-1,-1
21505,-1,-1,-1
21507,-1,-1,-1
21509,-1,-1,-1
21511,-1,-1,-1
21513,-1,-1,-1
21515,-1,-1,-1
21517,-1,-1,-1
21519,-1,-1,-1
21521,-1,-1,-1
21523,-1,-1,-1
21525,-1,-1,-1
21527,-1,-1,-1
21529,-1,-1,-1
21531,-1,-1,-1
21533,-1,-1,-1
21535,-1,-1,-1
21537,-1,-1,-1
21539,-1,-1,-1
21541,-1,-1,-1
21543,-1,-1,-1
21545,-1,-1,-1
21547,-1,-1,-1
21549,-1,-1,-1
21551,-1,-1,-1
21553,-1,-1,-1
21555,-1,-1,-1
21557,-1,-1,-1
21559,-1,-1,-1
21561,-1,-1,-1
21563,-1,-1,-1
21565,-1,-1,-1
21567,-1,-1,-1
21569,-1,-1,-1
21571,-1,-1,-1
21573,-1,-1,-1
21575,-1,-1,-1
21577,-1,-1,-1
21579,-1,-1,-1
21581,-1,-1,-1
21583,-1,-1,-1
21585,-1,-1,-1
21587,-1,-1,-1
21589,-1,-1,-1
21591,-1,-1,-1
21593,-1,-1,-1
21595,-1,-1,-1
21597,-1,-1,-1
21599,-1,-1,-1
21601,-1,-1,-1
21603,-1,-1,-1
21605,-1,-1,-1
21607,-1,-1,-1
21609,-1,-1,-1
21611,-1,-1,-1
21613,-1,-1,-1
21615,-1,-1,-1
21617,-1,-1,-1
21619,-1,-1,-1
21621,-1,-1,-1
21623,-1,-1,-1
21625,-1,-1,-1
21627,-1,-1,-1
21629,-1,-1,-1
21631,-1,-1,-1
21633,-1,-1,-1
21635,-1,-1,-1
21637,-1,-1,-1
21639,-1,-1,-1
21641,-1,-1,-1
21643,-1,-1,-1
21645,-1,-1,-1
21647,-1,-1,-1
21649,-1,-1,-1
21651,-1,-1,-1
21653,-1,-1,-1
21655,-1,-1,-1
21657,-1,-1,-1
21659,-1,-1,-1
21661,-1,-1,-1
21663,-1,-1,-1
21665,-1,-1,-1
21667,-1,-1,-1
21669,-1,-1,-1
21671,-1,-1,-1
21673,-1,-1,-1
21675,-1,-1,-1
21677,-1,-1,-1
21679,-1,-1,-1
21681,-1,-1,-1
21683,-1,-1,-1
21685,-1,-1,-1
21687,-1,-1,-1
21689,-1,-1,-1
21691,-1,-1,-1
21693,-1,-1,-1
21695,-1,-1,-1
21697,-1,-1,-1
21699,-1,-1,-1
21701,-1,-1,-1
21703,-1,-1,-1
21705,-1,-1,-1
21707,-1,-1,-1
21709,-1,-1,-1
21711,-1,-1,-1
21713,-1,-1,-1
21715,-1,-1,-1
21717,-1,-1,-1
21719,-1,-1,-1
21721,-1,-1,-1
21723,-1,-1,-1
21725,-1,-1,-1
21727,-1,-1,-1
21729,-1,-1,-1
21731,-1,-1,-1
21733,-1,-1,-1
21735,-1,-1,-1
21737,-1,-1,-1
21739,-1,-1,-1
21741,-1,-1,-1
21743,-1,-1,-1
21745,-1,-1,-1
21747,-1,-1,-1
21749,-1,-1,-1
21751,-1,-1,-1
21753,-1,-1,-1
21755,-1,-1,-1
21757,-1,-1,-1
21759,-1,-1,-1
21761,-1,-1,-1
21763,-1,-1,-1
21765,-1,-1,-1
21767,-1,-1,-1
21769,-1,-1,-1
21771,-1,-1,-1
21773,-1,-1,-1
21775,-1,-1,-1
21777,-1,-1,-1
21779,-1,-1,-1
21781,-1,-1,-1
21783,-1,-1,-1
21785,-1,-1,-1
21787,-1,-1,-1
21789,-1,-1,-1
21791,-1,-1,-1
22633,-1,-1,-1
22635,-1,-1,-1
22637,-1,-1,-1
22639,-1,-1,-1
22641,-1,-1,-1
22643,-1,-1,-1
22645,-1,-1,-1
22647,-1,-1,-1
22649,-1,-1,-1
22651,-1,-1,-1
22653,-1,-1,-1
22655,-1,-1,-1
22657,-1,-1,-1
22659,-1,-1,-1
22661,-1,-1,-1
22663,-1,-1,-1
22665,-1,-1,-1
22667,-1,-1,-1
22669,-1,-1,-1
22671,-1,-1,-1
22673,-1,-1,-1
22675,-1,-1,-1
22677,-1,-1,-1
22679,-1,-1,-1
22681,-1,-1,-1
22683,-1,-1,-1
22685,-1,-1,-1
22687,-1,-1,-1
22689,-1,-1,-1
22691,-1,-1,-1
22693,-1,-1,-1
22695,-1,-1,-1
22697,-1,-1,-1
22699,-1,-1,-1
22701,-1,-1,-1
22703,-1,-1,-1
22705,-1,-1,-1
22707,-1,-1,-1
22709,-1,-1,-1
22711,-1,-1,-1
22713,-1,-1,-1
22715,-1,-1,-1
22717,-1,-1,-1
22719,-1,-1,-1
22721,-1,-1,-1
22723,-1,-1,-1
22725,-1,-1,-1
22727,-1,-1,-1
22729,-1,-1,-1
22731,-1,-1,-1
22733,-1,-1,-1
22735,-1,-1,-1
22737,-1,-1,-1
22739,-1,-1,-1
22741,-1,-1,-1
22743,-1,-1,-1
22745,-1,-1,-1
22747,-1,-1,-1
22749,-1,-1,-1
22751,-1,-1,-1
22753,-1,-1,-1
22755,-1,-1,-1
22757,-1,-1,-1
22759,-1,-1,-1
22761,-1,-1,-1
22763,-1,-1,-1
22765,-1,-1,-1
22767,-1,-1,-1
22769,-1,-1,-1
22771,-1,-1,-1
22773,-1,-1,-1
22775,-1,-1,-1
22777,-1,-1,-1
22779,-1,-1,-1
22781,-1,-1,-1
22783,-1,-1,-1
22785,-1,-1,-1
22787,-1,-1,-1
22789,-1,-1,-1
22791,-1,-1,-1
22793,-1,-1,-1
22795,-1,-1,-1
22797,-1,-1,-1
22799,-1,-1,-1
22801,-1,-1,-1
22803,-1,-1,-1
22805,-1,-1,-1
22807,-1,-1,-1
22809,-1,-1,-1
22811,-1,-1,-1
22813,-1,-1,-1
22815,-1,-1,-1
22817,-1,-1,-1
22819,-1,-1,-1
22821,-1,-1,-1
22823,-1,-1,-1
22825,-1,-1,-1
22827,-1,-1,-1
22965,-1,-1,-1
22967,-1,-1,-1
22969,-1,-1,-1
22971,-1,-1,-1
22973,-1,-1,-1
22975,-1,-1,-1
22977,-1,-1,-1
22979,-1,-1,-1
22981,-1,-1,-1
22983,-1,-1,-1
22985,-1,-1,-1
22987,-1,-1,-1
22989,-1,-1,-1
22991,-1,-1,-1
22993,-1,-1,-1
22995,-1,-1,-1
22997,-1,-1,-1
22999,-1,-1,-1
23001,-1,-1,-1
23003,-1,-1,-1
23005,-1,-1,-1
23007,-1,-1,-1
23009,-1,-1,-1
23011,-1,-1,-1
23013,-1,-1,-1
23015,-1,-1,-1
23017,-1,-1,-1
23019,-1,-1,-1
23021,-1,-1,-1
23023,-1,-1,-1
23025,-1,-1,-1
23027,-1,-1,-1
23029,-1,-1,-1
23031,-1,-1,-1
23033,-1,-1,-1
23035,-1,-1,-1
23037,-1,-1,-1
23039,-1,-1,-1
23041,-1,-1,-1
23043,-1,-1,-1
23045,-1,-1,-1
23047,-1,-1,-1
23049,-1,-1,-1
23051,-1,-1,-1
23053,-1,-1,-1
23055,-1,-1,-1
23057,-1,-1,-1
23059,-1,-1,-1
23061,-1,-1,-1
23063,-1,-1,-1
23065,-1,-1,-1
23067,-1,-1,-1
23069,-1,-1,-1
23071,-1,-1,-1
23073,-1,-1,-1
23075,-1,-1,-1
23077,-1,-1,-1
23079,-1,-1,-1
23081,-1,-1,-1
23083,-1,-1,-1
23085,-1,-1,-1
23087,-1,-1,-1
23089,-1,-1,-1
23091,-1,-1,-1
23093,-1,-1,-1
23095,-1,-1,-1
23097,-1,-1,-1
23099,-1,-1,-1
23101,-1,-1,-1
23103,-1,-1,-1
23105,-1,-1,-1
23107,-1,-1,-1
23109,-1,-1,-1
23111,-1,-1,-1
23113,-1,-1,-1
23115,-1,-1,-1
23117,-1,-1,-1
23119,-1,-1,-1
23121,-1,-1,-1
23123,-1,-1,-1
23125,-1,-1,-1
23127,-1,-1,-1
23129,-1,-1,-1
23131,-1,-1,-1
23133,-1,-1,-1
23135,-1,-1,-1
23137,-1,-1,-1
23139,-1,-1,-1
23141,-1,-1,-1
23143,-1,-1,-1
23145,-1,-1,-1
23147,-1,-1,-1
23149,-1,-1,-1
23151,-1,-1,-1
23153,-1,-1,-1
23155,-1,-1,-1
23157,-1,-1,-1
23159,-1,-1,-1
23161,-1,-1,-1
23163,-1,-1,-1
23729,-1,-1,-1
23731,-1,-1,-1
23733,-1,-1,-1
23735,-1,-1,-1
23737,-1,-1,-1
23739,-1,-1,-1
23741,-1,-1,-1
23743,-1,-1,-1
23745,-1,-1,-1
23747,-1,-1,-1
23749,-1,-1,-1
23751,-1,-1,-1
23753,-1,-1,-1
23755,-1,-1,-1
23757,-1,-1,-1
23759,-1,-1,-1
23761,-1,-1,-1
23763,-1,-1,-1
23765,-1,-1,-1
23767,-1,-1,-1
23769,-1,-1,-1
23771,-1,-1,-1
23773,-1,-1,-1
23775,-1,-1,-1
23777,-1,-1,-1
23779,-1,-1,-1
23781,-1,-1,-1
23783,-1,-1,-1
23785,-1,-1,-1
23787,-1,-1,-1
23789,-1,-1,-1
23791,-1,-1,-1
23793,-1,-1,-1
23795,-1,-1,-1
23797,-1,-1,-1
23799,-1,-1,-1
23801,-1,-1,-1
23803,-1,-1,-1
23805,-1,-1,-1
23807,-1,-1,-1
23809,-1,-1,-1
23811,-1,-1,-1
23813,-1,-1,-1
23815,-1,-1,-1
23817,-1,-1,-1
23819,-1,-1,-1
23821,-1,-1,-1
23823,-1,-1,-1
23825,-1,-1,-1
23827,-1,-1,-1
23829,-1,-1,-1
23831,-1,-1,-1
23833,-1,-1,-1
23835,-1,-1,-1
23837,-1,-1,-1
23839,-1,-1,-1
23841,-1,-1,-1
23843,-1,-1,-1
23845,-1,-1,-1
23847,-1,-1,-1
23849,-1,-1,-1
23851,-1,-1,-1
23853,-1,-1,-1
23855,-1,-1,-1
23857,-1,-1,-1
23859,-1,-1,-1
23861,-1,-1,-1
23863,-1,-1,-1
23865,-1,-1,-1
23867,-1,-1,-1
23869,-1,-1,-1
23871,-1,-1,-1
23873,-1,-1,-1
23875,-1,-1,-1
23877,-1,-1,-1
23879,-1,-1,-1
23881,-1,-1,-1
23883,-1,-1,-1
23885,-1,-1,-1
23887,-1,-1,-1
23889,-1,-1,-1
23891,-1,-1,-1
23893,-1,-1,-1
23895,-1,-1,-1
23897,-1,-1,-1
23899,-1,-1,-1
23901,-1,-1,-1
23903,-1,-1,-1
23905,-1,-1,-1
23907,-1,-1,-1
23909,-1,-1,-1
23911,-1,-1,-1
23913,-1,-1,-1
23915,-1,-1,-1
23917,-1,-1,-1
23919,-1,-1,-1
23921,-1,-1,-1
23923,-1,-1,-1
23925,-1,-1,-1
23927,-1,-1,-1
23929,-1,-1,-1
23931,-1,-1,-1
23933,-1,-1,-1
23935,-1,-1,-1
23937,-1,-1,-1
23939,-1,-1,-1
23941,-1,-1,-1
23943,-1,-1,-1
23945,-1,-1,-1
23947,-1,-1,-1
23949,-1,-1,-1
23951,-1,-1,-1
23953,-1,-1,-1
23955,-1,-1,-1
23957,-1,-1,-1
23959,-1,-1,-1
23961,-1,-1,-1
23963,-1,-1,-1
23965,-1,-1,-1
23967,-1,-1,-1
23969,-1,-1,-1
23971,-1,-1,-1
23973,-1,-1,-1
23975,-1,-1,-1
23977,-1,-1,-1
23979,-1,-1,-1
23981,-1,-1,-1
23983,-1,-1,-1
23985,-1,-1,-1
23987,-1,-1,-1
23989,-1,-1,-1
23991,-1,-1,-1
23993,-1,-1,-1
23995,-1,-1,-1
23997,-1,-1,-1
23999,-1,-1,-1
24001,-1,-1,-1
24003,-1,-1,-1
24005,-1,-1,-1
24007,-1,-1,-1
24009,-1,-1,-1
24011,-1,-1,-1
24013,-1,-1,-1
24015,-1,-1,-1
24017,-1,-1,-1
24019,-1,-1,-1
24021,-1,-1,-1
24023,-1,-1,-1
24025,-1,-1,-1
24027,-1,-1,-1
24029,-1,-1,-1
24031,-1,-1,-1
24033,-1,-1,-1
24035,-1,-1,-1
24037,-1,-1,-1
24039,-1,-1,-1
24041,-1,-1,-1
24043,-1,-1,-1
24045,-1,-1,-1
24047,-1,-1,-1
24049,-1,-1,-1
24051,-1,-1,-1
24053,-1,-1,-1
24055,-1,-1,-1
24057,-1,-1,-1
24059,-1,-1,-1
24061,-1,-1,-1
24063,-1,-1,-1
24065,-1,-1,-1
24067,-1,-1,-1
24069,-1,-1,-1
24071,-1,-1,-1
24073,-1,-1,-1
24075,-1,-1,-1
24077,-1,-1,-1
24079,-1,-1,-1
24081,-1,-1,-1
24083,-1,-1,-1
24085,-1,-1,-1
24087,-1,-1,-1
24089,-1,-1,-1
24091,-1,-1,-1
24093,-1,-1,-1
24095,-1,-1,-1
24097,-1,-1,-1
24099,-1,-1,-1
24101,-1,-1,-1
24103,-1,-1,-1
24105,-1,-1,-1
24107,-1,-1,-1
24109,-1,-1,-1
24111,-1,-1,-1
24113,-1,-1,-1
24115,-1,-1,-1
24117,-1,-1,-1
24119,-1,-1,-1
24121,-1,-1,-1
24123,-1,-1,-1
24125,-1,-1,-1
25387,-1,-1,-1
25389,-1,-1,-1
25391,-1,-1,-1
25393,-1,-1,-1
25395,-1,-1,-1
25397,-1,-1,-1
25399,-1,-1,-1
25401,-1,-1,-1
25403,-1,-1,-1
25405,-1,-1,-1
25407,-1,-1,-1
25409,-1,-1,-1
25411,-1,-1,-1
25413,-1,-1,-1
25415,-1,-1,-1
25417,-1,-1,-1
25419,-1,-1,-1
25421,-1,-1,-1
25423,-1,-1,-1
25425,-1,-1,-1
25427,-1,-1,-1
25429,-1,-1,-1
25431,-1,-1,-1
25433,-1,-1,-1
25435,-1,-1,-1
25437,-1,-1,-1
25439,-1,-1,-1
25441,-1,-1,-1
25443,-1,-1,-1
25445,-1,-1,-1
25447,-1,-1,-1
25449,-1,-1,-1
25451,-1,-1,-1
25453,-1,-1,-1
25455,-1,-1,-1
25457,-1,-1,-1
25459,-1,-1,-1
25461,-1,-1,-1
25463,-1,-1,-1
25465,-1,-1,-1
25467,-1,-1,-1
25469,-1,-1,-1
25471,-1,-1,-1
25473,-1,-1,-1
25475,-1,-1,-1
25477,-1,-1,-1
25479,-1,-1,-1
25481,-1,-1,-1
25483,-1,-1,-1
25485,-1,-1,-1
25487,-1,-1,-1
25489,-1,-1,-1
25491,-1,-1,-1
25493,-1,-1,-1
25495,-1,-1,-1
25497,-1,-1,-1
25499,-1,-1,-1
25501,-1,-1,-1
25503,-1,-1,-1
25505,-1,-1,-1
25507,-1,-1,-1
25509,-1,-1,-1
25511,-1,-1,-1
25513,-1,-1,-1
25515,-1,-1,-1
25517,-1,-1,-1
25519,-1,-1,-1
25521,-1,-1,-1
25523,-1,-1,-1
25525,-1,-1,-1
25527,-1,-1,-1
25529,-1,-1,-1
25531,-1,-1,-1
25533,-1,-1,-1
25535,-1,-1,-1
25537,-1,-1,-1
25539,-1,-1,-1
25667,-1,-1,-1
25669,-1,-1,-1
25671,-1,-1,-1
25673,-1,-1,-1
25675,-1,-1,-1
25677,-1,-1,-1
25679,-1,-1,-1
25681,-1,-1,-1
25683,-1,-1,-1
25685,-1,-1,-1
25687,-1,-1,-1
25689,-1,-1,-1
25691,-1,-1,-1
25693,-1,-1,-1
25695,-1,-1,-1
25697,-1,-1,-1
25699,-1,-1,-1
25701,-1,-1,-1
25703,-1,-1,-1
25705,-1,-1,-1
25707,-1,-1,-1
25709,-1,-1,-1
25711,-1,-1,-1
25713,-1,-1,-1
25715,-1,-1,-1
25717,-1,-1,-1
25719,-1,-1,-1
25721,-1,-1,-1
25723,-1,-1,-1
25725,-1,-1,-1
25727,-1,-1,-1
25729,-1,-1,-1
25731,-1,-1,-1
25733,-1,-1,-1
25735,-1,-1,-1
25737,-1,-1,-1
25739,-1,-1,-1
25741,-1,-1,-1
25743,-1,-1,-1
25745,-1,-1,-1
25747,-1,-1,-1
25749,-1,-1,-1
25751,-1,-1,-1
25753,-1,-1,-1
25755,-1,-1,-1
25757,-1,-1,-1
25759,-1,-1,-1
25761,-1,-1,-1
25763,-1,-1,-1
25765,-1,-1,-1
25767,-1,-1,-1
25769,-1,-1,-1
25771,-1,-1,-1
25773,-1,-1,-1
25775,-1,-1,-1
25777,-1,-1,-1
25779,-1,-1,-1
25781,-1,-1,-1
25783,-1,-1,-1
25785,-1,-1,-1
25787,-1,-1,-1
25789,-1,-1,-1
25791,-1,-1,-1
25793,-1,-1,-1
25795,-1,-1,-1
25797,-1,-1,-1
25799,-1,-1,-1
25801,-1,-1,-1
25803,-1,-1,-1
25805,-1,-1,-1
25807,-1,-1,-1
25809,-1,-1,-1
25811,-1,-1,-1
25813,-1,-1,-1
25815,-1,-1,-1
25817,-1,-1,-1
25819,-1,-1,-1
25821,-1,-1,-1
25823,-1,-1,-1
25825,-1,-1,-1
25827,-1,-1,-1
25829,-1,-1,-1
25831,-1,-1,-1
25833,-1,-1,-1
25835,-1,-1,-1
25837,-1,-1,-1
25839,-1,-1,-1
25841,-1,-1,-1
25843,-1,-1,-1
25845,-1,-1,-1
25847,-1,-1,-1
25849,-1,-1,-1
25851,-1,-1,-1
25853,-1,-1,-1
25855,-1,-1,-1
25857,-1,-1,-1
25859,-1,-1,-1
25861,-1,-1,-1
25863,-1,-1,-1
25865,-1,-1,-1
25867,-1,-1,-1
25869,-1,-1,-1
25871,-1,-1,-1
25873,-1,-1,-1
25875,-1,-1,-1
25877,-1,-1,-1
25879,-1,-1,-1
25881,-1,-1,-1
25883,-1,-1,-1
25885,-1,-1,-1
25887,-1,-1,-1
25889,-1,-1,-1
25891,-1,-1,-1
25893,-1,-1,-1
25895,-1,-1,-1
25897,-1,-1,-1
25899,-1,-1,-1
25901,-1,-1,-1
25903,-1,-1,-1
25905,-1,-1,-1
25907,-1,-1,-1
25909,-1,-1,-1
25911,-1,-1,-1
25913,-1,-1,-1
25915,-1,-1,-1
25917,-1,-1,-1
25919,-1,-1,-1
25921,-1,-1,-1
25923,-1,-1,-1
25925,-1,-1,-1
25927,-1,-1,-1
25929,-1,-1,-1
25931,-1,-1,-1
25933,-1,-1,-1
25935,-1,-1,-1
25937,-1,-1,-1
25939,-1,-1,-1
25941,-1,-1,-1
25943,-1,-1,-1
25945,-1,-1,-1
25947,-1,-1,-1
25949,-1,-1,-1
25951,-1,-1,-1
25953,-1,-1,-1
25955,-1,-1,-1
25957,-1,-1,-1
25959,-1,-1,-1
25961,-1,-1,-1
25963,-1,-1,-1
25965,-1,-1,-1
25967,-1,-1,-1
25969,-1,-1,-1
25971,-1,-1,-1
25973,-1,-1,-1
25975,-1,-1,-1
25977,-1,-1,-1
25979,-1,-1,-1
25981,-1,-1,-1
25983,-1,-1,-1
25985,-1,-1,-1
25987,-1,-1,-1
25989,-1,-1,-1
25991,-1,-1,-1
25993,-1,-1,-1
25995,-1,-1,-1
25997,-1,-1,-1
25999,-1,-1,-1
26001,-1,-1,-1
26003,-1,-1,-1
26005,-1,-1,-1
26007,-1,-1,-1
26009,-1,-1,-1
26011,-1,-1,-1
26013,-1,-1,-1
26015,-1,-1,-1
26017,-1,-1,-1
26019,-1,-1,-1
26021,-1,-1,-1
26023,-1,-1,-1
26025,-1,-1,-1
26027,-1,-1,-1
26029,-1,-1,-1
26031,-1,-1,-1
26033,-1,-1,-1
26035,-1,-1,-1
26037,-1,-1,-1
26039,-1,-1,-1
26041,-1,-1,-1
26043,-1,-1,-1
26045,-1,-1,-1
26047,-1,-1,-1
26049,-1,-1,-1
26051,-1,-1,-1
26053,-1,-1,-1
26055,-1,-1,-1
26057,-1,-1,-1
26059,-1,-1,-1
26061,-1,-1,-1
26063,-1,-1,-1
26065,-1,-1,-1
26067,-1,-1,-1
26069,-1,-1,-1
26071,-1,-1,-1
26073,-1,-1,-1
26075,-1,-1,-1
26077,-1,-1,-1
26079,-1,-1,-1
26081,-1,-1,-1
26083,-1,-1,-1
26085,-1,-1,-1
26087,-1,-1,-1
26089,-1,-1,-1
26091,-1,-1,-1
26093,-1,-1,-1
26095,-1,-1,-1
26097,-1,-1,-1
26099,-1,-1,-1
26101,-1,-1,-1
26103,-1,-1,-1
26105,-1,-1,-1
26107,-1,-1,-1
26109,-1,-1,-1
26111,-1,-1,-1
26113,-1,-1,-1
26115,-1,-1,-1
26117,-1,-1,-1
26119,-1,-1,-1
26121,-1,-1,-1
26123,-1,-1,-1
26125,-1,-1,-1
26127,-1,-1,-1
26129,-1,-1,-1
26131,-1,-1,-1
26133,-1,-1,-1
26135,-1,-1,-1
26137,-1,-1,-1
26139,-1,-1,-1
26141,-1,-1,-1
26143,-1,-1,-1
26145,-1,-1,-1
26147,-1,-1,-1
26149,-1,-1,-1
26151,-1,-1,-1
26153,-1,-1,-1
26155,-1,-1,-1
26157,-1,-1,-1
26159,-1,-1,-1
26161,-1,-1,-1
26163,-1,-1,-1
26165,-1,-1,-1
26167,-1,-1,-1
26169,-1,-1,-1
26171,-1,-1,-1
26173,-1,-1,-1
26175,-1,-1,-1
26177,-1,-1,-1
26179,-1,-1,-1
27359,-1,-1,-1
27361,-1,-1,-1
27363,-1,-1,-1
27365,-1,-1,-1
27367,-1,-1,-1
27369,-1,-1,-1
27371,-1,-1,-1
27373,-1,-1,-1
27375,-1,-1,-1
27377,-1,-1,-1
27379,-1,-1,-1
27381,-1,-1,-1
27383,-1,-1,-1
27385,-1,-1,-1
27387,-1,-1,-1
27389,-1,-1,-1
27391,-1,-1,-1
27393,-1,-1,-1
27395,-1,-1,-1
27397,-1,-1,-1
27399,-1,-1,-1
27401,-1,-1,-1
27403,-1,-1,-1
27405,-1,-1,-1
27407,-1,-1,-1
27409,-1,-1,-1
27411,-1,-1,-1
27413,-1,-1,-1
27415,-1,-1,-1
27417,-1,-1,-1
27419,-1,-1,-1
27421,-1,-1,-1
27423,-1,-1,-1
27425,-1,-1,-1
27427,-1,-1,-1
27429,-1,-1,-1
27431,-1,-1,-1
27433,-1,-1,-1
27435,-1,-1,-1
27437,-1,-1,-1
27439,-1,-1,-1
27441,-1,-1,-1
27443,-1,-1,-1
27445,-1,-1,-1
27447,-1,-1,-1
27449,-1,-1,-1
27451,-1,-1,-1
27453,-1,-1,-1
27455,-1,-1,-1
27457,-1,-1,-1
27459,-1,-1,-1
27461,-1,-1,-1
27463,-1,-1,-1
27465,-1,-1,-1
27467,-1,-1,-1
27469,-1,-1,-1
27471,-1,-1,-1
27473,-1,-1,-1
27475,-1,-1,-1
27477,-1,-1,-1
27479,-1,-1,-1
27481,-1,-1,-1
27483,-1,-1,-1
27485,-1,-1,-1
27487,-1,-1,-1
27489,-1,-1,-1
27491,-1,-1,-1
27493,-1,-1,-1
27495,-1,-1,-1
27497,-1,-1,-1
27499,-1,-1,-1
27501,-1,-1,-1
27503,-1,-1,-1
27505,-1,-1,-1
27507,-1,-1,-1
27509,-1,-1,-1
27511,-1,-1,-1
27513,-1,-1,-1
27515,-1,-1,-1
27517,-1,-1,-1
27519,-1,-1,-1
27521,-1,-1,-1
27523,-1,-1,-1
27525,-1,-1,-1
27527,-1,-1,-1
27529,-1,-1,-1
27531,-1,-1,-1
27533,-1,-1,-1
27535,-1,-1,-1
27537,-1,-1,-1
27539,-1,-1,-1
27541,-1,-1,-1
27543,-1,-1,-1
27545,-1,-1,-1
27547,-1,-1,-1
27549,-1,-1,-1
27551,-1,-1,-1
27553,-1,-1,-1
27555,-1,-1,-1
27557,-1,-1,-1
27559,-1,-1,-1
27561,-1,-1,-1
27563,-1,-1,-1
27565,-1,-1,-1
27567,-1,-1,-1
27569,-1,-1,-1
27571,-1,-1,-1
27573,-1,-1,-1
27575,-1,-1,-1
27577,-1,-1,-1
27579,-1,-1,-1
27581,-1,-1,-1
27583,-1,-1,-1
27585,-1,-1,-1
27587,-1,-1,-1
27589,-1,-1,-1
27591,-1,-1,-1
27593,-1,-1,-1
27595,-1,-1,-1
27597,-1,-1,-1
27599,-1,-1,-1
27601,-1,-1,-1
27603,-1,-1,-1
27605,-1,-1,-1
27607,-1,-1,-1
27609,-1,-1,-1
27611,-1,-1,-1
27613,-1,-1,-1
27615,-1,-1,-1
27617,-1,-1,-1
27619,-1,-1,-1
27621,-1,-1,-1
27623,-1,-1,-1
27625,-1,-1,-1
27627,-1,-1,-1
27629,-1,-1,-1
27631,-1,-1,-1
27633,-1,-1,-1
27635,-1,-1,-1
27637,-1,-1,-1
27639,-1,-1,-1
27641,-1,-1,-1
27643,-1,-1,-1
27645,-1,-1,-1
27647,-1,-1,-1
27649,-1,-1,-1
27651,-1,-1,-1
27653,-1,-1,-1
27655,-1,-1,-1
27657,-1,-1,-1
27659,-1,-1,-1
27661,-1,-1,-1
27663,-1,-1,-1
27665,-1,-1,-1
27667,-1,-1,-1
27669,-1,-1,-1
27671,-1,-1,-1
27673,-1,-1,-1
27675,-1,-1,-1
27677,-1,-1,-1
27679,-1,-1,-1
27681,-1,-1,-1
27683,-1,-1,-1
27685,-1,-1,-1
27687,-1,-1,-1
27689,-1,-1,-1
27691,-1,-1,-1
27693,-1,-1,-1
27695,-1,-1,-1
27697,-1,-1,-1
27699,-1,-1,-1
27701,-1,-1,-1
27703,-1,-1,-1
27705,-1,-1,-1
27707,-1,-1,-1
27709,-1,-1,-1
27711,-1,-1,-1
27713,-1,-1,-1
27715,-1,-1,-1
27717,-1,-1,-1
27719,-1,-1,-1
27721,-1,-1,-1
27723,-1,-1,-1
27725,-1,-1,-1
27727,-1,-1,-1
27729,-1,-1,-1
27731,-1,-1,-1
27733,-1,-1,-1
27735,-1,-1,-1
27737,-1,-1,-1
27739,-1,-1,-1
27741,-1,-1,-1
27743,-1,-1,-1
27745,-1,-1,-1
27747,-1,-1,-1
27749,-1,-1,-1
28619,-1,-1,-1
28621,-1,-1,-1
28623,-1,-1,-1
28625,-1,-1,-1
28627,-1,-1,-1
28629,-1,-1,-1
28631,-1,-1,-1
28633,-1,-1,-1
28635,-1,-1,-1
28637,-1,-1,-1
28639,-1,-1,-1
28641,-1,-1,-1
28643,-1,-1,-1
28645,-1,-1,-1
28647,-1,-1,-1
28649,-1,-1,-1
28651,-1,-1,-1
28653,-1,-1,-1
28655,-1,-1,-1
28657,-1,-1,-1
28659,-1,-1,-1
28661,-1,-1,-1
28663,-1,-1,-1
28665,-1,-1,-1
28667,-1,-1,-1
28669,-1,-1,-1
28671,-1,-1,-1
28673,-1,-1,-1
28675,-1,-1,-1
28677,-1,-1,-1
28679,-1,-1,-1
28681,-1,-1,-1
28683,-1,-1,-1
28685,-1,-1,-1
28687,-1,-1,-1
28689,-1,-1,-1
28691,-1,-1,-1
28693,-1,-1,-1
28695,-1,-1,-1
28697,-1,-1,-1
28699,-1,-1,-1
28701,-1,-1,-1
28703,-1,-1,-1
28705,-1,-1,-1
28707,-1,-1,-1
28709,-1,-1,-1
28711,-1,-1,-1
28713,-1,-1,-1
28715,-1,-1,-1
28717,-1,-1,-1
28719,-1,-1,-1
28721,-1,-1,-1
28723,-1,-1,-1
28929,-1,-1,-1
28931,-1,-1,-1
28933,-1,-1,-1
28935,-1,-1,-1
28937,-1,-1,-1
28939,-1,-1,-1
28941,-1,-1,-1
28943,-1,-1,-1
28945,-1,-1,-1
28947,-1,-1,-1
28949,-1,-1,-1
28951,-1,-1,-1
28953,-1,-1,-1
28955,-1,-1,-1
28957,-1,-1,-1
28959,-1,-1,-1
28961,-1,-1,-1
28963,-1,-1,-1
28965,-1,-1,-1
28967,-1,-1,-1
28969,-1,-1,-1
28971,-1,-1,-1
28973,-1,-1,-1
28975,-1,-1,-1
28977,-1,-1,-1
28979,-1,-1,-1
28981,-1,-1,-1
28983,-1,-1,-1
28985,-1,-1,-1
28987,-1,-1,-1
28989,-1,-1,-1
28991,-1,-1,-1
28993,-1,-1,-1
28995,-1,-1,-1
28997,-1,-1,-1
28999,-1,-1,-1
29001,-1,-1,-1
29003,-1,-1,-1
29005,-1,-1,-1
29007,-1,-1,-1
29009,-1,-1,-1
29011,-1,-1,-1
29013,-1,-1,-1
29015,-1,-1,-1
29017,-1,-1,-1
29019,-1,-1,-1
29021,-1,-1,-1
29023,-1,-1,-1
29025,-1,-1,-1
29027,-1,-1,-1
29029,-1,-1,-1
29031,-1,-1,-1
29033,-1,-1,-1
29035,-1,-1,-1
29037,-1,-1,-1
29039,-1,-1,-1
29041,-1,-1,-1
29043,-1,-1,-1
29045,-1,-1,-1
29047,-1,-1,-1
29049,-1,-1,-1
29051,-1,-1,-1
29053,-1,-1,-1
29055,-1,-1,-1
29057,-1,-1,-1
29059,-1,-1,-1
29061,-1,-1,-1
29063,-1,-1,-1
29065,-1,-1,-1
29067,-1,-1,-1
29069,-1,-1,-1
29071,-1,-1,-1
29073,-1,-1,-1
29075,-1,-1,-1
29077,-1,-1,-1
29079,-1,-1,-1
29081,-1,-1,-1
29083,-1,-1,-1
29085,-1,-1,-1
29087,-1,-1,-1
29089,-1,-1,-1
29091,-1,-1,-1
29093,-1,-1,-1
29095,-1,-1,-1
29097,-1,-1,-1
29099,-1,-1,-1
29101,-1,-1,-1
29103,-1,-1,-1
29105,-1,-1,-1
29107,-1,-1,-1
29109,-1,-1,-1
29111,-1,-1,-1
29113,-1,-1,-1
29115,-1,-1,-1
29117,-1,-1,-1
29119,-1,-1,-1
29121,-1,-1,-1
29123,-1,-1,-1
29125,-1,-1,-1
29127,-1,-1,-1
29129,-1,-1,-1
29131,-1,-1,-1
29133,-1,-1,-1
29135,-1,-1,-1
29137,-1,-1,-1
29139,-1,-1,-1
29141,-1,-1,-1
29143,-1,-1,-1
29145,-1,-1,-1
29147,-1,-1,-1
29149,-1,-1,-1
29151,-1,-1,-1
29153,-1,-1,-1
29155,-1,-1,-1
29157,-1,-1,-1
29159,-1,-1,-1
29161,-1,-1,-1
29163,-1,-1,-1
29165,-1,-1,-1
29167,-1,-1,-1
29169,-1,-1,-1
29171,-1,-1,-1
29173,-1,-1,-1
29175,-1,-1,-1
29177,-1,-1,-1
29179,-1,-1,-1
29181,-1,-1,-1
29183,-1,-1,-1
29185,-1,-1,-1
29187,-1,-1,-1
29189,-1,-1,-1
29191,-1,-1,-1
29193,-1,-1,-1
29195,-1,-1,-1
29197,-1,-1,-1
29199,-1,-1,-1
29201,-1,-1,-1
29203,-1,-1,-1
29205,-1,-1,-1
29207,-1,-1,-1
29209,-1,-1,-1
29211,-1,-1,-1
29213,-1,-1,-1
29215,-1,-1,-1
29217,-1,-1,-1
29219,-1,-1,-1
29221,-1,-1,-1
29223,-1,-1,-1
29225,-1,-1,-1
29227,-1,-1,-1
29229,-1,-1,-1
29231,-1,-1,-1
29233,-1,-1,-1
29235,-1,-1,-1
29237,-1,-1,-1
29239,-1,-1,-1
29241,-1,-1,-1
29243,-1,-1,-1
29245,-1,-1,-1
29247,-1,-1,-1
29249,-1,-1,-1
29251,-1,-1,-1
29253,-1,-1,-1
29255,-1,-1,-1
29257,-1,-1,-1
29259,-1,-1,-1
29261,-1,-1,-1
29263,-1,-1,-1
29265,-1,-1,-1
29267,-1,-1,-1
29269,-1,-1,-1
29271,-1,-1,-1
29273,-1,-1,-1
29275,-1,-1,-1
29277,-1,-1,-1
29279,-1,-1,-1
29281,-1,-1,-1
29283,-1,-1,-1
29285,-1,-1,-1
29287,-1,-1,-1
29289,-1,-1,-1
29291,-1,-1,-1
29293,-1,-1,-1
29295,-1,-1,-1
29297,-1,-1,-1
29299,-1,-1,-1
29301,-1,-1,-1
29303,-1,-1,-1
29305,-1,-1,-1
29307,-1,-1,-1
29309,-1,-1,-1
29311,-1,-1,-1
29313,-1,-1,-1
29315,-1,-1,-1
29317,-1,-1,-1
29319,-1,-1,-1
29321,-1,-1,-1
29323,-1,-1,-1
29325,-1,-1,-1
29327,-1,-1,-1
29329,-1,-1,-1
29331,-1,-1,-1
29333,-1,-1,-1
29335,-1,-1,-1
29337,-1,-1,-1
29339,-1,-1,-1
29341,-1,-1,-1
29343,-1,-1,-1
29345,-1,-1,-1
29347,-1,-1,-1
29349,-1,-1,-1
29351,-1,-1,-1
29353,-1,-1,-1
29355,-1,-1,-1
29357,-1,-1,-1
29359,-1,-1,-1
29361,-1,-1,-1
29363,-1,-1,-1
29365,-1,-1,-1
29367,-1,-1,-1
29369,-1,-1,-1
29371,-1,-1,-1
29373,-1,-1,-1
29375,-1,-1,-1
29377,-1,-1,-1
29379,-1,-1,-1
29381,-1,-1,-1
29383,-1,-1,-1
29385,-1,-1,-1
29387,-1,-1,-1
29389,-1,-1,-1
29391,-1,-1,-1
29393,-1,-1,-1
29395,-1,-1,-1
29397,-1,-1,-1
29399,-1,-1,-1
29401,-1,-1,-1
29403,-1,-1,-1
29405,-1,-1,-1
29407,-1,-1,-1
29409,-1,-1,-1
29411,-1,-1,-1
29413,-1,-1,-1
29415,-1,-1,-1
29417,-1,-1,-1
29419,-1,-1,-1
29421,-1,-1,-1
29423,-1,-1,-1
29425,-1,-1,-1
29427,-1,-1,-1
29429,-1,-1,-1
29431,-1,-1,-1
29433,-1,-1,-1
29435,-1,-1,-1
29437,-1,-1,-1
29439,-1,-1,-1
29441,-1,-1,-1
29443,-1,-1,-1
29445,-1,-1,-1
29447,-1,-1,-1
29449,-1,-1,-1
29451,-1,-1,-1
29453,-1,-1,-1
29455,-1,-1,-1
29457,-1,-1,-1
29459,-1,-1,-1
29461,-1,-1,-1
29463,-1,-1,-1
29465,-1,-1,-1
29467,-1,-1,-1
29469,-1,-1,-1
29471,-1,-1,-1
29473,-1,-1,-1
29475,-1,-1,-1
29477,-1,-1,-1
29479,-1,-1,-1
29481,-1,-1,-1
29483,-1,-1,-1
29485,-1,-1,-1
29487,-1,-1,-1
29489,-1,-1,-1
29491,-1,-1,-1
29493,-1,-1,-1
29495,-1,-1,-1
29497,-1,-1,-1
29499,-1,-1,-1
29501,-1,-1,-1
29503,-1,-1,-1
29505,-1,-1,-1
29507,-1,-1,-1
29509,-1,-1,-1
29511,-1,-1,-1
29513,-1,-1,-1
29515,-1,-1,-1
29517,-1,-1,-1
29519,-1,-1,-1
29521,-1,-1,-1
29523,-1,-1,-1
29525,-1,-1,-1
29527,-1,-1,-1
29529,-1,-1,-1
29531,-1,-1,-1
29533,-1,-1,-1
29535,-1,-1,-1
29537,-1,-1,-1
29539,-1,-1,-1
29541,-1,-1,-1
29543,-1,-1,-1
29545,-1,-1,-1
29547,-1,-1,-1
29549,-1,-1,-1
29551,-1,-1,-1
29553,-1,-1,-1
29555,-1,-1,-1
29557,-1,-1,-1
29559,-1,-1,-1
29561,-1,-1,-1
29563,-1,-1,-1
29565,-1,-1,-1
29567,-1,-1,-1
29569,-1,-1,-1
29571,-1,-1,-1
29573,-1,-1,-1
29575,-1,-1,-1
29577,-1,-1,-1
29579,-1,-1,-1
29581,-1,-1,-1
29583,-1,-1,-1
29585,-1,-1,-1
29587,-1,-1,-1
29589,-1,-1,-1
29591,-1,-1,-1
29593,-1,-1,-1
29595,-1,-1,-1
29597,-1,-1,-1
29599,-1,-1,-1
29601,-1,-1,-1
29603,-1,-1,-1
29605,-1,-1,-1
29607,-1,-1,-1
29609,-1,-1,-1
29611,-1,-1,-1
29613,-1,-1,-1
29615,-1,-1,-1
29617,-1,-1,-1
29619,-1,-1,-1
29621,-1,-1,-1
29623,-1,-1,-1
29625,-1,-1,-1
29627,-1,-1,-1
29629,-1,-1,-1
29631,-1,-1,-1
29633,-1,-1,-1
29635,-1,-1,-1
29637,-1,-1,-1
29639,-1,-1,-1
29641,-1,-1,-1
29643,-1,-1,-1
29645,-1,-1,-1
29647,-1,-1,-1
29649,-1,-1,-1
29651,-1,-1,-1
29653,-1,-1,-1
29655,-1,-1,-1
29657,-1,-1,-1
29659,-1,-1,-1
29661,-1,-1,-1
29663,-1,-1,-1
29665,-1,-1,-1
29667,-1,-1,-1
29669,-1,-1,-1
29671,-1,-1,-1
29673,-1,-1,-1
29675,-1,-1,-1
29677,-1,-1,-1
29679,-1,-1,-1
29681,-1,-1,-1
29683,-1,-1,-1
29685,-1,-1,-1
29687,-1,-1,-1
29689,-1,-1,-1
29691,-1,-1,-1
29693,-1,-1,-1
29695,-1,-1,-1
29697,-1,-1,-1
29699,-1,-1,-1
29701,-1,-1,-1
29703,-1,-1,-1
29705,-1,-1,-1
29707,-1,-1,-1
29709,-1,-1,-1
29711,-1,-1,-1
29713,-1,-1,-1
29715,-1,-1,-1
29717,-1,-1,-1
29719,-1,-1,-1
29721,-1,-1,-1
29723,-1,-1,-1
29725,-1,-1,-1
29727,-1,-1,-1
29729,-1,-1,-1
29731,-1,-1,-1
29733,-1,-1,-1
29735,-1,-1,-1
29737,-1,-1,-1
29739,-1,-1,-1
29741,-1,-1,-1
29743,-1,-1,-1
29745,-1,-1,-1
29747,-1,-1,-1
29749,-1,-1,-1
29751,-1,-1,-1
29753,-1,-1,-1
29755,-1,-1,-1
29757,-1,-1,-1
29759,-1,-1,-1
29761,-1,-1,-1
29763,-1,-1,-1
29765,-1,-1,-1
29767,-1,-1,-1
29769,-1,-1,-1
29771,-1,-1,-1
29773,-1,-1,-1
29775,-1,-1,-1
29777,-1,-1,-1
29779,-1,-1,-1
29781,-1,-1,-1
29783,-1,-1,-1
29785,-1,-1,-1
29787,-1,-1,-1
29789,-1,-1,-1
29791,-1,-1,-1
29793,-1,-1,-1
29795,-1,-1,-1
29797,-1,-1,-1
29799,-1,-1,-1
29801,-1,-1,-1
29803,-1,-1,-1
29805,-1,-1,-1
29807,-1,-1,-1
29809,-1,-1,-1
29811,-1,-1,-1
29813,-1,-1,-1
29815,-1,-1,-1
29817,-1,-1,-1
29819,-1,-1,-1
29821,-1,-1,-1
29823,-1,-1,-1
29825,-1,-1,-1
29827,-1,-1,-1
29829,-1,-1,-1
29831,-1,-1,-1
29833,-1,-1,-1
29835,-1,-1,-1
29837,-1,-1,-1
29839,-1,-1,-1
29841,-1,-1,-1
29843,-1,-1,-1
29845,-1,-1,-1
29847,-1,-1,-1
29849,-1,-1,-1
29851,-1,-1,-1
29853,-1,-1,-1
29855,-1,-1,-1
29857,-1,-1,-1
29859,-1,-1,-1
29861,-1,-1,-1
29863,-1,-1,-1
29865,-1,-1,-1
29867,-1,-1,-1
29869,-1,-1,-1
29871,-1,-1,-1
29873,-1,-1,-1
29875,-1,-1,-1
29877,-1,-1,-1
29879,-1,-1,-1
29881,-1,-1,-1
29883,-1,-1,-1
29885,-1,-1,-1
29887,-1,-1,-1
29889,-1,-1,-1
29891,-1,-1,-1
29893,-1,-1,-1
29895,-1,-1,-1
29897,-1,-1,-1
29899,-1,-1,-1
29901,-1,-1,-1
29903,-1,-1,-1
29905,-1,-1,-1
29907,-1,-1,-1
29909,-1,-1,-1
29911,-1,-1,-1
29913,-1,-1,-1
29915,-1,-1,-1
29917,-1,-1,-1
29919,-1,-1,-1
29921,-1,-1,-1
29923,-1,-1,-1
29925,-1,-1,-1
29927,-1,-1,-1
29929,-1,-1,-1
29931,-1,-1,-1
29933,-1,-1,-1
29935,-1,-1,-1
29937,-1,-1,-1
29939,-1,-1,-1
29941,-1,-1,-1
29943,-1,-1,-1
29945,-1,-1,-1
29947,-1,-1,-1
29949,-1,-1,-1
29951,-1,-1,-1
29953,-1,-1,-1
29955,-1,-1,-1
29957,-1,-1,-1
29959,-1,-1,-1
29961,-1,-1,-1
29963,-1,-1,-1
29965,-1,-1,-1
29967,-1,-1,-1
29969,-1,-1,-1
29971,-1,-1,-1
29973,-1,-1,-1
29975,-1,-1,-1
29977,-1,-1,-1
29979,-1,-1,-1
29981,-1,-1,-1
29983,-1,-1,-1
29985,-1,-1,-1
29987,-1,-1,-1
29989,-1,-1,-1
29991,-1,-1,-1
29993,-1,-1,-1
29995,-1,-1,-1
29997,-1,-1,-1
29999,-1,-1,-1
30001,-1,-1,-1
30003,-1,-1,-1
30005,-1,-1,-1
30007,-1,-1,-1
30009,-1,-1,-1
30011,-1,-1,-1
30013,-1,-1,-1
30015,-1,-1,-1
30017,-1,-1,-1
30019,-1,-1,-1
30021,-1,-1,-1
30023,-1,-1,-1
30025,-1,-1,-1
30027,-1,-1,-1
30029,-1,-1,-1
30031,-1,-1,-1
30033,-1,-1,-1
30035,-1,-1,-1
30037,-1,-1,-1
30039,-1,-1,-1
30041,-1,-1,-1
30043,-1,-1,-1
30045,-1,-1,-1
30047,-1,-1,-1
30049,-1,-1,-1
30051,-1,-1,-1
30053,-1,-1,-1
30055,-1,-1,-1
30057,-1,-1,-1
30059,-1,-1,-1
30061,-1,-1,-1
30063,-1,-1,-1
30065,-1,-1,-1
30067,-1,-1,-1
30069,-1,-1,-1
30071,-1,-1,-1
30073,-1,-1,-1
30075,-1,-1,-1
30077,-1,-1,-1
30079,-1,-1,-1
30081,-1,-1,-1
30083,-1,-1,-1
30085,-1,-1,-1
30087,-1,-1,-1
30089,-1,-1,-1
30091,-1,-1,-1
30093,-1,-1,-1
30095,-1,-1,-1
30097,-1,-1,-1
30099,-1,-1,-1
30101,-1,-1,-1
30103,-1,-1,-1
30105,-1,-1,-1
30107,-1,-1,-1
30109,-1,-1,-1
30111,-1,-1,-1
30113,-1,-1,-1
30115,-1,-1,-1
30117,-1,-1,-1
30119,-1,-1,-1
30121,-1,-1,-1
30123,-1,-1,-1
30125,-1,-1,-1
30127,-1,-1,-1
30129,-1,-1,-1
30131,-1,-1,-1
30133,-1,-1,-1
30135,-1,-1,-1
30137,-1,-1,-1
30139,-1,-1,-1
30141,-1,-1,-1
30143,-1,-1,-1
30145,-1,-1,-1
30147,-1,-1,-1
30149,-1,-1,-1
30151,-1,-1,-1
30153,-1,-1,-1
30155,-1,-1,-1
30157,-1,-1,-1
30159,-1,-1,-1
30161,-1,-1,-1
30163,-1,-1,-1
30165,-1,-1,-1
30167,-1,-1,-1
30169,-1,-1,-1
30171,-1,-1,-1
30173,-1,-1,-1
30175,-1,-1,-1
30177,-1,-1,-1
30179,-1,-1,-1
30181,-1,-1,-1
30183,-1,-1,-1
30185,-1,-1,-1
30187,-1,-1,-1
30189,-1,-1,-1
30191,-1,-1,-1
30193,-1,-1,-1
30195,-1,-1,-1
30197,-1,-1,-1
30199,-1,-1,-1
30201,-1,-1,-1
30203,-1,-1,-1
30205,-1,-1,-1
30207,-1,-1,-1
30209,-1,-1,-1
30211,-1,-1,-1
30213,-1,-1,-1
30215,-1,-1,-1
30217,-1,-1,-1
30219,-1,-1,-1
30221,-1,-1,-1
30223,-1,-1,-1
30225,-1,-1,-1
30227,-1,-1,-1
30229,-1,-1,-1
30231,-1,-1,-1
30233,-1,-1,-1
30235,-1,-1,-1
30237,-1,-1,-1
30239,-1,-1,-1
30241,-1,-1,-1
30243,-1,-1,-1
30245,-1,-1,-1
30247,-1,-1,-1
30249,-1,-1,-1
30251,-1,-1,-1
30253,-1,-1,-1
30255,-1,-1,-1
30257,-1,-1,-1
30259,-1,-1,-1
30261,-1,-1,-1
30263,-1,-1,-1
30265,-1,-1,-1
30267,-1,-1,-1
30269,-1,-1,-1
30271,-1,-1,-1
30273,-1,-1,-1
30275,-1,-1,-1
30277,-1,-1,-1
30279,-1,-1,-1
30281,-1,-1,-1
30283,-1,-1,-1
30285,-1,-1,-1
30287,-1,-1,-1
30289,-1,-1,-1
30291,-1,-1,-1
30293,-1,-1,-1
30295,-1,-1,-1
30297,-1,-1,-1
30299,-1,-1,-1
30301,-1,-1,-1
30303,-1,-1,-1
30305,-1,-1,-1
30307,-1,-1,-1
30309,-1,-1,-1
30311,-1,-1,-1
30313,-1,-1,-1
30315,-1,-1,-1
30317,-1,-1,-1
30319,-1,-1,-1
30321,-1,-1,-1
30323,-1,-1,-1
30325,-1,-1,-1
30327,-1,-1,-1
30329,-1,-1,-1
30331,-1,-1,-1
30333,-1,-1,-1
30335,-1,-1,-1
30337,-1,-1,-1
30339,-1,-1,-1
30341,-1,-1,-1
30343,-1,-1,-1
30345,-1,-1,-1
30347,-1,-1,-1
30349,-1,-1,-1
30351,-1,-1,-1
30353,-1,-1,-1
30355,-1,-1,-1
30357,-1,-1,-1
30359,-1,-1,-1
30361,-1,-1,-1
30363,-1,-1,-1
30365,-1,-1,-1
30367,-1,-1,-1
30369,-1,-1,-1
30371,-1,-1,-1
30373,-1,-1,-1
30375,-1,-1,-1
30377,-1,-1,-1
30379,-1,-1,-1
30381,-1,-1,-1
30383,-1,-1,-1
30385,-1,-1,-1
30387,-1,-1,-1
30389,-1,-1,-1
30391,-1,-1,-1
30393,-1,-1,-1
30395,-1,-1,-1
30397,-1,-1,-1
30399,-1,-1,-1
30401,-1,-1,-1
30403,-1,-1,-1
30405,-1,-1,-1
30407,-1,-1,-1
30409,-1,-1,-1
30411,-1,-1,-1
30413,-1,-1,-1
30415,-1,-1,-1
30417,-1,-1,-1
30419,-1,-1,-1
30421,-1,-1,-1
30423,-1,-1,-1
30425,-1,-1,-1
30427,-1,-1,-1
30429,-1,-1,-1
30431,-1,-1,-1
30433,-1,-1,-1
30435,-1,-1,-1
30437,-1,-1,-1
30439,-1,-1,-1
30441,-1,-1,-1
30443,-1,-1,-1
30445,-1,-1,-1
30447,-1,-1,-1
30449,-1,-1,-1
30451,-1,-1,-1
30453,-1,-1,-1
30455,-1,-1,-1
30457,-1,-1,-1
30459,-1,-1,-1
30461,-1,-1,-1
30463,-1,-1,-1
30465,-1,-1,-1
30467,-1,-1,-1
30469,-1,-1,-1
30471,-1,-1,-1
30473,-1,-1,-1
30475,-1,-1,-1
30477,-1,-1,-1
30479,-1,-1,-1
30481,-1,-1,-1
30483,-1,-1,-1
30485,-1,-1,-1
30487,-1,-1,-1
30489,-1,-1,-1
30491,-1,-1,-1
30493,-1,-1,-1
30495,-1,-1,-1
30497,-1,-1,-1
30499,-1,-1,-1
30501,-1,-1,-1
30503,-1,-1,-1
30505,-1,-1,-1
30507,-1,-1,-1
30509,-1,-1,-1
30511,-1,-1,-1
30513,-1,-1,-1
30515,-1,-1,-1
30517,-1,-1,-1
30519,-1,-1,-1
30521,-1,-1,-1
30523,-1,-1,-1
30525,-1,-1,-1
30527,-1,-1,-1
30529,-1,-1,-1
30531,-1,-1,-1
30533,-1,-1,-1
30535,-1,-1,-1
30537,-1,-1,-1
30539,-1,-1,-1
30541,-1,-1,-1
30543,-1,-1,-1
30545,-1,-1,-1
30547,-1,-1,-1
30549,-1,-1,-1
30551,-1,-1,-1
30553,-1,-1,-1
30555,-1,-1,-1
30557,-1,-1,-1
30559,-1,-1,-1
30561,-1,-1,-1
30563,-1,-1,-1
30565,-1,-1,-1
30567,-1,-1,-1
30569,-1,-1,-1
30571,-1,-1,-1
30573,-1,-1,-1
30575,-1,-1,-1
30577,-1,-1,-1
30579,-1,-1,-1
30581,-1,-1,-1
30583,-1,-1,-1
30585,-1,-1,-1
30587,-1,-1,-1
30589,-1,-1,-1
30591,-1,-1,-1
30593,-1,-1,-1
30595,-1,-1,-1
30597,-1,-1,-1
30599,-1,-1,-1
30601,-1,-1,-1
30603,-1,-1,-1
30605,-1,-1,-1
30607,-1,-1,-1
30609,-1,-1,-1
30611,-1,-1,-1
30613,-1,-1,-1
30615,-1,-1,-1
30617,-1,-1,-1
30619,-1,-1,-1
30621,-1,-1,-1
30623,-1,-1,-1
30625,-1,-1,-1
30627,-1,-1,-1
30629,-1,-1,-1
30631,-1,-1,-1
30633,-1,-1,-1
30635,-1,-1,-1
30637,-1,-1,-1
30639,-1,-1,-1
30641,-1,-1,-1
30643,-1,-1,-1
30645,-1,-1,-1
30647,-1,-1,-1
30649,-1,-1,-1
30651,-1,-1,-1
30653,-1,-1,-1
30655,-1,-1,-1
30657,-1,-1,-1
30659,-1,-1,-1
30661,-1,-1,-1
30663,-1,-1,-1
30665,-1,-1,-1
30667,-1,-1,-1
30669,-1,-1,-1
30671,-1,-1,-1
30673,-1,-1,-1
30675,-1,-1,-1
30677,-1,-1,-1
30679,-1,-1,-1
30681,-1,-1,-1
30683,-1,-1,-1
30685,-1,-1,-1
30687,-1,-1,-1
30689,-1,-1,-1
30691,-1,-1,-1
30693,-1,-1,-1
30695,-1,-1,-1
30697,-1,-1,-1
30699,-1,-1,-1
30701,-1,-1,-1
30703,-1,-1,-1
30705,-1,-1,-1
30707,-1,-1,-1
30709,-1,-1,-1
30711,-1,-1,-1
30713,-1,-1,-1
30715,-1,-1,-1
30717,-1,-1,-1
30719,-1,-1,-1
30721,-1,-1,-1
30723,-1,-1,-1
30725,-1,-1,-1
30727,-1,-1,-1
30729,-1,-1,-1
30731,-1,-1,-1
30733,-1,-1,-1
30735,-1,-1,-1
30737,-1,-1,-1
30739,-1,-1,-1
30741,-1,-1,-1
30743,-1,-1,-1
30745,-1,-1,-1
30747,-1,-1,-1
30749,-1,-1,-1
30751,-1,-1,-1
30753,-1,-1,-1
30755,-1,-1,-1
30757,-1,-1,-1
30759,-1,-1,-1
30761,-1,-1,-1
30763,-1,-1,-1
30765,-1,-1,-1
30767,-1,-1,-1
30769,-1,-1,-1
30771,-1,-1,-1
30773,-1,-1,-1
30775,-1,-1,-1
30777,-1,-1,-1
30779,-1,-1,-1
30781,-1,-1,-1
30783,-1,-1,-1
30785,-1,-1,-1
30787,-1,-1,-1
30789,-1,-1,-1
30791,-1,-1,-1
30793,-1,-1,-1
30795,-1,-1,-1
30797,-1,-1,-1
30799,-1,-1,-1
30801,-1,-1,-1
30803,-1,-1,-1
30805,-1,-1,-1
30807,-1,-1,-1
30809,-1,-1,-1
30811,-1,-1,-1
30813,-1,-1,-1
30815,-1,-1,-1
30817,-1,-1,-1
30819,-1,-1,-1
30821,-1,-1,-1
30823,-1,-1,-1
30825,-1,-1,-1
30827,-1,-1,-1
30829,-1,-1,-1
30831,-1,-1,-1
30833,-1,-1,-1
30835,-1,-1,-1
30837,-1,-1,-1
30839,-1,-1,-1
30841,-1,-1,-1
30843,-1,-1,-1
30845,-1,-1,-1
30847,-1,-1,-1
30849,-1,-1,-1
30851,-1,-1,-1
30853,-1,-1,-1
30855,-1,-1,-1
30857,-1,-1,-1
30859,-1,-1,-1
30861,-1,-1,-1
30863,-1,-1,-1
30865,-1,-1,-1
30867,-1,-1,-1
30869,-1,-1,-1
30871,-1,-1,-1
30873,-1,-1,-1
30875,-1,-1,-1
30877,-1,-1,-1
30879,-1,-1,-1
30881,-1,-1,-1
30883,-1,-1,-1
30885,-1,-1,-1
30887,-1,-1,-1
30889,-1,-1,-1
30891,-1,-1,-1
30893,-1,-1,-1
30895,-1,-1,-1
30897,-1,-1,-1
30899,-1,-1,-1
30901,-1,-1,-1
30903,-1,-1,-1
30905,-1,-1,-1
30907,-1,-1,-1
30909,-1,-1,-1
30911,-1,-1,-1
30913,-1,-1,-1
30915,-1,-1,-1
30917,-1,-1,-1
30919,-1,-1,-1
30921,-1,-1,-1
30923,-1,-1,-1
30925,-1,-1,-1
30927,-1,-1,-1
30929,-1,-1,-1
30931,-1,-1,-1
30933,-1,-1,-1
30935,-1,-1,-1
30937,-1,-1,-1
30939,-1,-1,-1
30941,-1,-1,-1
30943,-1,-1,-1
30945,-1,-1,-1
30947,-1,-1,-1
30949,-1,-1,-1
30951,-1,-1,-1
30953,-1,-1,-1
30955,-1,-1,-1
30957,-1,-1,-1
30959,-1,-1,-1
30961,-1,-1,-1
30963,-1,-1,-1
30965,-1,-1,-1
30967,-1,-1,-1
30969,-1,-1,-1
30971,-1,-1,-1
30973,-1,-1,-1
30975,-1,-1,-1
30977,-1,-1,-1
30979,-1,-1,-1
30981,-1,-1,-1
30983,-1,-1,-1
30985,-1,-1,-1
30987,-1,-1,-1
30989,-1,-1,-1
30991,-1,-1,-1
30993,-1,-1,-1
30995,-1,-1,-1
30997,-1,-1,-1
30999,-1,-1,-1
31001,-1,-1,-1
31003,-1,-1,-1
31005,-1,-1,-1
31007,-1,-1,-1
31009,-1,-1,-1
31011,-1,-1,-1
31013,-1,-1,-1
31015,-1,-1,-1
31017,-1,-1,-1
31019,-1,-1,-1
31021,-1,-1,-1
33715,-1,-1,-1
33717,-1,-1,-1
33719,-1,-1,-1
33721,-1,-1,-1
33723,-1,-1,-1
33725,-1,-1,-1
33727,-1,-1,-1
33729,-1,-1,-1
33731,-1,-1,-1
33733,-1,-1,-1
33735,-1,-1,-1
33737,-1,-1,-1
33739,-1,-1,-1
33741,-1,-1,-1
33743,-1,-1,-1
33745,-1,-1,-1
33747,-1,-1,-1
33749,-1,-1,-1
33751,-1,-1,-1
33753,-1,-1,-1
33755,-1,-1,-1
33757,-1,-1,-1
33759,-1,-1,-1
33761,-1,-1,-1
33763,-1,-1,-1
33765,-1,-1,-1
33767,-1,-1,-1
33769,-1,-1,-1
33773,-1,-1,-1
33775,-1,-1,-1
33777,-1,-1,-1
33779,-1,-1,-1
33793,-1,-1,-1
33795,-1,-1,-1
33797,-1,-1,-1
33799,-1,-1,-1
33801,-1,-1,-1
33803,-1,-1,-1
33805,-1,-1,-1
33807,-1,-1,-1
33809,-1,-1,-1
33811,-1,-1,-1
33813,-1,-1,-1
33907,-1,-1,-1
33909,-1,-1,-1
33979,-1,-1,-1
33981,-1,-1,-1
33983,-1,-1,-1
33985,-1,-1,-1
33987,-1,-1,-1
33989,-1,-1,-1
33991,-1,-1,-1
33993,-1,-1,-1
33995,-1,-1,-1
33997,-1,-1,-1
33999,-1,-1,-1
34001,-1,-1,-1
34003,-1,-1,-1
34005,-1,-1,-1
34007,-1,-1,-1
34009,-1,-1,-1
34011,-1,-1,-1
34013,-1,-1,-1
34015,-1,-1,-1
34017,-1,-1,-1
34019,-1,-1,-1
34021,-1,-1,-1
34023,-1,-1,-1
34025,-1,-1,-1
34027,-1,-1,-1
34029,-1,-1,-1
34031,-1,-1,-1
34033,-1,-1,-1
34035,-1,-1,-1
34037,-1,-1,-1
34039,-1,-1,-1
34041,-1,-1,-1
34043,-1,-1,-1
34045,-1,-1,-1
34047,-1,-1,-1
34049,-1,-1,-1
34051,-1,-1,-1
34053,-1,-1,-1
34055,-1,-1,-1
34057,-1,-1,-1
34059,-1,-1,-1
34061,-1,-1,-1
34063,-1,-1,-1
34065,-1,-1,-1
34067,-1,-1,-1
34069,-1,-1,-1
34071,-1,-1,-1
34073,-1,-1,-1
34075,-1,-1,-1
34077,-1,-1,-1
34079,-1,-1,-1
34081,-1,-1,-1
34083,-1,-1,-1
34085,-1,-1,-1
34087,-1,-1,-1
34089,-1,-1,-1
34091,-1,-1,-1
34093,-1,-1,-1
34095,-1,-1,-1
34097,-1,-1,-1
34099,-1,-1,-1
34101,-1,-1,-1
34103,-1,-1,-1
34105,-1,-1,-1
34107,-1,-1,-1
34109,-1,-1,-1
34111,-1,-1,-1
34113,-1,-1,-1
34115,-1,-1,-1
34117,-1,-1,-1
34119,-1,-1,-1
34121,-1,-1,-1
34123,-1,-1,-1
34125,-1,-1,-1
34127,-1,-1,-1
34129,-1,-1,-1
34131,-1,-1,-1
34133,-1,-1,-1
34135,-1,-1,-1
34137,-1,-1,-1
34139,-1,-1,-1
34141,-1,-1,-1
34143,-1,-1,-1
34145,-1,-1,-1
34147,-1,-1,-1
34149,-1,-1,-1
34151,-1,-1,-1
34153,-1,-1,-1
34155,-1,-1,-1
34157,-1,-1,-1
34159,-1,-1,-1
34161,-1,-1,-1
34163,-1,-1,-1
34165,-1,-1,-1
34167,-1,-1,-1
34169,-1,-1,-1
34171,-1,-1,-1
34173,-1,-1,-1
34175,-1,-1,-1
34177,-1,-1,-1
34179,-1,-1,-1
34181,-1,-1,-1
34183,-1,-1,-1
34185,-1,-1,-1
34187,-1,-1,-1
34189,-1,-1,-1
34191,-1,-1,-1
34193,-1,-1,-1
34195,-1,-1,-1
34197,-1,-1,-1
34199,-1,-1,-1
34201,-1,-1,-1
34203,-1,-1,-1
34205,-1,-1,-1
34207,-1,-1,-1
34209,-1,-1,-1
34211,-1,-1,-1
34213,-1,-1,-1
34215,-1,-1,-1
34217,-1,-1,-1
34219,-1,-1,-1
34221,-1,-1,-1
34223,-1,-1,-1
34225,-1,-1,-1
34227,-1,-1,-1
34229,-1,-1,-1
34231,-1,-1,-1
34233,-1,-1,-1
34235,-1,-1,-1
34237,-1,-1,-1
34239,-1,-1,-1
34241,-1,-1,-1
34243,-1,-1,-1
34245,-1,-1,-1
34247,-1,-1,-1
34249,-1,-1,-1
34251,-1,-1,-1
34253,-1,-1,-1
34255,-1,-1,-1
34257,-1,-1,-1
34259,-1,-1,-1
34261,-1,-1,-1
34263,-1,-1,-1
34265,-1,-1,-1
34267,-1,-1,-1
34269,-1,-1,-1
34271,-1,-1,-1
34273,-1,-1,-1
34275,-1,-1,-1
34277,-1,-1,-1
34279,-1,-1,-1
34281,-1,-1,-1
34283,-1,-1,-1
34285,-1,-1,-1
34287,-1,-1,-1
34289,-1,-1,-1
34291,-1,-1,-1
34293,-1,-1,-1
34295,-1,-1,-1
34297,-1,-1,-1
34299,-1,-1,-1
34301,-1,-1,-1
34303,-1,-1,-1
34305,-1,-1,-1
34307,-1,-1,-1
34309,-1,-1,-1
34311,-1,-1,-1
34313,-1,-1,-1
34315,-1,-1,-1
34317,-1,-1,-1
34319,-1,-1,-1
34321,-1,-1,-1
34323,-1,-1,-1
34325,-1,-1,-1
34327,-1,-1,-1
34329,-1,-1,-1
34331,-1,-1,-1
34333,-1,-1,-1
34335,-1,-1,-1
34337,-1,-1,-1
34339,-1,-1,-1
34341,-1,-1,-1
34343,-1,-1,-1
34345,-1,-1,-1
34347,-1,-1,-1
34349,-1,-1,-1
34351,-1,-1,-1
34353,-1,-1,-1
34355,-1,-1,-1
34357,-1,-1,-1
34359,-1,-1,-1
34361,-1,-1,-1
34807,-1,-1,-1
34809,-1,-1,-1
34811,-1,-1,-1
34813,-1,-1,-1
34815,-1,-1,-1
34817,-1,-1,-1
34819,-1,-1,-1
34821,-1,-1,-1
34823,-1,-1,-1
34825,-1,-1,-1
34827,-1,-1,-1
34829,-1,-1,-1
34831,-1,-1,-1
34833,-1,-1,-1
34835,-1,-1,-1
34837,-1,-1,-1
34839,-1,-1,-1
34841,-1,-1,-1
34843,-1,-1,-1
34845,-1,-1,-1
34847,-1,-1,-1
34849,-1,-1,-1
34851,-1,-1,-1
34853,-1,-1,-1
34855,-1,-1,-1
34857,-1,-1,-1
34977,-1,-1,-1
34979,-1,-1,-1
34981,-1,-1,-1
34983,-1,-1,-1
34985,-1,-1,-1
34987,-1,-1,-1
34989,-1,-1,-1
34991,-1,-1,-1
34993,-1,-1,-1
34995,-1,-1,-1
34997,-1,-1,-1
34999,-1,-1,-1
35001,-1,-1,-1
35003,-1,-1,-1
35005,-1,-1,-1
35007,-1,-1,-1
35009,-1,-1,-1
35011,-1,-1,-1
35013,-1,-1,-1
35015,-1,-1,-1
35017,-1,-1,-1
35019,-1,-1,-1
35021,-1,-1,-1
