JPGNumber,Race 0 Bubble 0,Race 0 Bubble 1,Race 0 Bubble 2,Race 0 Bubble 3,Race 0 Bubble 4,Race 0 Bubble 5,Race 0 Bubble 6
1245,1,1,1,0,0,0,0
1247,1,1,1,0,0,0,0
1249,1,1,0,1,0,0,0
1251,1,1,0,1,0,0,0
1253,1,1,1,0,0,0,0
1255,0,1,1,0,0,0,0
1257,1,0,1,1,0,0,0
1259,0,1,1,0,0,0,0
1261,1,1,1,0,0,0,0
1263,1,1,0,1,0,0,0
1265,1,0,0,1,0,0,0
1267,1,1,0,1,0,0,0
1269,1,1,0,1,0,0,0
1271,1,1,0,1,0,0,0
1273,1,1,0,1,0,0,0
1275,1,0,0,1,0,0,0
1277,0,1,1,1,0,0,0
1279,0,1,1,1,0,0,0
1281,0,0,0,1,0,0,0
1283,1,1,1,0,0,0,0
1285,1,1,1,0,0,0,0
1287,1,1,1,0,0,0,0
1289,0,1,0,0,0,0,0
1291,1,1,0,1,0,0,0
1293,1,1,0,1,0,0,0
1295,1,1,1,0,0,0,0
1297,1,6,1,0,0,0,0
1299,4,4,4,0,0,0,0
1301,1,1,1,0,0,0,0
1303,0,4,4,4,0,0,0
1305,5,5,0,5,0,0,0
1307,1,1,1,0,0,0,0
1309,1,1,0,1,0,0,0
1311,1,1,1,0,0,0,0
1313,1,1,0,1,0,0,0
1315,1,1,0,1,0,0,0
1317,0,0,0,1,0,0,0
1319,0,1,0,0,0,0,0
1321,1,1,5,0,0,0,0
1323,1,1,0,1,0,0,0
1325,1,1,0,1,0,0,0
1327,1,5,1,0,0,0,0
1691,1,0,1,1,0,0,0
1693,1,0,1,1,0,0,0
1695,1,1,1,0,0,0,0
1697,1,1,1,0,0,0,0
1699,1,1,1,0,0,0,0
1701,0,0,1,1,0,0,0
1703,1,1,1,0,0,0,0
1705,1,1,1,0,0,0,0
1707,1,1,1,0,0,0,0
1709,1,1,0,1,0,0,0
1711,1,1,0,1,0,0,0
1713,1,1,0,1,0,0,0
1715,1,0,0,0,0,0,0
1717,1,1,1,0,0,0,0
1719,0,0,1,1,0,0,0
1721,1,1,1,0,0,0,0
1723,1,1,1,0,0,0,0
1725,0,1,1,1,0,0,0
1727,0,1,1,1,0,0,0
1729,1,1,0,1,0,0,0
1731,1,1,0,1,0,0,0
1733,1,1,1,0,0,0,0
1735,0,1,1,1,0,0,0
1737,1,1,1,0,0,0,0
1739,0,0,1,1,0,0,0
1741,1,1,1,0,0,0,0
1743,1,4,0,1,0,0,0
1745,1,1,1,0,0,0,0
1747,1,1,1,0,0,0,0
1749,1,1,0,1,0,0,0
1751,1,1,0,1,0,0,0
2061,1,1,0,1,0,0,0
2063,1,1,1,0,0,0,0
2065,4,4,0,4,0,0,0
2067,0,1,1,1,0,0,0
2069,1,1,0,1,0,0,0
2071,1,1,0,1,0,0,0
2073,0,0,0,1,0,0,0
2075,0,0,0,1,0,0,0
2077,1,0,1,1,0,0,0
2079,1,0,1,1,0,0,0
2081,0,0,0,0,1,1,1
2083,1,1,1,0,0,0,0
2085,0,1,1,1,0,0,0
2087,1,1,0,1,0,0,0
2089,1,1,0,1,0,0,0
2091,1,1,0,1,0,0,0
2093,1,1,1,0,0,0,0
2095,1,1,0,1,0,0,0
2097,1,0,0,0,0,0,0
2099,4,0,4,0,0,0,0
2101,1,1,1,0,0,0,0
2103,1,1,1,0,0,0,0
2105,1,0,1,1,0,0,0
2107,1,1,0,1,0,0,0
2109,0,0,0,1,0,0,0
2111,1,1,1,0,0,0,0
2113,1,1,1,0,0,0,0
2115,1,0,1,1,0,0,0
2117,1,0,1,1,0,0,0
2119,0,0,0,0,0,0,0
2121,1,1,0,1,0,0,0
2123,1,0,0,0,0,0,0
2125,1,1,0,1,0,0,0
2127,1,1,0,1,0,0,0
2129,4,0,4,4,0,0,0
2131,0,1,1,1,0,0,0
2133,0,1,1,1,0,0,0
2135,0,0,0,0,0,0,0
2137,1,1,1,0,0,0,0
2139,1,1,1,0,0,0,0
2141,0,0,0,1,0,0,0
2143,0,0,0,1,0,0,0
2145,0,0,0,1,0,0,0
2147,0,1,1,1,0,0,0
2149,0,1,1,1,0,0,0
2151,0,1,1,1,0,0,0
2153,0,0,0,1,0,0,0
2155,0,0,0,0,0,0,0
2157,0,0,0,0,0,0,0
2159,1,1,1,0,0,0,0
2161,0,0,0,2,0,0,0
2163,1,1,0,0,0,0,0
2165,1,1,0,0,0,0,0
2167,4,4,0,4,0,0,0
2169,1,1,1,0,0,0,0
2171,4,4,4,0,0,0,0
2173,1,1,1,0,0,0,0
2175,1,1,0,0,0,0,0
2177,1,0,0,0,0,0,0
2179,4,4,0,4,0,0,0
2181,0,0,0,0,0,0,0
2183,1,0,1,1,0,0,0
2185,1,0,1,1,0,0,0
2187,1,0,0,0,0,0,0
2189,1,1,1,0,0,0,0
2191,1,1,1,0,0,0,0
2193,1,1,1,0,0,0,0
2195,0,0,0,1,0,0,0
2197,0,0,0,1,0,0,0
2199,0,0,0,6,0,0,0
2201,0,0,0,1,0,0,0
2203,0,0,0,1,0,0,0
2205,1,1,0,1,0,0,0
2207,1,1,0,1,0,0,0
2209,0,0,0,1,0,0,0
2211,1,1,0,1,0,0,0
2213,1,1,1,0,0,0,0
2215,1,1,1,0,0,0,0
2217,1,1,0,1,0,0,0
2219,1,1,0,1,0,0,0
2221,1,1,0,1,0,0,0
2223,1,1,1,0,0,0,0
2225,2,0,2,2,0,0,0
2227,1,1,1,0,0,0,0
2229,1,1,1,0,0,0,0
2231,0,1,0,0,0,0,0
2233,0,0,0,1,0,0,0
2235,0,0,0,0,0,0,0
2237,1,0,1,1,0,0,0
2239,0,0,0,1,0,0,0
2241,1,1,0,1,0,0,0
2243,1,0,0,1,0,0,0
2245,0,1,1,1,0,0,0
2247,0,1,1,1,0,0,0
2249,1,1,1,0,0,0,0
2251,0,1,0,0,0,0,0
2253,0,1,0,0,0,0,0
2255,0,1,0,0,0,0,0
2257,1,0,1,1,0,0,0
2259,4,4,0,4,0,0,0
2261,1,1,0,1,0,0,0
2263,1,1,0,1,0,0,0
2265,1,1,0,0,0,0,0
2267,1,0,1,1,0,0,0
2269,1,1,1,0,0,0,0
2271,1,0,1,1,0,0,0
2917,1,1,0,0,0,0,0
2919,1,1,0,0,0,0,0
2921,0,1,0,0,0,0,0
2923,1,1,1,0,0,0,0
2925,1,1,1,0,0,0,0
2927,1,1,0,1,0,0,0
2929,1,0,0,1,0,0,0
2931,1,1,0,1,0,0,0
2933,8,8,0,0,0,0,0
2935,1,1,1,0,0,0,0
2937,0,1,0,0,0,0,0
2939,5,5,1,0,0,0,0
2941,1,1,1,0,0,0,0
2943,1,1,1,0,0,0,0
2945,4,4,4,0,0,0,0
2947,1,1,1,0,0,0,0
2949,1,1,1,0,0,0,0
2951,1,1,0,1,0,0,0
2953,1,0,1,1,0,0,0
2955,0,1,1,1,0,0,0
2957,0,1,1,1,0,0,0
2959,1,1,0,1,0,0,0
2961,1,1,1,0,0,0,0
2963,1,1,1,0,0,0,0
2965,0,1,1,1,0,0,0
2967,1,1,1,0,0,0,0
2969,1,1,1,1,0,0,0
2971,1,0,1,1,0,0,0
2973,7,7,7,7,7,7,7
2975,7,7,7,7,7,7,7
2977,7,7,7,7,7,7,7
2979,0,0,0,1,0,0,0
2981,1,1,1,0,0,0,0
2983,1,1,1,0,0,0,0
2985,1,1,1,0,0,0,0
2987,0,1,1,1,0,0,0
2989,1,1,1,0,0,0,0
2991,1,1,1,0,0,0,0
2993,1,1,1,0,0,0,0
2995,4,4,0,4,0,0,0
2997,1,1,0,1,0,0,0
2999,1,1,1,0,0,0,0
3001,0,0,0,1,0,0,0
3003,1,1,0,1,0,0,0
3005,1,1,0,1,0,0,0
3007,1,1,0,1,0,0,0
3009,1,1,0,1,0,0,0
3011,0,0,0,1,0,0,0
3013,0,1,0,1,0,0,0
3015,1,1,0,1,0,0,0
3017,1,1,0,1,0,0,0
3019,1,1,0,1,0,0,0
3021,1,1,0,4,0,0,0
3023,1,1,0,0,0,0,0
3025,1,1,0,0,0,0,0
3027,0,1,0,1,1,0,0
3029,0,0,1,0,0,0,0
3031,1,0,0,0,0,0,0
3033,0,1,0,0,0,0,0
3035,0,0,1,0,0,0,0
3037,1,1,0,1,0,0,0
3039,2,0,2,2,0,0,0
3041,1,1,1,0,0,0,0
3043,1,1,1,0,0,0,0
3045,0,0,0,1,0,0,0
3047,0,0,0,1,0,0,0
3049,0,0,0,0,0,0,0
3051,0,1,0,0,0,0,0
3053,0,1,0,0,0,0,0
3055,1,1,0,1,0,0,0
3057,0,1,0,0,0,0,0
3059,0,1,0,0,0,0,0
3061,1,1,1,0,0,0,0
3063,1,1,1,0,0,0,0
3065,0,1,1,1,0,0,0
3067,0,0,0,0,0,0,0
3069,0,0,0,1,0,0,0
3071,4,4,0,4,0,0,0
3073,0,0,0,0,0,0,0
3075,0,0,0,1,0,0,0
3077,1,1,1,0,0,0,0
3079,1,1,1,0,0,0,0
3081,0,0,1,0,0,0,0
3083,1,0,0,0,0,0,0
3085,1,1,1,0,0,0,0
3087,1,0,1,1,0,0,0
3089,1,0,1,0,0,0,0
3091,1,1,0,1,0,0,0
3093,0,1,0,0,0,0,0
3095,0,0,4,0,0,0,0
3097,0,0,1,0,0,0,0
3099,1,1,0,1,0,0,0
3101,1,1,1,0,0,0,0
3103,0,1,0,0,0,0,0
3105,0,1,0,0,0,0,0
3107,0,0,0,0,0,0,0
3109,0,1,0,0,0,0,0
3111,1,1,0,1,0,0,0
3113,1,1,0,1,0,0,0
3115,1,1,0,1,0,0,0
3117,1,1,0,1,0,0,0
3119,0,0,0,1,0,0,0
3121,1,1,0,1,0,0,0
4350,1,0,0,1,1,0,0
4352,1,0,0,1,0,0,0
4354,0,6,1,1,0,0,0
4356,0,0,0,0,0,0,0
4357,0,0,0,1,0,0,0
4359,4,4,0,4,0,0,0
4361,1,1,0,1,0,0,0
4363,1,1,1,0,0,0,0
4365,0,1,1,1,0,0,0
4367,1,1,1,0,0,0,0
4369,1,1,1,0,0,0,0
4371,1,1,1,0,0,0,0
4373,1,1,0,1,0,0,0
4375,1,1,0,1,0,0,0
4377,1,1,1,0,0,0,0
4379,1,1,1,0,0,0,0
4381,1,1,0,1,0,0,0
4383,0,0,0,1,0,0,0
4385,1,1,1,0,0,0,0
4387,1,1,1,0,0,0,0
4389,0,0,0,1,0,0,0
4391,1,1,0,1,0,0,0
4393,0,0,1,1,0,0,0
4395,0,1,0,0,0,0,0
4397,1,0,0,1,0,0,0
4399,4,0,4,4,0,0,0
4401,1,1,1,0,0,0,0
4403,1,1,1,0,0,0,0
4405,1,1,1,0,0,0,0
4407,1,1,1,0,0,0,0
4409,1,1,1,0,0,0,0
4411,1,1,1,0,0,0,0
4413,1,1,1,0,0,0,0
4415,4,4,4,0,0,0,0
4417,0,1,0,0,0,0,0
4419,1,1,0,1,0,0,0
4421,0,0,0,1,0,0,0
4423,1,1,0,1,0,0,0
4425,1,1,0,1,0,0,0
4427,0,0,0,4,0,0,0
4429,0,1,1,1,0,0,0
4431,1,1,1,0,0,0,0
4433,0,0,0,0,0,0,0
4435,0,0,0,1,0,0,0
4437,0,0,0,1,0,0,0
4439,1,1,0,1,0,0,0
4441,1,1,1,0,0,0,0
4443,0,0,0,0,0,0,0
4445,1,0,1,1,0,0,0
4447,1,0,1,1,0,0,0
4449,1,1,1,0,0,0,0
4451,1,1,0,1,0,0,0
4573,1,1,1,0,0,0,0
4575,1,1,1,0,0,0,0
4577,1,1,0,1,0,0,0
4579,1,0,1,1,0,0,0
4581,1,1,1,0,0,0,0
4583,1,1,0,1,0,0,0
4585,1,1,1,0,0,0,0
4587,1,1,1,0,0,0,0
4589,1,1,1,0,0,0,0
4591,1,0,0,0,0,0,0
4593,1,0,0,1,0,0,0
4595,0,0,0,1,0,0,0
4597,5,1,0,5,0,0,0
4599,1,1,1,0,0,0,0
4601,1,0,1,1,0,0,0
4603,0,0,1,0,0,0,0
4605,1,1,1,0,0,0,0
4607,0,0,0,1,0,0,0
4609,1,1,0,1,0,0,0
4611,1,1,0,1,0,0,0
4613,1,1,1,0,0,0,0
5099,1,0,1,1,0,0,0
5101,0,2,0,2,0,0,0
5103,1,0,0,0,0,0,0
5105,6,1,1,0,0,0,0
5107,1,1,1,0,0,0,0
5109,1,0,0,0,0,0,0
5111,0,1,0,0,0,0,0
5113,0,1,0,0,0,0,0
5115,0,1,0,0,0,0,0
5117,1,1,1,0,0,0,0
5119,1,1,1,0,0,0,0
5121,1,0,0,1,0,0,0
5123,1,1,1,0,0,0,0
5125,1,1,1,0,0,0,0
5127,1,1,1,0,0,0,0
5129,0,1,1,0,0,0,0
5131,1,0,1,1,0,0,0
5133,1,1,0,1,0,0,0
5135,1,1,0,1,0,0,0
5137,0,0,0,1,0,0,0
5139,1,0,0,0,0,0,0
5141,0,1,1,1,0,0,0
5143,1,1,0,0,0,0,0
5145,0,1,0,0,0,0,0
5147,1,1,1,0,0,0,0
5149,1,0,0,0,0,0,0
5151,0,1,1,1,0,0,0
5153,0,1,0,0,0,0,0
5155,1,0,1,1,0,0,0
5157,0,6,0,6,0,0,0
5159,1,0,1,1,0,0,0
5161,1,0,1,1,0,0,0
5163,1,0,1,1,0,0,0
5165,1,1,0,1,0,0,0
5167,1,1,1,0,0,0,0
5169,1,1,1,0,0,0,0
5171,0,1,1,1,0,0,0
5173,0,1,1,1,0,0,0
5175,1,0,0,0,0,0,0
5177,1,0,0,0,0,0,0
5179,1,1,0,1,0,0,0
5181,0,1,1,1,0,0,0
5183,0,0,0,1,0,0,0
5185,1,1,1,0,0,0,0
5187,0,0,0,2,0,0,0
5189,1,1,1,0,0,0,0
5191,0,0,1,0,0,0,0
5193,1,1,0,1,0,0,0
5195,0,0,0,1,0,0,0
5197,1,1,0,1,0,0,0
5199,1,1,1,0,0,0,0
5201,1,1,0,1,0,0,0
5203,1,1,0,1,0,0,0
5205,1,1,0,1,0,0,0
5207,0,1,1,1,0,0,0
5209,0,0,0,1,0,0,0
5211,1,1,1,0,0,0,0
5213,0,0,0,2,0,0,0
5215,1,1,0,1,0,0,0
5217,1,0,0,0,0,0,0
5219,1,0,1,1,0,0,0
5221,1,0,1,1,0,0,0
5223,1,1,1,0,0,0,0
5225,1,1,1,0,0,0,0
5227,0,1,0,0,0,0,0
5229,1,1,0,0,0,0,0
5231,1,1,0,1,0,0,0
5233,0,0,0,0,0,0,0
5235,0,0,0,1,0,0,0
5237,1,1,0,1,0,0,0
5239,0,5,5,5,0,0,0
5241,1,1,0,1,0,0,0
5243,4,4,0,4,0,0,0
5245,0,0,0,0,0,0,0
5247,0,1,5,1,0,0,0
5249,0,1,1,1,0,0,0
5251,1,0,0,0,0,0,0
5253,0,0,0,1,0,0,0
5429,1,0,1,1,0,0,0
5431,0,0,0,1,0,0,0
5433,1,1,0,1,0,0,0
5435,0,1,1,1,0,0,0
5515,2,2,0,2,0,0,0
5517,1,0,1,1,0,0,0
5519,0,1,1,1,0,0,0
5521,1,1,1,0,0,0,0
5523,1,1,1,0,0,0,0
5525,4,0,0,0,0,0,0
5527,1,1,0,1,0,0,0
5529,1,0,0,0,0,0,0
5531,1,1,1,0,0,0,0
5533,1,1,0,1,0,0,0
5951,1,1,1,0,0,0,0
5953,1,0,1,1,0,0,0
5955,1,0,1,1,0,0,0
5957,1,0,1,1,0,0,0
5959,1,1,1,0,0,0,0
5961,1,1,0,1,0,0,0
5963,4,4,0,4,0,0,0
5965,0,0,1,0,0,0,0
5967,1,0,0,0,0,0,0
5969,4,0,0,0,0,0,0
5971,1,0,0,0,0,0,0
5973,0,0,1,1,0,0,0
5975,1,0,0,0,0,0,0
5977,0,1,0,1,0,0,0
5979,1,1,1,0,0,0,0
5983,2,2,0,2,0,0,0
5985,2,2,2,0,0,0,0
5987,0,0,0,0,0,0,0
5989,0,0,0,0,0,0,0
5991,0,0,0,1,0,0,0
5993,0,0,1,0,0,0,0
5995,0,0,1,0,0,0,0
5997,2,2,0,2,0,0,0
5999,0,0,0,1,0,0,0
6001,0,0,0,1,1,1,0
6003,0,0,0,1,1,1,0
6577,0,0,0,0,0,0,0
6579,4,0,0,4,0,0,0
6581,6,1,0,1,0,0,0
6583,1,1,1,0,0,0,0
6585,0,0,0,1,0,0,0
6587,1,1,1,0,0,0,0
6589,0,1,0,0,0,0,0
6591,0,2,0,2,0,0,0
6593,1,1,1,0,0,0,0
6595,0,1,1,1,0,0,0
6597,0,1,1,0,0,0,0
6599,0,0,0,1,0,0,0
6601,0,0,0,1,0,0,0
6603,1,1,0,1,0,0,0
6605,1,1,1,0,0,0,0
6607,1,1,0,0,0,0,0
6609,1,1,0,1,0,0,0
6611,0,6,6,6,0,0,0
6613,8,8,8,0,0,0,0
6615,1,0,0,1,0,0,0
6617,0,0,0,0,0,0,0
6619,1,0,0,0,0,0,0
6621,1,1,1,0,0,0,0
6623,1,1,1,0,0,0,0
6625,0,0,0,1,0,0,0
6627,1,1,1,0,0,0,0
6629,0,1,1,1,0,0,0
6631,0,1,0,0,0,0,0
6633,0,1,0,0,0,0,0
6635,0,1,0,0,0,0,0
6637,0,1,0,0,0,0,0
6639,0,0,0,0,0,0,0
6641,1,6,0,0,0,0,0
6643,1,1,6,0,0,0,0
6645,4,4,4,0,0,0,0
6647,1,0,0,1,0,0,0
6649,1,0,0,0,0,0,0
6651,1,0,0,0,0,0,0
6653,1,1,0,0,0,0,0
6655,1,1,1,0,0,0,0
6657,0,1,0,0,0,0,0
6659,1,1,0,1,0,0,0
6661,0,0,0,1,0,0,0
6663,1,1,0,0,0,0,0
6665,1,1,1,0,0,0,0
6667,1,1,1,0,0,0,0
6669,1,1,1,0,0,0,0
6671,1,1,1,0,0,0,0
6673,1,1,1,0,0,0,0
6675,0,0,1,0,0,0,0
6677,0,1,1,1,0,0,0
6679,1,1,0,0,0,0,0
6681,1,0,1,1,0,0,0
6683,1,1,1,0,0,0,0
6685,1,1,1,0,0,0,0
6687,1,1,0,1,0,0,0
6689,0,0,0,0,0,0,0
6691,1,1,1,0,0,0,0
6693,1,1,0,1,0,0,0
6695,0,0,0,1,0,0,0
6697,0,0,1,0,0,0,0
6699,0,0,0,1,0,0,0
6701,0,1,0,0,0,0,0
6703,0,0,0,1,0,0,0
6705,0,1,1,1,0,0,0
6707,0,0,1,0,0,0,0
6709,0,0,0,0,0,0,0
6711,1,1,1,0,0,0,0
6713,0,0,1,0,0,0,0
6715,1,1,1,0,0,0,0
6717,1,1,1,0,0,0,0
6719,0,1,0,0,0,0,0
6721,1,1,0,1,0,0,0
6723,0,1,0,0,0,0,0
6725,1,1,0,1,0,0,0
6727,1,1,1,0,0,0,0
6729,1,1,1,0,0,0,0
6731,1,1,0,1,0,0,0
6733,1,1,0,1,0,0,0
6735,1,1,0,1,0,0,0
6737,0,1,1,1,0,0,0
6739,0,1,0,0,0,0,0
6741,0,4,0,0,0,0,0
6743,1,1,1,0,0,0,0
6745,1,1,1,0,0,0,0
6747,5,0,0,0,0,0,0
6749,0,0,1,0,0,0,0
6751,1,0,0,0,0,0,0
6753,0,0,1,0,0,0,0
6755,1,1,1,0,0,0,0
6757,1,1,1,0,0,0,0
6759,1,1,0,1,0,0,0
6761,1,0,1,1,0,0,0
6763,1,1,1,0,0,0,0
6765,1,1,0,1,0,0,0
6767,1,1,1,0,0,0,0
6769,1,1,0,1,0,0,0
6771,1,1,1,0,0,0,0
6773,1,1,0,1,0,0,0
6775,1,1,0,1,0,0,0
6777,0,1,1,1,0,0,0
6779,4,4,0,4,0,0,0
6781,1,0,1,1,0,0,0
6783,1,1,1,0,0,0,0
6785,1,1,1,0,0,0,0
6787,1,1,0,1,0,0,0
6789,1,1,0,1,0,0,0
6791,1,1,1,0,0,0,0
6793,0,0,0,1,0,0,0
6795,1,1,1,0,0,0,0
6797,1,1,1,0,0,0,0
6799,1,0,0,0,0,0,0
6801,0,1,1,1,0,0,0
6803,1,0,1,1,0,0,0
6805,0,1,1,0,0,0,0
6807,1,1,0,1,0,0,0
6809,1,1,0,1,0,0,0
6811,1,1,0,1,0,0,0
6813,0,0,0,1,0,0,0
6815,1,1,1,0,0,0,0
6817,4,0,4,4,0,0,0
6819,1,1,1,0,0,0,0
6821,1,1,1,0,0,0,0
6823,0,1,0,0,0,0,0
6825,0,0,0,1,0,0,0
6827,1,1,0,1,0,0,0
6829,1,0,1,1,0,0,0
6831,1,1,1,0,0,0,0
6833,0,0,0,0,0,0,0
6835,0,0,0,1,0,0,0
6837,1,1,0,1,0,0,0
6839,1,4,0,1,0,0,0
6841,1,1,1,0,0,0,0
6843,0,1,0,0,0,0,0
6845,0,1,0,0,0,0,0
6847,1,1,1,0,0,0,0
6849,0,0,0,1,0,0,0
6851,0,0,1,0,0,0,0
6853,0,0,1,0,0,0,0
6855,1,1,1,0,0,0,0
6857,4,0,0,0,0,0,0
6859,1,0,1,1,0,0,0
6861,0,1,1,1,0,0,0
6863,1,1,0,1,0,0,0
6865,0,0,0,1,0,0,0
6867,4,0,4,4,0,0,0
6869,1,1,0,1,0,0,0
6871,1,1,0,1,0,0,0
6873,1,1,1,0,0,0,0
6875,0,0,0,1,0,0,0
6877,1,1,1,0,0,0,0
6879,0,0,0,1,0,0,0
6881,1,1,0,1,0,0,0
6883,1,0,1,1,0,0,0
6885,1,1,1,0,0,0,0
6887,0,4,0,0,0,0,0
6889,1,1,0,1,0,0,0
6891,1,0,1,1,0,0,0
7071,4,4,4,0,0,0,0
7073,1,1,0,1,0,0,0
7075,1,1,0,1,0,0,0
7077,1,1,0,1,0,0,0
7079,0,0,0,1,0,0,0
7081,1,1,1,0,0,0,0
7083,0,0,0,6,0,0,0
7085,1,1,1,0,0,0,0
7087,1,0,1,1,0,0,0
7089,1,0,0,1,0,0,0
7091,1,1,1,0,0,0,0
7093,1,1,1,0,0,0,0
7095,1,1,1,0,0,0,0
7097,1,1,1,0,0,0,0
7099,1,1,0,1,0,0,0
7101,1,1,1,0,0,0,0
7103,1,1,1,0,0,0,0
7105,1,1,1,0,0,0,0
7107,1,1,1,0,0,0,0
7109,1,1,0,1,0,0,0
7111,1,1,0,1,0,0,0
7113,1,1,1,0,0,0,0
7115,1,1,0,1,0,0,0
7117,1,1,5,0,0,0,0
7119,1,1,1,0,0,0,0
7121,0,0,4,0,0,0,0
7123,0,0,1,0,0,0,0
7125,0,0,0,1,0,0,0
7127,1,1,0,1,0,0,0
7129,4,4,4,0,0,0,0
7131,1,1,0,1,0,0,0
7133,1,1,1,0,0,0,0
7135,1,1,1,0,0,0,0
7137,4,4,4,0,0,0,0
7139,1,1,0,1,0,0,0
7141,1,1,0,1,0,0,0
7143,0,0,0,1,0,0,0
7145,0,1,1,1,0,0,0
7147,1,1,1,0,0,0,0
7149,0,0,0,1,0,0,0
7151,1,1,1,0,0,0,0
7153,1,1,0,1,0,0,0
7155,1,1,0,1,0,0,0
7157,1,0,1,1,0,0,0
7159,8,8,8,0,0,0,0
7161,1,1,1,0,0,0,0
7163,1,1,1,0,0,0,0
7165,1,1,1,0,0,0,0
7167,1,1,1,0,0,0,0
7169,0,0,0,1,1,0,0
7171,0,0,0,1,0,0,0
7173,1,1,0,1,0,0,0
7175,1,0,1,1,0,0,0
7177,1,1,0,0,0,0,0
7179,0,1,1,0,0,0,0
7181,1,1,0,1,0,0,0
7183,0,1,1,1,0,0,0
7185,1,1,0,1,0,0,0
7187,1,1,0,1,0,0,0
7189,1,0,0,0,0,0,0
7191,1,0,1,0,0,0,0
7193,0,0,0,0,0,0,0
7195,0,1,0,0,0,0,0
7197,1,1,0,1,0,0,0
7199,1,1,0,1,0,0,0
7201,0,1,1,1,0,0,0
7203,1,0,1,1,0,0,0
7205,0,0,0,1,0,0,0
7207,1,0,1,1,0,0,0
7209,1,1,1,0,0,0,0
7211,1,1,1,0,0,0,0
7213,1,1,0,1,0,0,0
7215,1,1,1,0,0,0,0
7217,1,1,1,0,0,0,0
7219,0,0,0,1,0,0,0
7221,1,1,0,1,0,0,0
7223,0,1,1,1,0,0,0
7225,1,1,0,1,0,0,0
7227,1,1,1,0,0,0,0
7229,0,0,0,0,0,0,0
7231,1,1,0,1,0,0,0
7233,1,1,1,0,0,0,0
7235,1,1,1,0,0,0,0
7237,1,1,1,0,0,0,0
7239,1,0,0,0,0,0,0
7241,1,0,0,0,0,0,0
7243,1,1,0,1,0,0,0
7245,1,1,1,0,0,0,0
7247,1,0,1,1,0,0,0
7249,1,1,0,1,0,0,0
7251,1,1,0,1,0,0,0
7253,5,5,0,1,0,0,0
7255,0,1,1,1,0,0,0
7257,1,1,1,0,0,0,0
7259,4,0,0,0,0,0,0
7261,4,0,0,0,0,0,0
7263,1,1,1,0,0,0,0
7265,4,4,4,0,0,0,0
7267,1,0,0,0,0,0,0
7269,1,1,1,0,0,0,0
7271,1,0,1,1,0,0,0
7273,1,1,0,1,0,0,0
7275,4,4,0,4,0,0,0
7277,1,1,1,0,0,0,0
7341,0,0,0,1,0,0,0
7343,1,1,0,1,0,0,0
7345,1,1,1,0,0,0,0
7347,1,1,0,1,0,0,0
7349,1,1,0,1,0,0,0
7351,1,1,0,0,0,0,0
7353,1,1,0,1,0,0,0
7355,1,1,0,1,0,0,0
7357,1,1,1,0,0,0,0
7359,1,0,1,1,0,0,0
7361,1,1,0,1,0,0,0
7363,0,0,0,1,0,0,0
7365,0,1,1,0,0,0,0
7367,0,1,1,0,0,0,0
7369,1,1,0,1,0,0,0
7371,1,0,0,1,0,0,0
7373,4,0,0,4,0,0,0
7375,1,1,0,1,0,0,0
7377,1,1,1,0,0,0,0
7379,1,1,1,0,0,0,0
7381,1,1,0,1,0,0,0
7383,1,6,0,1,0,0,0
7385,4,4,0,0,0,0,0
7387,0,0,0,1,0,0,0
7389,1,1,0,1,0,0,0
7391,1,1,0,1,0,0,0
7393,1,1,1,0,0,0,0
7395,1,1,1,0,0,0,0
7397,1,0,0,0,0,0,0
7399,4,4,0,4,0,0,0
7401,0,0,0,1,0,0,0
7403,1,1,0,1,0,0,0
7405,0,0,0,0,0,0,0
7407,2,2,2,0,0,0,0
7409,1,1,1,0,0,0,0
7411,1,1,1,0,0,0,0
7413,0,0,4,0,0,0,0
7415,1,1,1,0,0,0,0
7417,0,1,1,1,0,0,0
7419,1,0,0,1,0,0,0
7421,1,1,0,1,0,0,0
7423,1,1,0,1,0,0,0
7425,4,4,0,4,0,0,0
7427,1,1,1,0,0,0,0
7429,1,1,1,0,0,0,0
7431,1,1,0,1,0,0,0
7433,1,1,0,1,0,0,0
7435,0,1,1,1,0,0,0
7437,0,1,0,0,0,0,0
7439,1,1,0,1,0,0,0
7441,1,1,0,1,0,0,0
7443,1,1,1,0,0,0,0
7445,1,1,1,0,0,0,0
7447,1,0,1,1,0,0,0
7449,1,1,1,0,0,0,0
7451,1,1,1,0,0,0,0
7453,1,1,1,0,0,0,0
7455,1,1,0,1,0,0,0
7457,1,1,0,1,0,0,0
7459,1,0,1,1,0,0,0
7461,0,0,0,1,0,0,0
7463,0,0,0,1,0,0,0
7465,1,1,1,0,0,0,0
7467,0,0,0,1,0,0,0
7469,1,1,0,1,0,0,0
7471,1,1,1,0,0,0,0
7473,1,1,0,1,0,0,0
7475,1,1,1,0,0,0,0
7477,1,0,1,1,0,0,0
7479,1,1,0,4,0,0,0
7481,1,1,1,0,0,0,0
7483,1,1,1,0,0,0,0
7485,1,1,0,1,0,0,0
7487,1,1,1,0,0,0,0
7489,1,1,0,1,0,0,0
7491,1,1,1,0,0,0,0
7493,1,0,0,0,0,0,0
7495,1,1,0,1,0,0,0
7497,1,1,1,0,0,0,0
7499,0,1,0,0,0,0,0
7501,1,0,0,0,0,0,0
7503,1,1,1,0,0,0,0
7505,5,1,1,0,0,0,0
7507,0,0,0,1,1,0,0
7509,1,1,1,0,0,0,0
7511,0,0,1,0,0,0,0
7513,0,1,1,1,0,0,0
7515,0,0,0,1,0,0,0
7517,1,1,1,0,0,0,0
7519,1,1,1,0,0,0,0
7521,4,4,4,0,0,0,0
7523,0,1,1,0,0,0,0
7525,0,1,0,0,0,0,0
7527,2,2,0,2,0,0,0
7529,1,1,0,1,0,0,0
7531,1,1,1,0,0,0,0
7533,0,1,1,1,0,0,0
7535,0,1,1,1,0,0,0
7537,0,0,0,1,0,0,0
7641,0,1,1,0,0,0,0
7643,1,0,1,1,0,0,0
7645,0,1,0,1,0,0,0
7647,1,1,1,0,0,0,0
7649,4,4,0,4,0,0,0
7651,1,4,0,4,0,0,0
7653,2,0,0,2,0,0,0
7655,0,0,0,0,0,0,0
7657,1,1,1,0,0,0,0
7659,1,0,0,0,0,0,0
7661,1,1,0,1,0,0,0
7663,1,0,1,1,0,0,0
7665,1,1,1,0,0,0,0
7667,0,0,0,4,0,0,0
7669,0,0,0,1,1,0,0
7671,1,1,1,0,0,0,0
7673,1,1,1,0,0,0,0
7675,1,0,0,1,0,0,0
7677,0,0,1,0,0,0,0
7679,1,1,0,0,0,0,0
7681,1,1,0,1,0,0,0
7683,1,1,1,0,0,0,0
7685,0,1,0,0,0,0,0
7687,0,0,0,1,0,0,0
7689,1,1,1,0,0,0,0
7691,1,1,1,0,0,0,0
7693,1,0,1,1,0,0,0
7695,0,0,0,0,0,0,0
7697,5,5,1,0,0,0,0
7699,1,0,0,1,0,0,0
7701,1,1,0,1,0,0,0
7703,4,0,0,1,0,0,0
7705,1,1,0,1,0,0,0
7707,1,1,0,1,0,0,0
7709,1,4,0,1,0,0,0
7711,5,1,1,0,0,0,0
7713,0,0,0,0,1,0,0
7715,0,0,0,1,0,0,0
7717,1,1,0,1,0,0,0
7719,0,0,0,5,0,0,0
7721,0,0,0,1,0,0,0
7723,3,3,0,3,0,0,0
7725,1,1,0,1,0,0,0
7727,1,1,0,1,0,0,0
7729,0,1,1,0,0,0,0
7731,1,1,1,0,0,0,0
7733,1,0,0,0,0,0,0
7735,1,1,0,1,0,0,0
7737,1,1,0,1,0,0,0
7739,0,0,0,1,0,0,0
7741,1,1,0,1,0,0,0
7743,1,1,1,0,0,0,0
7745,1,1,1,0,0,0,0
7747,1,1,1,0,0,0,0
7749,1,1,1,0,0,0,0
7751,0,1,0,0,0,0,0
7753,1,1,1,0,0,0,0
7755,1,1,0,1,0,0,0
7757,0,0,1,0,0,0,0
7759,1,1,1,0,0,0,0
7761,1,1,1,0,0,0,0
7763,1,1,0,1,0,0,0
7765,1,1,1,0,0,0,0
7767,1,1,0,0,0,0,0
7769,1,0,0,1,0,0,0
7771,1,1,0,1,0,0,0
7773,1,0,0,0,0,0,0
7775,1,0,0,0,0,0,0
7777,0,2,0,0,0,0,0
7779,1,1,0,1,0,0,0
7781,1,1,0,1,0,0,0
7783,1,1,1,0,0,0,0
7785,1,1,1,0,0,0,0
7787,1,1,1,0,0,0,0
7789,1,1,1,0,0,0,0
7791,1,1,0,0,0,0,0
7793,1,1,0,1,0,0,0
7795,1,1,1,0,0,0,0
7797,1,1,1,0,0,0,0
7799,1,1,0,1,0,0,0
7801,1,1,1,0,0,0,0
7803,0,0,0,1,1,0,0
7805,1,1,0,1,0,0,0
7807,1,1,1,0,0,0,0
7809,1,5,5,0,0,0,0
7811,1,1,0,1,0,0,0
7813,1,1,0,0,0,0,0
7815,0,0,0,1,0,0,0
7817,1,0,0,1,0,0,0
7819,1,1,1,0,0,0,0
7821,0,1,0,0,0,0,0
7823,1,1,1,0,0,0,0
7825,1,1,1,0,0,0,0
7827,4,4,4,0,0,0,0
7829,2,2,2,0,0,0,0
7831,1,1,0,1,0,0,0
7833,1,1,1,0,0,0,0
7835,1,1,1,0,0,0,0
7837,1,1,1,0,0,0,0
7839,1,1,1,0,0,0,0
7841,1,1,1,0,0,0,0
7843,1,0,0,0,0,0,0
7845,1,1,0,1,0,0,0
7847,0,0,0,1,0,0,0
7849,1,1,0,1,0,0,0
7851,1,1,1,0,0,0,0
7853,1,1,0,0,0,0,0
7855,4,4,4,0,0,0,0
7857,1,1,1,0,0,0,0
7859,0,1,1,0,0,0,0
7861,1,1,1,0,0,0,0
7863,1,1,0,1,0,0,0
7865,1,0,0,1,0,0,0
7867,1,1,0,1,0,0,0
7869,1,1,1,0,0,0,0
7871,2,0,0,2,2,0,0
7873,1,1,0,1,0,0,0
7875,1,1,1,0,0,0,0
7877,1,1,1,0,0,0,0
7879,1,0,1,1,0,0,0
7881,0,0,0,1,0,0,0
7883,1,1,0,1,0,0,0
7885,1,0,0,1,0,0,0
7887,1,1,1,0,0,0,0
7889,1,1,1,0,0,0,0
7891,1,1,0,1,0,0,0
7893,0,0,0,1,0,0,0
7895,0,0,0,1,0,0,0
7897,8,8,0,8,0,0,0
7899,1,1,1,0,0,0,0
7901,1,1,1,0,0,0,0
7903,1,1,1,0,0,0,0
7905,1,1,0,0,0,0,0
7907,1,1,1,0,0,0,0
7909,1,0,1,1,0,0,0
7911,4,4,4,0,0,0,0
7913,1,1,0,0,0,0,0
7915,0,1,1,1,0,0,0
7917,1,1,1,0,0,0,0
7919,1,0,1,1,0,0,0
7921,1,1,0,1,0,0,0
7923,1,1,0,1,0,0,0
7925,1,5,1,0,0,0,0
7927,1,0,0,0,0,0,0
7929,1,0,0,1,0,0,0
7931,4,4,0,4,0,0,0
7933,1,0,0,1,0,0,0
7935,1,4,1,0,0,0,0
7937,1,1,1,0,0,0,0
7939,0,0,5,0,0,0,0
7941,1,1,1,0,0,0,0
7943,1,1,0,1,0,0,0
7945,1,0,0,1,0,0,0
7947,0,0,0,1,0,0,0
7949,1,0,1,0,0,0,0
7951,1,1,0,1,0,0,0
7953,0,1,0,0,0,0,0
7955,0,0,0,1,0,0,0
7957,1,1,0,0,0,0,0
7959,0,0,0,1,1,0,0
7961,0,0,1,0,0,0,0
7963,1,5,5,0,0,0,0
7965,1,1,1,0,0,0,0
7967,1,1,1,0,0,0,0
7969,1,1,1,0,0,0,0
7971,1,1,1,0,0,0,0
7973,1,1,0,1,0,0,0
7975,1,0,1,1,0,0,0
7977,0,0,1,0,0,0,0
7979,1,1,0,1,0,0,0
7981,5,0,0,0,0,0,0
7983,0,0,0,1,0,0,0
7985,0,0,0,1,0,0,0
7987,1,1,1,0,0,0,0
7989,0,1,0,0,0,0,0
7991,4,4,4,0,0,0,0
7993,0,0,0,1,0,0,0
7995,1,0,1,1,0,0,0
7997,4,4,4,0,0,0,0
7999,1,1,1,0,0,0,0
8001,1,1,0,1,0,0,0
8003,0,1,0,0,0,0,0
8005,1,1,1,0,0,0,0
8007,0,1,0,0,0,0,0
8009,0,1,0,0,0,0,0
8011,0,1,0,0,0,0,0
8013,1,0,1,1,0,0,0
8015,1,1,0,0,0,0,0
8017,1,1,0,1,0,0,0
8019,1,1,1,0,0,0,0
8021,1,1,0,1,0,0,0
8023,1,1,0,1,0,0,0
8025,1,1,1,0,0,0,0
8027,0,1,1,1,0,0,0
8029,4,4,0,4,0,0,0
8031,1,1,0,1,0,0,0
8033,1,1,0,1,0,0,0
8035,1,0,1,1,0,0,0
8037,1,1,0,1,0,0,0
8039,0,0,1,1,0,0,0
8041,1,1,1,0,0,0,0
8043,1,1,1,0,0,0,0
8045,1,0,0,0,0,0,0
8047,1,1,1,0,0,0,0
8049,0,0,0,1,0,0,0
8051,1,0,1,1,0,0,0
8053,1,1,0,1,0,0,0
8055,1,1,1,0,0,0,0
8057,1,1,0,1,0,0,0
8059,1,1,1,0,0,0,0
8061,1,0,1,1,0,0,0
8063,1,1,0,1,0,0,0
8065,0,1,1,1,0,0,0
8067,1,1,0,1,0,0,0
8069,0,1,1,0,0,0,0
8071,4,5,0,5,0,0,0
8073,0,1,1,1,0,0,0
8075,4,4,4,0,0,0,0
8077,1,1,1,0,0,0,0
8079,1,1,1,0,0,0,0
8081,0,0,0,1,0,0,0
8083,1,1,0,1,0,0,0
8085,4,4,0,4,0,0,0
8087,1,1,0,1,0,0,0
8089,1,1,1,0,0,0,0
8091,0,0,0,1,0,0,0
8093,0,0,0,0,0,0,0
8095,1,1,1,0,0,0,0
8097,1,1,1,0,0,0,0
8099,0,1,1,1,0,0,0
8101,1,1,0,1,0,0,0
8103,1,0,0,1,0,0,0
8105,0,0,2,0,0,0,0
8107,0,0,0,1,0,0,0
8109,0,1,1,1,0,0,0
8111,5,5,5,0,0,0,0
8113,1,1,1,0,0,0,0
8115,0,1,1,1,0,0,0
8117,0,1,0,0,0,0,0
8119,4,4,4,0,0,0,0
8121,4,4,4,0,0,0,0
8123,1,1,0,1,0,0,0
8125,1,1,0,1,0,0,0
8127,1,1,0,1,0,0,0
8129,1,1,0,1,0,0,0
8131,1,1,0,0,0,0,0
8133,1,1,1,0,0,0,0
8135,0,1,1,1,0,0,0
12621,1,1,1,0,0,0,0
12623,1,1,1,0,0,0,0
12625,1,1,0,1,0,0,0
12627,1,1,1,0,0,0,0
12629,1,0,1,1,0,0,0
12631,1,1,0,1,0,0,0
12633,4,1,1,0,0,0,0
12635,0,2,0,0,0,0,0
12637,0,0,0,1,0,0,0
12639,1,1,0,1,0,0,0
12641,0,1,1,1,0,0,0
12643,0,1,0,0,0,0,0
12645,1,1,0,1,0,0,0
12647,4,4,0,4,0,0,0
12649,0,0,0,1,0,0,0
12651,0,0,0,1,1,0,0
12653,0,1,1,1,0,0,0
12655,1,0,0,1,0,0,0
12657,0,0,0,1,0,0,0
12659,0,0,0,1,1,0,0
12661,1,1,0,1,0,0,0
12663,1,1,0,1,0,0,0
12665,1,1,0,1,0,0,0
12667,1,1,1,0,0,0,0
12669,1,1,0,0,0,0,0
12671,0,1,1,1,0,0,0
12673,1,1,0,1,0,0,0
12675,0,1,1,1,0,0,0
12677,1,1,1,0,0,0,0
12679,1,1,1,0,0,0,0
12681,1,1,0,1,0,0,0
12683,1,1,1,0,0,0,0
12685,1,1,0,1,0,0,0
12687,0,0,0,1,0,0,0
12689,0,0,0,1,0,0,0
12691,0,1,0,0,0,0,0
12693,1,0,1,1,0,0,0
12695,1,0,1,1,0,0,0
12697,0,1,0,0,0,0,0
12699,1,1,1,0,0,0,0
12701,3,0,3,3,0,0,0
12703,1,1,0,1,0,0,0
12705,1,1,1,0,0,0,0
12707,1,0,1,1,0,0,0
12709,1,0,1,1,0,0,0
12711,0,0,0,1,0,0,0
12713,0,1,0,0,0,0,0
12715,0,1,0,0,0,0,0
12717,0,1,0,0,0,0,0
12719,0,0,0,1,0,0,0
12721,1,1,1,0,0,0,0
12723,1,1,1,0,0,0,0
12725,1,0,1,1,0,0,0
12727,1,0,1,1,0,0,0
12729,0,1,0,0,0,0,0
12731,1,0,0,0,0,0,0
12733,4,1,1,0,0,0,0
12735,1,1,0,1,0,0,0
12737,1,1,1,0,0,0,0
12739,1,0,1,1,0,0,0
12741,1,0,1,1,0,0,0
12743,1,0,1,1,0,0,0
12745,1,1,1,0,0,0,0
12747,1,1,0,1,0,0,0
12749,1,1,1,0,0,0,0
12751,1,1,0,1,0,0,0
12753,1,1,1,0,0,0,0
12755,1,1,0,1,0,0,0
12757,1,1,0,1,0,0,0
12759,1,1,0,1,0,0,0
12761,0,0,0,1,1,1,0
12763,1,1,1,0,0,0,0
12765,1,1,1,0,0,0,0
12767,4,0,4,4,0,0,0
12769,1,1,1,0,0,0,0
12771,1,0,1,1,0,0,0
12773,1,1,1,0,0,0,0
12775,1,1,1,0,0,0,0
12777,1,1,1,0,0,0,0
12779,1,1,1,0,0,0,0
12781,1,1,1,0,0,0,0
12783,1,1,1,0,0,0,0
12785,1,1,1,0,0,0,0
12787,1,0,1,1,0,0,0
12789,1,0,0,1,1,0,0
12791,1,1,0,1,0,0,0
26411,1,0,0,0,0,0,0
26413,2,2,0,2,0,0,0
26415,1,1,1,0,0,0,0
26417,1,0,0,1,0,0,0
26419,1,0,0,1,0,0,0
26421,0,0,0,1,0,0,0
26423,1,1,1,0,0,0,0
26425,1,1,0,0,0,0,0
26427,0,1,0,0,0,0,0
26429,4,0,4,4,0,0,0
26431,1,1,0,1,0,0,0
26433,1,0,0,0,0,0,0
26435,1,1,1,0,0,0,0
26437,1,0,0,1,1,0,0
26439,1,1,1,0,0,0,0
26441,1,1,0,1,0,0,0
26443,1,1,1,0,0,0,0
26445,1,1,0,1,0,0,0
26447,0,0,0,0,0,0,0
26449,0,1,0,1,1,0,0
26451,1,1,0,1,0,0,0
26453,0,1,1,1,0,0,0
26455,0,1,1,1,0,0,0
26457,1,0,1,1,0,0,0
26459,0,1,0,0,0,0,0
26461,0,0,0,1,0,0,0
26463,1,1,1,0,0,0,0
26465,0,5,1,1,0,0,0
26467,0,0,0,0,0,0,0
26469,1,0,0,1,0,0,0
26471,0,0,0,1,0,0,0
26473,1,1,1,0,0,0,0
26475,0,1,0,0,0,0,0
26477,0,0,1,0,0,0,0
26479,8,8,8,0,0,0,0
26481,1,0,1,1,0,0,0
26483,1,0,1,1,0,0,0
26485,0,0,0,1,0,0,0
26487,0,1,1,1,0,0,0
26489,1,1,0,1,0,0,0
26491,0,1,1,1,0,0,0
26493,0,0,0,1,0,0,0
26495,1,0,1,1,0,0,0
26497,1,1,1,0,0,0,0
26499,1,0,0,1,0,0,0
26501,1,1,1,0,0,0,0
26503,0,0,0,1,0,0,0
26505,1,1,0,1,0,0,0
26507,0,1,1,1,0,0,0
26509,1,1,0,1,0,0,0
26511,1,1,0,1,0,0,0
26513,1,0,1,1,0,0,0
26515,0,1,1,1,0,0,0
26517,0,1,0,1,0,0,0
26519,1,0,0,1,0,0,0
26521,1,1,1,0,0,0,0
26523,0,0,0,1,0,0,0
26525,3,3,3,0,0,0,0
26527,1,1,0,1,0,0,0
26529,0,0,1,0,0,0,0
26531,0,1,0,0,0,0,0
26533,1,1,1,0,0,0,0
26535,0,0,1,0,0,0,0
26537,0,1,0,0,0,0,0
26539,-1,-1,-1,-1,-1,-1,-1
26541,-1,-1,-1,-1,-1,-1,-1
26543,-1,-1,-1,-1,-1,-1,-1
26545,-1,-1,-1,-1,-1,-1,-1
26547,-1,-1,-1,-1,-1,-1,-1
26549,-1,-1,-1,-1,-1,-1,-1
26551,-1,-1,-1,-1,-1,-1,-1
26553,-1,-1,-1,-1,-1,-1,-1
26555,-1,-1,-1,-1,-1,-1,-1
26557,-1,-1,-1,-1,-1,-1,-1
26559,-1,-1,-1,-1,-1,-1,-1
26561,-1,-1,-1,-1,-1,-1,-1
26563,-1,-1,-1,-1,-1,-1,-1
26565,-1,-1,-1,-1,-1,-1,-1
26567,-1,-1,-1,-1,-1,-1,-1
26569,-1,-1,-1,-1,-1,-1,-1
26571,-1,-1,-1,-1,-1,-1,-1
26573,-1,-1,-1,-1,-1,-1,-1
26575,-1,-1,-1,-1,-1,-1,-1
26577,-1,-1,-1,-1,-1,-1,-1
26579,-1,-1,-1,-1,-1,-1,-1
26581,-1,-1,-1,-1,-1,-1,-1
26583,-1,-1,-1,-1,-1,-1,-1
26585,-1,-1,-1,-1,-1,-1,-1
26587,-1,-1,-1,-1,-1,-1,-1
26589,-1,-1,-1,-1,-1,-1,-1
26591,-1,-1,-1,-1,-1,-1,-1
26593,-1,-1,-1,-1,-1,-1,-1
26595,-1,-1,-1,-1,-1,-1,-1
26597,-1,-1,-1,-1,-1,-1,-1
26599,-1,-1,-1,-1,-1,-1,-1
26601,-1,-1,-1,-1,-1,-1,-1
26603,-1,-1,-1,-1,-1,-1,-1
26605,-1,-1,-1,-1,-1,-1,-1
26607,-1,-1,-1,-1,-1,-1,-1
26609,-1,-1,-1,-1,-1,-1,-1
26611,-1,-1,-1,-1,-1,-1,-1
26613,-1,-1,-1,-1,-1,-1,-1
26615,-1,-1,-1,-1,-1,-1,-1
26617,-1,-1,-1,-1,-1,-1,-1
26619,-1,-1,-1,-1,-1,-1,-1
26621,-1,-1,-1,-1,-1,-1,-1
26623,-1,-1,-1,-1,-1,-1,-1
26625,-1,-1,-1,-1,-1,-1,-1
26627,-1,-1,-1,-1,-1,-1,-1
26629,-1,-1,-1,-1,-1,-1,-1
26631,-1,-1,-1,-1,-1,-1,-1
26633,-1,-1,-1,-1,-1,-1,-1
26635,-1,-1,-1,-1,-1,-1,-1
26637,-1,-1,-1,-1,-1,-1,-1
26639,-1,-1,-1,-1,-1,-1,-1
26641,-1,-1,-1,-1,-1,-1,-1
26643,-1,-1,-1,-1,-1,-1,-1
26645,-1,-1,-1,-1,-1,-1,-1
26647,-1,-1,-1,-1,-1,-1,-1
26649,-1,-1,-1,-1,-1,-1,-1
26651,-1,-1,-1,-1,-1,-1,-1
26653,-1,-1,-1,-1,-1,-1,-1
26655,-1,-1,-1,-1,-1,-1,-1
26657,-1,-1,-1,-1,-1,-1,-1
26659,-1,-1,-1,-1,-1,-1,-1
26661,-1,-1,-1,-1,-1,-1,-1
26663,-1,-1,-1,-1,-1,-1,-1
26665,-1,-1,-1,-1,-1,-1,-1
26667,-1,-1,-1,-1,-1,-1,-1
26669,-1,-1,-1,-1,-1,-1,-1
26671,-1,-1,-1,-1,-1,-1,-1
26673,-1,-1,-1,-1,-1,-1,-1
26675,-1,-1,-1,-1,-1,-1,-1
26677,-1,-1,-1,-1,-1,-1,-1
26679,-1,-1,-1,-1,-1,-1,-1
26681,-1,-1,-1,-1,-1,-1,-1
26683,-1,-1,-1,-1,-1,-1,-1
26685,-1,-1,-1,-1,-1,-1,-1
26687,-1,-1,-1,-1,-1,-1,-1
26689,-1,-1,-1,-1,-1,-1,-1
26691,-1,-1,-1,-1,-1,-1,-1
26693,-1,-1,-1,-1,-1,-1,-1
26695,-1,-1,-1,-1,-1,-1,-1
26697,-1,-1,-1,-1,-1,-1,-1
26699,-1,-1,-1,-1,-1,-1,-1
26701,-1,-1,-1,-1,-1,-1,-1
26703,-1,-1,-1,-1,-1,-1,-1
26705,-1,-1,-1,-1,-1,-1,-1
26707,-1,-1,-1,-1,-1,-1,-1
26709,-1,-1,-1,-1,-1,-1,-1
26711,-1,-1,-1,-1,-1,-1,-1
26713,-1,-1,-1,-1,-1,-1,-1
26715,-1,-1,-1,-1,-1,-1,-1
26717,-1,-1,-1,-1,-1,-1,-1
26719,-1,-1,-1,-1,-1,-1,-1
26721,-1,-1,-1,-1,-1,-1,-1
26723,-1,-1,-1,-1,-1,-1,-1
26725,-1,-1,-1,-1,-1,-1,-1
26727,-1,-1,-1,-1,-1,-1,-1
26729,-1,-1,-1,-1,-1,-1,-1
26731,-1,-1,-1,-1,-1,-1,-1
26733,-1,-1,-1,-1,-1,-1,-1
26735,-1,-1,-1,-1,-1,-1,-1
26737,-1,-1,-1,-1,-1,-1,-1
26739,-1,-1,-1,-1,-1,-1,-1
26741,-1,-1,-1,-1,-1,-1,-1
26743,-1,-1,-1,-1,-1,-1,-1
26745,-1,-1,-1,-1,-1,-1,-1
26747,-1,-1,-1,-1,-1,-1,-1
26749,-1,-1,-1,-1,-1,-1,-1
26751,-1,-1,-1,-1,-1,-1,-1
26753,-1,-1,-1,-1,-1,-1,-1
26755,-1,-1,-1,-1,-1,-1,-1
26757,-1,-1,-1,-1,-1,-1,-1
26759,-1,-1,-1,-1,-1,-1,-1
26761,-1,-1,-1,-1,-1,-1,-1
26763,-1,-1,-1,-1,-1,-1,-1
26765,-1,-1,-1,-1,-1,-1,-1
26767,-1,-1,-1,-1,-1,-1,-1
26769,-1,-1,-1,-1,-1,-1,-1
26771,-1,-1,-1,-1,-1,-1,-1
26773,-1,-1,-1,-1,-1,-1,-1
26775,-1,-1,-1,-1,-1,-1,-1
26777,-1,-1,-1,-1,-1,-1,-1
26779,-1,-1,-1,-1,-1,-1,-1
26781,-1,-1,-1,-1,-1,-1,-1
26783,-1,-1,-1,-1,-1,-1,-1
26785,-1,-1,-1,-1,-1,-1,-1
26787,-1,-1,-1,-1,-1,-1,-1
26789,-1,-1,-1,-1,-1,-1,-1
26791,-1,-1,-1,-1,-1,-1,-1
26793,-1,-1,-1,-1,-1,-1,-1
26795,-1,-1,-1,-1,-1,-1,-1
26797,-1,-1,-1,-1,-1,-1,-1
26799,-1,-1,-1,-1,-1,-1,-1
26801,-1,-1,-1,-1,-1,-1,-1
26803,-1,-1,-1,-1,-1,-1,-1
26805,-1,-1,-1,-1,-1,-1,-1
26807,-1,-1,-1,-1,-1,-1,-1
26809,-1,-1,-1,-1,-1,-1,-1
26811,-1,-1,-1,-1,-1,-1,-1
26813,-1,-1,-1,-1,-1,-1,-1
26815,-1,-1,-1,-1,-1,-1,-1
26817,-1,-1,-1,-1,-1,-1,-1
26819,-1,-1,-1,-1,-1,-1,-1
26821,-1,-1,-1,-1,-1,-1,-1
26823,-1,-1,-1,-1,-1,-1,-1
26825,-1,-1,-1,-1,-1,-1,-1
26827,-1,-1,-1,-1,-1,-1,-1
26829,-1,-1,-1,-1,-1,-1,-1
26831,-1,-1,-1,-1,-1,-1,-1
26833,-1,-1,-1,-1,-1,-1,-1
26835,-1,-1,-1,-1,-1,-1,-1
26837,-1,-1,-1,-1,-1,-1,-1
26839,-1,-1,-1,-1,-1,-1,-1
26841,-1,-1,-1,-1,-1,-1,-1
26843,-1,-1,-1,-1,-1,-1,-1
26845,-1,-1,-1,-1,-1,-1,-1
26847,-1,-1,-1,-1,-1,-1,-1
26849,-1,-1,-1,-1,-1,-1,-1
26851,-1,-1,-1,-1,-1,-1,-1
26853,-1,-1,-1,-1,-1,-1,-1
26855,-1,-1,-1,-1,-1,-1,-1
26857,-1,-1,-1,-1,-1,-1,-1
26859,-1,-1,-1,-1,-1,-1,-1
26861,-1,-1,-1,-1,-1,-1,-1
26863,-1,-1,-1,-1,-1,-1,-1
26865,-1,-1,-1,-1,-1,-1,-1
26867,-1,-1,-1,-1,-1,-1,-1
26869,-1,-1,-1,-1,-1,-1,-1
26871,-1,-1,-1,-1,-1,-1,-1
26873,-1,-1,-1,-1,-1,-1,-1
26875,-1,-1,-1,-1,-1,-1,-1
26877,-1,-1,-1,-1,-1,-1,-1
26879,-1,-1,-1,-1,-1,-1,-1
26881,-1,-1,-1,-1,-1,-1,-1
26883,-1,-1,-1,-1,-1,-1,-1
26885,-1,-1,-1,-1,-1,-1,-1
26887,-1,-1,-1,-1,-1,-1,-1
26889,-1,-1,-1,-1,-1,-1,-1
26891,-1,-1,-1,-1,-1,-1,-1
26893,-1,-1,-1,-1,-1,-1,-1
26895,-1,-1,-1,-1,-1,-1,-1
26897,-1,-1,-1,-1,-1,-1,-1
26899,-1,-1,-1,-1,-1,-1,-1
26901,-1,-1,-1,-1,-1,-1,-1
26903,-1,-1,-1,-1,-1,-1,-1
26905,-1,-1,-1,-1,-1,-1,-1
26907,-1,-1,-1,-1,-1,-1,-1
26909,-1,-1,-1,-1,-1,-1,-1
26911,-1,-1,-1,-1,-1,-1,-1
26913,-1,-1,-1,-1,-1,-1,-1
26915,-1,-1,-1,-1,-1,-1,-1
26917,-1,-1,-1,-1,-1,-1,-1
26919,-1,-1,-1,-1,-1,-1,-1
26921,-1,-1,-1,-1,-1,-1,-1
26923,-1,-1,-1,-1,-1,-1,-1
26925,-1,-1,-1,-1,-1,-1,-1
26927,-1,-1,-1,-1,-1,-1,-1
26929,-1,-1,-1,-1,-1,-1,-1
26931,-1,-1,-1,-1,-1,-1,-1
26933,-1,-1,-1,-1,-1,-1,-1
26935,-1,-1,-1,-1,-1,-1,-1
26937,-1,-1,-1,-1,-1,-1,-1
26939,-1,-1,-1,-1,-1,-1,-1
26941,-1,-1,-1,-1,-1,-1,-1
26943,-1,-1,-1,-1,-1,-1,-1
26945,-1,-1,-1,-1,-1,-1,-1
26947,-1,-1,-1,-1,-1,-1,-1
26949,-1,-1,-1,-1,-1,-1,-1
26951,-1,-1,-1,-1,-1,-1,-1
26953,-1,-1,-1,-1,-1,-1,-1
26955,-1,-1,-1,-1,-1,-1,-1
26957,-1,-1,-1,-1,-1,-1,-1
26959,-1,-1,-1,-1,-1,-1,-1
26961,-1,-1,-1,-1,-1,-1,-1
26963,-1,-1,-1,-1,-1,-1,-1
26965,-1,-1,-1,-1,-1,-1,-1
26967,-1,-1,-1,-1,-1,-1,-1
26969,-1,-1,-1,-1,-1,-1,-1
26971,-1,-1,-1,-1,-1,-1,-1
26973,-1,-1,-1,-1,-1,-1,-1
26975,-1,-1,-1,-1,-1,-1,-1
26977,-1,-1,-1,-1,-1,-1,-1
26979,-1,-1,-1,-1,-1,-1,-1
26981,-1,-1,-1,-1,-1,-1,-1
26983,-1,-1,-1,-1,-1,-1,-1
26985,-1,-1,-1,-1,-1,-1,-1
26987,-1,-1,-1,-1,-1,-1,-1
26989,-1,-1,-1,-1,-1,-1,-1
26991,-1,-1,-1,-1,-1,-1,-1
26993,-1,-1,-1,-1,-1,-1,-1
26995,-1,-1,-1,-1,-1,-1,-1
26997,-1,-1,-1,-1,-1,-1,-1
26999,-1,-1,-1,-1,-1,-1,-1
27001,-1,-1,-1,-1,-1,-1,-1
27003,-1,-1,-1,-1,-1,-1,-1
27005,-1,-1,-1,-1,-1,-1,-1
27007,-1,-1,-1,-1,-1,-1,-1
27009,-1,-1,-1,-1,-1,-1,-1
27011,-1,-1,-1,-1,-1,-1,-1
27013,-1,-1,-1,-1,-1,-1,-1
27015,-1,-1,-1,-1,-1,-1,-1
27017,-1,-1,-1,-1,-1,-1,-1
27019,-1,-1,-1,-1,-1,-1,-1
27021,-1,-1,-1,-1,-1,-1,-1
27023,-1,-1,-1,-1,-1,-1,-1
27025,-1,-1,-1,-1,-1,-1,-1
27027,-1,-1,-1,-1,-1,-1,-1
27029,-1,-1,-1,-1,-1,-1,-1
27031,-1,-1,-1,-1,-1,-1,-1
27033,-1,-1,-1,-1,-1,-1,-1
27035,-1,-1,-1,-1,-1,-1,-1
27037,-1,-1,-1,-1,-1,-1,-1
27039,-1,-1,-1,-1,-1,-1,-1
27041,-1,-1,-1,-1,-1,-1,-1
27043,-1,-1,-1,-1,-1,-1,-1
27045,-1,-1,-1,-1,-1,-1,-1
27047,-1,-1,-1,-1,-1,-1,-1
27049,-1,-1,-1,-1,-1,-1,-1
27051,-1,-1,-1,-1,-1,-1,-1
27053,-1,-1,-1,-1,-1,-1,-1
27055,-1,-1,-1,-1,-1,-1,-1
27057,-1,-1,-1,-1,-1,-1,-1
27059,-1,-1,-1,-1,-1,-1,-1
27061,-1,-1,-1,-1,-1,-1,-1
27063,-1,-1,-1,-1,-1,-1,-1
27065,-1,-1,-1,-1,-1,-1,-1
27067,-1,-1,-1,-1,-1,-1,-1
27069,-1,-1,-1,-1,-1,-1,-1
27071,-1,-1,-1,-1,-1,-1,-1
27073,-1,-1,-1,-1,-1,-1,-1
27075,-1,-1,-1,-1,-1,-1,-1
27077,-1,-1,-1,-1,-1,-1,-1
27079,-1,-1,-1,-1,-1,-1,-1
27081,-1,-1,-1,-1,-1,-1,-1
27083,-1,-1,-1,-1,-1,-1,-1
27085,-1,-1,-1,-1,-1,-1,-1
27087,-1,-1,-1,-1,-1,-1,-1
27089,-1,-1,-1,-1,-1,-1,-1
27091,-1,-1,-1,-1,-1,-1,-1
27093,-1,-1,-1,-1,-1,-1,-1
27095,-1,-1,-1,-1,-1,-1,-1
27097,-1,-1,-1,-1,-1,-1,-1
27099,-1,-1,-1,-1,-1,-1,-1
27101,-1,-1,-1,-1,-1,-1,-1
27103,-1,-1,-1,-1,-1,-1,-1
27105,-1,-1,-1,-1,-1,-1,-1
27107,-1,-1,-1,-1,-1,-1,-1
27109,-1,-1,-1,-1,-1,-1,-1
27111,-1,-1,-1,-1,-1,-1,-1
27113,-1,-1,-1,-1,-1,-1,-1
27115,-1,-1,-1,-1,-1,-1,-1
27117,-1,-1,-1,-1,-1,-1,-1
27119,-1,-1,-1,-1,-1,-1,-1
27121,-1,-1,-1,-1,-1,-1,-1
27123,-1,-1,-1,-1,-1,-1,-1
27125,-1,-1,-1,-1,-1,-1,-1
27127,-1,-1,-1,-1,-1,-1,-1
27129,-1,-1,-1,-1,-1,-1,-1
27131,-1,-1,-1,-1,-1,-1,-1
27133,-1,-1,-1,-1,-1,-1,-1
27135,-1,-1,-1,-1,-1,-1,-1
27137,-1,-1,-1,-1,-1,-1,-1
27139,-1,-1,-1,-1,-1,-1,-1
27141,-1,-1,-1,-1,-1,-1,-1
27143,-1,-1,-1,-1,-1,-1,-1
27145,-1,-1,-1,-1,-1,-1,-1
27147,-1,-1,-1,-1,-1,-1,-1
27149,-1,-1,-1,-1,-1,-1,-1
27151,-1,-1,-1,-1,-1,-1,-1
27153,-1,-1,-1,-1,-1,-1,-1
27155,-1,-1,-1,-1,-1,-1,-1
27157,-1,-1,-1,-1,-1,-1,-1
27159,-1,-1,-1,-1,-1,-1,-1
27161,-1,-1,-1,-1,-1,-1,-1
27163,-1,-1,-1,-1,-1,-1,-1
27165,-1,-1,-1,-1,-1,-1,-1
27167,-1,-1,-1,-1,-1,-1,-1
27169,-1,-1,-1,-1,-1,-1,-1
27171,-1,-1,-1,-1,-1,-1,-1
27173,-1,-1,-1,-1,-1,-1,-1
27175,-1,-1,-1,-1,-1,-1,-1
27177,-1,-1,-1,-1,-1,-1,-1
27179,-1,-1,-1,-1,-1,-1,-1
27181,-1,-1,-1,-1,-1,-1,-1
27183,-1,-1,-1,-1,-1,-1,-1
27185,-1,-1,-1,-1,-1,-1,-1
27187,-1,-1,-1,-1,-1,-1,-1
27189,-1,-1,-1,-1,-1,-1,-1
27191,-1,-1,-1,-1,-1,-1,-1
27193,-1,-1,-1,-1,-1,-1,-1
27195,-1,-1,-1,-1,-1,-1,-1
27197,-1,-1,-1,-1,-1,-1,-1
27199,-1,-1,-1,-1,-1,-1,-1
27201,-1,-1,-1,-1,-1,-1,-1
27203,-1,-1,-1,-1,-1,-1,-1
27205,-1,-1,-1,-1,-1,-1,-1
27207,-1,-1,-1,-1,-1,-1,-1
27209,-1,-1,-1,-1,-1,-1,-1
27211,-1,-1,-1,-1,-1,-1,-1
27213,-1,-1,-1,-1,-1,-1,-1
27215,-1,-1,-1,-1,-1,-1,-1
27217,-1,-1,-1,-1,-1,-1,-1
27219,-1,-1,-1,-1,-1,-1,-1
27221,-1,-1,-1,-1,-1,-1,-1
27223,-1,-1,-1,-1,-1,-1,-1
27225,-1,-1,-1,-1,-1,-1,-1
27227,-1,-1,-1,-1,-1,-1,-1
27229,-1,-1,-1,-1,-1,-1,-1
27231,-1,-1,-1,-1,-1,-1,-1
27233,-1,-1,-1,-1,-1,-1,-1
27235,-1,-1,-1,-1,-1,-1,-1
27237,-1,-1,-1,-1,-1,-1,-1
27239,-1,-1,-1,-1,-1,-1,-1
27241,-1,-1,-1,-1,-1,-1,-1
27243,-1,-1,-1,-1,-1,-1,-1
27245,-1,-1,-1,-1,-1,-1,-1
27247,-1,-1,-1,-1,-1,-1,-1
27249,-1,-1,-1,-1,-1,-1,-1
27251,-1,-1,-1,-1,-1,-1,-1
27253,-1,-1,-1,-1,-1,-1,-1
27255,-1,-1,-1,-1,-1,-1,-1
27257,-1,-1,-1,-1,-1,-1,-1
27259,-1,-1,-1,-1,-1,-1,-1
27261,-1,-1,-1,-1,-1,-1,-1
27263,-1,-1,-1,-1,-1,-1,-1
27265,-1,-1,-1,-1,-1,-1,-1
27267,-1,-1,-1,-1,-1,-1,-1
27269,-1,-1,-1,-1,-1,-1,-1
27271,-1,-1,-1,-1,-1,-1,-1
27273,-1,-1,-1,-1,-1,-1,-1
27275,-1,-1,-1,-1,-1,-1,-1
27277,-1,-1,-1,-1,-1,-1,-1
27279,-1,-1,-1,-1,-1,-1,-1
27281,-1,-1,-1,-1,-1,-1,-1
27283,-1,-1,-1,-1,-1,-1,-1
27285,-1,-1,-1,-1,-1,-1,-1
27287,-1,-1,-1,-1,-1,-1,-1
27289,-1,-1,-1,-1,-1,-1,-1
27291,-1,-1,-1,-1,-1,-1,-1
27293,-1,-1,-1,-1,-1,-1,-1
27295,-1,-1,-1,-1,-1,-1,-1
27297,-1,-1,-1,-1,-1,-1,-1
27299,-1,-1,-1,-1,-1,-1,-1
27301,-1,-1,-1,-1,-1,-1,-1
27303,-1,-1,-1,-1,-1,-1,-1
27305,-1,-1,-1,-1,-1,-1,-1
27307,-1,-1,-1,-1,-1,-1,-1
27309,-1,-1,-1,-1,-1,-1,-1
27311,-1,-1,-1,-1,-1,-1,-1
27313,-1,-1,-1,-1,-1,-1,-1
27315,-1,-1,-1,-1,-1,-1,-1
27317,-1,-1,-1,-1,-1,-1,-1
27319,-1,-1,-1,-1,-1,-1,-1
27321,-1,-1,-1,-1,-1,-1,-1
27323,-1,-1,-1,-1,-1,-1,-1
27325,-1,-1,-1,-1,-1,-1,-1
27327,-1,-1,-1,-1,-1,-1,-1
27329,-1,-1,-1,-1,-1,-1,-1
27331,-1,-1,-1,-1,-1,-1,-1
27333,-1,-1,-1,-1,-1,-1,-1
27335,-1,-1,-1,-1,-1,-1,-1
27337,-1,-1,-1,-1,-1,-1,-1
27339,-1,-1,-1,-1,-1,-1,-1
27341,-1,-1,-1,-1,-1,-1,-1
27343,-1,-1,-1,-1,-1,-1,-1
27345,-1,-1,-1,-1,-1,-1,-1
27347,-1,-1,-1,-1,-1,-1,-1
27349,-1,-1,-1,-1,-1,-1,-1
27351,-1,-1,-1,-1,-1,-1,-1
27353,-1,-1,-1,-1,-1,-1,-1
27355,-1,-1,-1,-1,-1,-1,-1
27357,-1,-1,-1,-1,-1,-1,-1
27967,-1,-1,-1,-1,-1,-1,-1
27969,-1,-1,-1,-1,-1,-1,-1
27971,-1,-1,-1,-1,-1,-1,-1
27973,-1,-1,-1,-1,-1,-1,-1
27975,-1,-1,-1,-1,-1,-1,-1
27977,-1,-1,-1,-1,-1,-1,-1
27979,-1,-1,-1,-1,-1,-1,-1
27981,-1,-1,-1,-1,-1,-1,-1
27983,-1,-1,-1,-1,-1,-1,-1
27985,-1,-1,-1,-1,-1,-1,-1
27987,-1,-1,-1,-1,-1,-1,-1
27989,-1,-1,-1,-1,-1,-1,-1
27991,-1,-1,-1,-1,-1,-1,-1
27993,-1,-1,-1,-1,-1,-1,-1
27995,-1,-1,-1,-1,-1,-1,-1
27997,-1,-1,-1,-1,-1,-1,-1
27999,-1,-1,-1,-1,-1,-1,-1
28001,-1,-1,-1,-1,-1,-1,-1
28003,-1,-1,-1,-1,-1,-1,-1
28005,-1,-1,-1,-1,-1,-1,-1
28007,-1,-1,-1,-1,-1,-1,-1
28009,-1,-1,-1,-1,-1,-1,-1
28011,-1,-1,-1,-1,-1,-1,-1
28013,-1,-1,-1,-1,-1,-1,-1
28015,-1,-1,-1,-1,-1,-1,-1
28017,-1,-1,-1,-1,-1,-1,-1
28019,-1,-1,-1,-1,-1,-1,-1
28021,-1,-1,-1,-1,-1,-1,-1
28023,-1,-1,-1,-1,-1,-1,-1
28025,-1,-1,-1,-1,-1,-1,-1
28027,-1,-1,-1,-1,-1,-1,-1
28029,-1,-1,-1,-1,-1,-1,-1
28031,-1,-1,-1,-1,-1,-1,-1
28033,-1,-1,-1,-1,-1,-1,-1
28035,-1,-1,-1,-1,-1,-1,-1
28037,-1,-1,-1,-1,-1,-1,-1
28039,-1,-1,-1,-1,-1,-1,-1
28041,-1,-1,-1,-1,-1,-1,-1
28043,-1,-1,-1,-1,-1,-1,-1
28045,-1,-1,-1,-1,-1,-1,-1
28047,-1,-1,-1,-1,-1,-1,-1
28049,-1,-1,-1,-1,-1,-1,-1
28051,-1,-1,-1,-1,-1,-1,-1
28053,-1,-1,-1,-1,-1,-1,-1
28055,-1,-1,-1,-1,-1,-1,-1
28057,-1,-1,-1,-1,-1,-1,-1
28059,-1,-1,-1,-1,-1,-1,-1
28061,-1,-1,-1,-1,-1,-1,-1
28063,-1,-1,-1,-1,-1,-1,-1
28065,-1,-1,-1,-1,-1,-1,-1
28067,-1,-1,-1,-1,-1,-1,-1
28069,-1,-1,-1,-1,-1,-1,-1
28071,-1,-1,-1,-1,-1,-1,-1
28073,-1,-1,-1,-1,-1,-1,-1
28075,-1,-1,-1,-1,-1,-1,-1
28077,-1,-1,-1,-1,-1,-1,-1
28079,-1,-1,-1,-1,-1,-1,-1
28081,-1,-1,-1,-1,-1,-1,-1
28083,-1,-1,-1,-1,-1,-1,-1
28085,-1,-1,-1,-1,-1,-1,-1
28087,-1,-1,-1,-1,-1,-1,-1
28089,-1,-1,-1,-1,-1,-1,-1
28091,-1,-1,-1,-1,-1,-1,-1
28093,-1,-1,-1,-1,-1,-1,-1
28095,-1,-1,-1,-1,-1,-1,-1
28097,-1,-1,-1,-1,-1,-1,-1
28099,-1,-1,-1,-1,-1,-1,-1
28101,-1,-1,-1,-1,-1,-1,-1
28103,-1,-1,-1,-1,-1,-1,-1
28105,-1,-1,-1,-1,-1,-1,-1
28107,-1,-1,-1,-1,-1,-1,-1
28109,-1,-1,-1,-1,-1,-1,-1
28111,-1,-1,-1,-1,-1,-1,-1
28113,-1,-1,-1,-1,-1,-1,-1
28115,-1,-1,-1,-1,-1,-1,-1
28117,-1,-1,-1,-1,-1,-1,-1
28119,-1,-1,-1,-1,-1,-1,-1
28121,-1,-1,-1,-1,-1,-1,-1
28123,-1,-1,-1,-1,-1,-1,-1
28125,-1,-1,-1,-1,-1,-1,-1
28127,-1,-1,-1,-1,-1,-1,-1
28129,-1,-1,-1,-1,-1,-1,-1
28131,-1,-1,-1,-1,-1,-1,-1
28133,-1,-1,-1,-1,-1,-1,-1
28135,-1,-1,-1,-1,-1,-1,-1
28137,-1,-1,-1,-1,-1,-1,-1
28139,-1,-1,-1,-1,-1,-1,-1
28141,-1,-1,-1,-1,-1,-1,-1
28143,-1,-1,-1,-1,-1,-1,-1
28145,-1,-1,-1,-1,-1,-1,-1
28147,-1,-1,-1,-1,-1,-1,-1
28149,-1,-1,-1,-1,-1,-1,-1
28151,-1,-1,-1,-1,-1,-1,-1
28153,-1,-1,-1,-1,-1,-1,-1
28155,-1,-1,-1,-1,-1,-1,-1
28157,-1,-1,-1,-1,-1,-1,-1
28159,-1,-1,-1,-1,-1,-1,-1
28161,-1,-1,-1,-1,-1,-1,-1
28163,-1,-1,-1,-1,-1,-1,-1
28165,-1,-1,-1,-1,-1,-1,-1
28167,-1,-1,-1,-1,-1,-1,-1
28169,-1,-1,-1,-1,-1,-1,-1
28171,-1,-1,-1,-1,-1,-1,-1
28173,-1,-1,-1,-1,-1,-1,-1
28175,-1,-1,-1,-1,-1,-1,-1
28177,-1,-1,-1,-1,-1,-1,-1
28179,-1,-1,-1,-1,-1,-1,-1
28181,-1,-1,-1,-1,-1,-1,-1
28183,-1,-1,-1,-1,-1,-1,-1
28185,-1,-1,-1,-1,-1,-1,-1
28187,-1,-1,-1,-1,-1,-1,-1
28189,-1,-1,-1,-1,-1,-1,-1
28191,-1,-1,-1,-1,-1,-1,-1
28193,-1,-1,-1,-1,-1,-1,-1
28195,-1,-1,-1,-1,-1,-1,-1
28197,-1,-1,-1,-1,-1,-1,-1
28199,-1,-1,-1,-1,-1,-1,-1
28201,-1,-1,-1,-1,-1,-1,-1
28203,-1,-1,-1,-1,-1,-1,-1
28205,-1,-1,-1,-1,-1,-1,-1
33245,-1,-1,-1,-1,-1,-1,-1
33247,-1,-1,-1,-1,-1,-1,-1
33249,-1,-1,-1,-1,-1,-1,-1
33251,-1,-1,-1,-1,-1,-1,-1
33253,-1,-1,-1,-1,-1,-1,-1
33255,-1,-1,-1,-1,-1,-1,-1
33257,-1,-1,-1,-1,-1,-1,-1
33259,-1,-1,-1,-1,-1,-1,-1
33261,-1,-1,-1,-1,-1,-1,-1
33263,-1,-1,-1,-1,-1,-1,-1
33265,-1,-1,-1,-1,-1,-1,-1
33267,-1,-1,-1,-1,-1,-1,-1
33269,-1,-1,-1,-1,-1,-1,-1
33271,-1,-1,-1,-1,-1,-1,-1
33273,-1,-1,-1,-1,-1,-1,-1
33275,-1,-1,-1,-1,-1,-1,-1
33277,-1,-1,-1,-1,-1,-1,-1
33279,-1,-1,-1,-1,-1,-1,-1
33281,-1,-1,-1,-1,-1,-1,-1
33283,-1,-1,-1,-1,-1,-1,-1
33285,-1,-1,-1,-1,-1,-1,-1
33287,-1,-1,-1,-1,-1,-1,-1
33289,-1,-1,-1,-1,-1,-1,-1
33291,-1,-1,-1,-1,-1,-1,-1
33293,-1,-1,-1,-1,-1,-1,-1
33295,-1,-1,-1,-1,-1,-1,-1
33297,-1,-1,-1,-1,-1,-1,-1
33299,-1,-1,-1,-1,-1,-1,-1
33301,-1,-1,-1,-1,-1,-1,-1
33303,-1,-1,-1,-1,-1,-1,-1
33305,-1,-1,-1,-1,-1,-1,-1
33307,-1,-1,-1,-1,-1,-1,-1
33309,-1,-1,-1,-1,-1,-1,-1
33311,-1,-1,-1,-1,-1,-1,-1
33313,-1,-1,-1,-1,-1,-1,-1
33315,-1,-1,-1,-1,-1,-1,-1
33317,-1,-1,-1,-1,-1,-1,-1
33319,-1,-1,-1,-1,-1,-1,-1
33321,-1,-1,-1,-1,-1,-1,-1
33323,-1,-1,-1,-1,-1,-1,-1
33325,-1,-1,-1,-1,-1,-1,-1
33327,-1,-1,-1,-1,-1,-1,-1
33329,-1,-1,-1,-1,-1,-1,-1
33331,-1,-1,-1,-1,-1,-1,-1
33333,-1,-1,-1,-1,-1,-1,-1
33335,-1,-1,-1,-1,-1,-1,-1
33337,-1,-1,-1,-1,-1,-1,-1
33339,-1,-1,-1,-1,-1,-1,-1
33341,-1,-1,-1,-1,-1,-1,-1
33343,-1,-1,-1,-1,-1,-1,-1
33345,-1,-1,-1,-1,-1,-1,-1
33347,-1,-1,-1,-1,-1,-1,-1
33349,-1,-1,-1,-1,-1,-1,-1
33351,-1,-1,-1,-1,-1,-1,-1
33353,-1,-1,-1,-1,-1,-1,-1
33355,-1,-1,-1,-1,-1,-1,-1
33357,-1,-1,-1,-1,-1,-1,-1
33359,-1,-1,-1,-1,-1,-1,-1
33361,-1,-1,-1,-1,-1,-1,-1
33363,-1,-1,-1,-1,-1,-1,-1
33365,-1,-1,-1,-1,-1,-1,-1
33367,-1,-1,-1,-1,-1,-1,-1
33369,-1,-1,-1,-1,-1,-1,-1
33371,-1,-1,-1,-1,-1,-1,-1
33373,-1,-1,-1,-1,-1,-1,-1
33375,-1,-1,-1,-1,-1,-1,-1
33377,-1,-1,-1,-1,-1,-1,-1
33379,-1,-1,-1,-1,-1,-1,-1
33381,-1,-1,-1,-1,-1,-1,-1
33383,-1,-1,-1,-1,-1,-1,-1
33385,-1,-1,-1,-1,-1,-1,-1
33387,-1,-1,-1,-1,-1,-1,-1
33389,-1,-1,-1,-1,-1,-1,-1
33391,-1,-1,-1,-1,-1,-1,-1
33393,-1,-1,-1,-1,-1,-1,-1
33395,-1,-1,-1,-1,-1,-1,-1
33397,-1,-1,-1,-1,-1,-1,-1
33399,-1,-1,-1,-1,-1,-1,-1
33401,-1,-1,-1,-1,-1,-1,-1
33403,-1,-1,-1,-1,-1,-1,-1
33405,-1,-1,-1,-1,-1,-1,-1
33407,-1,-1,-1,-1,-1,-1,-1
33409,-1,-1,-1,-1,-1,-1,-1
33411,-1,-1,-1,-1,-1,-1,-1
33413,-1,-1,-1,-1,-1,-1,-1
33415,-1,-1,-1,-1,-1,-1,-1
33417,-1,-1,-1,-1,-1,-1,-1
33419,-1,-1,-1,-1,-1,-1,-1
33421,-1,-1,-1,-1,-1,-1,-1
33423,-1,-1,-1,-1,-1,-1,-1
33425,-1,-1,-1,-1,-1,-1,-1
33427,-1,-1,-1,-1,-1,-1,-1
33429,-1,-1,-1,-1,-1,-1,-1
33431,-1,-1,-1,-1,-1,-1,-1
33433,-1,-1,-1,-1,-1,-1,-1
33435,-1,-1,-1,-1,-1,-1,-1
33437,-1,-1,-1,-1,-1,-1,-1
33439,-1,-1,-1,-1,-1,-1,-1
33441,-1,-1,-1,-1,-1,-1,-1
33443,-1,-1,-1,-1,-1,-1,-1
33445,-1,-1,-1,-1,-1,-1,-1
33447,-1,-1,-1,-1,-1,-1,-1
33449,-1,-1,-1,-1,-1,-1,-1
33451,-1,-1,-1,-1,-1,-1,-1
33453,-1,-1,-1,-1,-1,-1,-1
33455,-1,-1,-1,-1,-1,-1,-1
33457,-1,-1,-1,-1,-1,-1,-1
33459,-1,-1,-1,-1,-1,-1,-1
33461,-1,-1,-1,-1,-1,-1,-1
33463,-1,-1,-1,-1,-1,-1,-1
33465,-1,-1,-1,-1,-1,-1,-1
33467,-1,-1,-1,-1,-1,-1,-1
33469,-1,-1,-1,-1,-1,-1,-1
33471,-1,-1,-1,-1,-1,-1,-1
33473,-1,-1,-1,-1,-1,-1,-1
33475,-1,-1,-1,-1,-1,-1,-1
33477,-1,-1,-1,-1,-1,-1,-1
33479,-1,-1,-1,-1,-1,-1,-1
33481,-1,-1,-1,-1,-1,-1,-1
33483,-1,-1,-1,-1,-1,-1,-1
33485,-1,-1,-1,-1,-1,-1,-1
33487,-1,-1,-1,-1,-1,-1,-1
33489,-1,-1,-1,-1,-1,-1,-1
33491,-1,-1,-1,-1,-1,-1,-1
33493,-1,-1,-1,-1,-1,-1,-1
33495,-1,-1,-1,-1,-1,-1,-1
33497,-1,-1,-1,-1,-1,-1,-1
33499,-1,-1,-1,-1,-1,-1,-1
33501,-1,-1,-1,-1,-1,-1,-1
33503,-1,-1,-1,-1,-1,-1,-1
33505,-1,-1,-1,-1,-1,-1,-1
33507,-1,-1,-1,-1,-1,-1,-1
33509,-1,-1,-1,-1,-1,-1,-1
33511,-1,-1,-1,-1,-1,-1,-1
33513,-1,-1,-1,-1,-1,-1,-1
33515,-1,-1,-1,-1,-1,-1,-1
33517,-1,-1,-1,-1,-1,-1,-1
33903,-1,-1,-1,-1,-1,-1,-1
33905,-1,-1,-1,-1,-1,-1,-1
33971,-1,-1,-1,-1,-1,-1,-1
33973,-1,-1,-1,-1,-1,-1,-1
33975,-1,-1,-1,-1,-1,-1,-1
34363,-1,-1,-1,-1,-1,-1,-1
34365,-1,-1,-1,-1,-1,-1,-1
34367,-1,-1,-1,-1,-1,-1,-1
34369,-1,-1,-1,-1,-1,-1,-1
34371,-1,-1,-1,-1,-1,-1,-1
34373,-1,-1,-1,-1,-1,-1,-1
34375,-1,-1,-1,-1,-1,-1,-1
34377,-1,-1,-1,-1,-1,-1,-1
34379,-1,-1,-1,-1,-1,-1,-1
34381,-1,-1,-1,-1,-1,-1,-1
34383,-1,-1,-1,-1,-1,-1,-1
34385,-1,-1,-1,-1,-1,-1,-1
34387,-1,-1,-1,-1,-1,-1,-1
34389,-1,-1,-1,-1,-1,-1,-1
34391,-1,-1,-1,-1,-1,-1,-1
34393,-1,-1,-1,-1,-1,-1,-1
34395,-1,-1,-1,-1,-1,-1,-1
34397,-1,-1,-1,-1,-1,-1,-1
34399,-1,-1,-1,-1,-1,-1,-1
34401,-1,-1,-1,-1,-1,-1,-1
34439,-1,-1,-1,-1,-1,-1,-1
34441,-1,-1,-1,-1,-1,-1,-1
34673,-1,-1,-1,-1,-1,-1,-1
34675,-1,-1,-1,-1,-1,-1,-1
34693,-1,-1,-1,-1,-1,-1,-1
34695,-1,-1,-1,-1,-1,-1,-1
34797,-1,-1,-1,-1,-1,-1,-1
34859,-1,-1,-1,-1,-1,-1,-1
34861,-1,-1,-1,-1,-1,-1,-1
34863,-1,-1,-1,-1,-1,-1,-1
34865,-1,-1,-1,-1,-1,-1,-1
34867,-1,-1,-1,-1,-1,-1,-1
34869,-1,-1,-1,-1,-1,-1,-1
35243,-1,-1,-1,-1,-1,-1,-1
35245,-1,-1,-1,-1,-1,-1,-1
35247,-1,-1,-1,-1,-1,-1,-1
35249,-1,-1,-1,-1,-1,-1,-1
35251,-1,-1,-1,-1,-1,-1,-1
35253,-1,-1,-1,-1,-1,-1,-1
35255,-1,-1,-1,-1,-1,-1,-1
35257,-1,-1,-1,-1,-1,-1,-1
35259,-1,-1,-1,-1,-1,-1,-1
35261,-1,-1,-1,-1,-1,-1,-1
35263,-1,-1,-1,-1,-1,-1,-1
35265,-1,-1,-1,-1,-1,-1,-1
35267,-1,-1,-1,-1,-1,-1,-1
35269,-1,-1,-1,-1,-1,-1,-1
35271,-1,-1,-1,-1,-1,-1,-1
35401,-1,-1,-1,-1,-1,-1,-1
35403,-1,-1,-1,-1,-1,-1,-1
35405,-1,-1,-1,-1,-1,-1,-1
35407,-1,-1,-1,-1,-1,-1,-1
35409,-1,-1,-1,-1,-1,-1,-1
35411,-1,-1,-1,-1,-1,-1,-1
35413,-1,-1,-1,-1,-1,-1,-1
35415,-1,-1,-1,-1,-1,-1,-1
35417,-1,-1,-1,-1,-1,-1,-1
35419,-1,-1,-1,-1,-1,-1,-1
35421,-1,-1,-1,-1,-1,-1,-1
35423,-1,-1,-1,-1,-1,-1,-1
35425,-1,-1,-1,-1,-1,-1,-1
35427,-1,-1,-1,-1,-1,-1,-1
35429,-1,-1,-1,-1,-1,-1,-1
35431,-1,-1,-1,-1,-1,-1,-1
35433,-1,-1,-1,-1,-1,-1,-1
35435,-1,-1,-1,-1,-1,-1,-1
35437,-1,-1,-1,-1,-1,-1,-1
35439,-1,-1,-1,-1,-1,-1,-1
35441,-1,-1,-1,-1,-1,-1,-1
35443,-1,-1,-1,-1,-1,-1,-1
35445,-1,-1,-1,-1,-1,-1,-1
35447,-1,-1,-1,-1,-1,-1,-1
35449,-1,-1,-1,-1,-1,-1,-1
35451,-1,-1,-1,-1,-1,-1,-1
35453,-1,-1,-1,-1,-1,-1,-1
35455,-1,-1,-1,-1,-1,-1,-1
35457,-1,-1,-1,-1,-1,-1,-1
35459,-1,-1,-1,-1,-1,-1,-1
35461,-1,-1,-1,-1,-1,-1,-1
35463,-1,-1,-1,-1,-1,-1,-1
35465,-1,-1,-1,-1,-1,-1,-1
35467,-1,-1,-1,-1,-1,-1,-1
35469,-1,-1,-1,-1,-1,-1,-1
35471,-1,-1,-1,-1,-1,-1,-1
35473,-1,-1,-1,-1,-1,-1,-1
35475,-1,-1,-1,-1,-1,-1,-1
35477,-1,-1,-1,-1,-1,-1,-1
35479,-1,-1,-1,-1,-1,-1,-1
35481,-1,-1,-1,-1,-1,-1,-1
35483,-1,-1,-1,-1,-1,-1,-1
35485,-1,-1,-1,-1,-1,-1,-1
35487,-1,-1,-1,-1,-1,-1,-1
35489,-1,-1,-1,-1,-1,-1,-1
35491,-1,-1,-1,-1,-1,-1,-1
35493,-1,-1,-1,-1,-1,-1,-1
35495,-1,-1,-1,-1,-1,-1,-1
35497,-1,-1,-1,-1,-1,-1,-1
35499,-1,-1,-1,-1,-1,-1,-1
35501,-1,-1,-1,-1,-1,-1,-1
35503,-1,-1,-1,-1,-1,-1,-1
35505,-1,-1,-1,-1,-1,-1,-1
35507,-1,-1,-1,-1,-1,-1,-1
35509,-1,-1,-1,-1,-1,-1,-1
35511,-1,-1,-1,-1,-1,-1,-1
35513,-1,-1,-1,-1,-1,-1,-1
35515,-1,-1,-1,-1,-1,-1,-1
35517,-1,-1,-1,-1,-1,-1,-1
35519,-1,-1,-1,-1,-1,-1,-1
