JPGNumber,Race 0 Bubble 0,Race 0 Bubble 1,Race 0 Bubble 2,Race 0 Bubble 3
2294,1,0,0,0
2296,0,1,0,0
2298,1,0,0,0
2300,1,0,0,0
2302,1,0,0,0
2304,0,0,1,0
2306,1,0,0,0
2308,1,0,0,0
2310,0,0,1,0
2324,1,0,0,0
2326,0,0,1,0
2328,1,0,0,0
2330,1,0,0,0
2332,1,0,0,0
2334,0,0,1,0
2336,1,0,0,0
3030,0,1,0,0
3044,0,0,1,0
3046,0,1,0,0
3048,0,1,0,0
3050,4,0,0,0
3052,0,1,0,0
3054,1,0,0,0
3056,0,0,1,0
3058,0,1,0,0
3060,1,0,0,0
3062,0,0,1,0
3064,0,0,1,0
3066,1,0,0,0
3068,0,0,1,0
3070,0,0,1,0
3072,4,0,0,0
3074,0,1,0,0
3076,1,0,0,0
3078,1,0,0,0
3080,1,0,0,0
3082,0,0,1,0
3084,0,1,0,0
3086,0,0,1,0
3088,0,0,1,0
3090,0,0,1,0
3092,0,0,1,0
3094,0,0,1,0
3096,0,4,0,0
3098,0,1,0,0
3100,0,0,4,0
3102,0,0,1,0
3104,0,0,1,0
3106,0,0,5,0
3108,0,1,0,0
3110,0,0,1,0
3112,0,0,1,0
3114,0,1,0,0
3116,0,0,1,0
3118,0,0,1,0
3120,0,1,0,0
3122,1,0,0,0
3250,1,0,0,0
3252,4,0,0,0
3254,1,0,0,0
3256,0,0,1,0
3258,1,0,0,0
3260,0,0,0,0
3262,1,0,0,0
3264,1,0,0,0
3266,5,0,0,0
3268,0,0,1,0
3270,1,0,0,0
3272,0,1,0,0
3274,1,0,0,0
3276,0,0,5,0
3278,1,0,0,0
3280,1,0,0,0
3282,1,0,0,0
3284,0,0,1,0
3286,0,0,1,0
3288,0,0,1,0
3290,1,0,0,0
3292,0,0,0,0
3294,1,0,0,0
3296,1,0,0,0
3298,0,1,0,0
3300,1,0,0,0
3302,1,0,0,0
3304,1,0,0,0
3306,1,0,0,0
3308,1,0,0,0
3310,1,0,0,0
3312,1,0,0,0
3314,1,0,0,0
3316,1,0,0,0
3318,0,0,1,0
3320,1,0,0,0
3322,1,0,0,0
3324,0,0,1,0
3326,0,0,0,0
3328,1,0,0,0
3330,1,0,0,0
3332,0,1,0,0
3334,1,0,0,0
3336,0,0,1,0
3338,0,1,0,0
3340,0,0,1,0
3342,0,0,1,0
3344,0,0,1,0
3346,1,0,0,0
3348,1,0,0,0
3350,0,0,1,0
3352,0,0,1,0
3354,1,0,0,0
3356,0,0,1,0
3358,0,0,1,0
3360,0,1,0,0
3362,0,0,4,0
3364,0,1,0,0
3366,0,0,1,0
3368,0,0,1,0
3370,4,0,0,0
3372,0,0,1,0
3374,0,0,1,0
3376,0,0,2,0
3378,0,1,0,0
3380,0,0,1,0
3382,1,0,0,0
3384,0,0,1,0
3386,5,0,0,0
3388,0,0,1,0
3390,0,1,0,0
3392,1,0,0,0
3394,1,0,0,0
3396,0,0,1,0
3398,0,0,1,0
3400,0,0,1,0
3402,0,0,0,0
3404,1,0,0,0
3406,1,0,0,0
3408,0,0,1,0
3410,0,0,1,0
3412,0,1,0,0
3414,4,0,0,0
3416,1,0,0,0
3418,0,1,0,0
3420,1,0,0,0
3422,0,0,1,0
3424,1,0,0,0
3426,1,0,0,0
3428,0,0,1,0
3430,1,0,0,0
3432,0,0,0,0
3434,1,0,0,0
3436,0,0,1,0
3438,0,0,1,0
3440,0,0,1,0
3442,1,0,0,0
3444,0,0,1,0
3446,0,0,1,0
3448,1,0,0,0
3450,1,0,0,0
3452,5,0,0,0
4616,1,0,0,0
4618,0,4,0,0
4620,0,1,0,0
4622,0,4,0,0
4624,0,0,1,0
4626,0,0,1,0
4628,0,0,1,0
4630,0,0,1,0
4632,0,1,0,0
4634,1,0,0,0
4636,1,0,0,0
4638,1,0,0,0
4640,1,0,0,0
4642,0,0,1,0
4644,0,0,1,0
4646,0,0,1,0
4648,1,0,0,0
4650,0,0,1,0
4652,0,1,0,0
4654,0,1,0,0
4656,1,0,0,0
4658,0,0,1,0
4660,0,0,1,0
4662,0,0,1,0
4664,0,0,1,0
4666,0,1,0,0
4668,0,0,1,0
4670,1,0,0,0
4672,0,0,1,0
4674,0,0,1,0
4676,1,0,0,0
4678,1,0,0,0
4680,0,1,0,0
4682,0,0,4,0
4684,0,1,0,0
4686,4,0,0,0
4688,1,0,0,0
4690,0,1,0,0
4692,0,1,0,0
4694,0,0,1,0
4696,0,0,1,0
4698,1,0,0,0
4700,1,0,0,0
4702,1,0,0,0
4704,0,0,1,0
4706,0,0,1,0
4708,0,0,1,0
4710,0,0,1,0
4712,0,0,1,0
4714,0,0,1,0
4716,0,0,1,0
4718,0,0,1,0
4720,0,0,1,0
4722,0,1,0,0
4724,1,0,0,0
4726,1,0,0,0
4728,1,0,0,0
4730,1,0,0,0
4732,0,0,1,0
4734,0,0,1,0
4736,0,1,0,0
4738,0,0,1,0
4740,0,0,1,0
4742,0,1,0,0
4744,1,0,0,0
4746,4,0,0,0
4748,1,0,0,0
4750,0,0,1,0
4752,1,0,0,0
4754,1,0,0,0
4756,0,0,1,0
4758,1,0,0,0
4760,1,0,0,0
4762,1,0,0,0
4764,0,0,1,0
4766,0,1,0,0
4768,0,0,1,0
4770,0,0,1,0
4772,0,0,1,0
4774,0,0,1,0
4776,1,0,0,0
4778,0,0,1,0
4780,0,0,0,2
4782,1,0,0,0
4784,0,0,1,0
4786,0,0,1,0
4788,0,0,1,0
4790,1,0,0,0
4792,1,0,0,0
4794,1,0,0,0
4796,0,0,1,0
4798,1,0,0,0
4800,1,0,0,0
4802,1,0,0,0
4804,0,0,1,0
4806,1,0,0,0
4808,0,0,1,0
4810,0,0,1,0
4812,0,0,1,0
4814,1,0,0,0
4816,1,0,0,0
4818,0,0,1,0
4820,0,0,1,0
4822,0,0,0,0
4824,1,0,0,0
4826,1,0,0,0
4828,0,0,1,0
4830,0,0,1,0
4832,1,0,0,0
4834,1,0,0,0
4836,0,0,1,0
4838,0,1,0,0
4840,0,1,0,0
5256,0,0,2,0
5258,1,0,0,0
5260,1,0,0,0
5262,1,0,0,0
5264,0,0,1,0
5266,0,1,0,0
5268,1,0,0,0
5270,0,0,1,0
5272,0,0,1,0
5274,1,0,0,0
5276,1,0,0,0
5278,1,0,0,0
5280,0,0,1,0
5282,0,1,0,0
5284,0,0,1,0
5286,1,0,0,0
5288,0,0,2,0
5290,1,0,0,0
5292,0,0,1,0
5294,0,0,1,0
5296,1,0,0,0
5298,0,0,1,0
5300,1,0,0,0
5302,1,0,0,0
5304,1,0,0,0
5306,1,0,0,0
5308,1,0,0,0
5310,1,0,0,0
5312,1,0,0,0
5314,1,0,0,0
5316,0,0,1,0
5318,1,0,0,0
5320,1,0,0,0
5322,1,0,0,0
5324,0,0,4,0
5326,1,0,0,0
5328,1,0,0,0
5330,0,0,1,0
5332,1,0,0,0
5334,1,0,0,0
5988,1,0,0,0
5990,1,0,0,0
5992,0,0,1,0
5994,0,0,0,1
5996,0,0,0,1
5998,0,0,2,0
6000,0,0,1,0
6002,1,0,0,0
6004,1,0,0,0
7540,0,0,4,0
7542,0,0,1,0
7544,1,0,0,0
7546,1,0,0,0
7548,0,0,1,0
7550,1,0,0,0
7552,0,0,1,0
7554,0,1,0,0
7556,1,0,0,0
7558,0,0,0,1
7560,1,0,0,0
7562,1,0,0,0
7564,1,0,0,0
7566,0,0,1,0
7568,1,0,0,0
7570,0,1,0,0
7572,0,0,1,0
7574,0,0,1,0
7576,1,0,0,0
7578,0,0,1,0
7580,0,0,1,0
7582,0,0,1,0
7584,0,0,0,1
7586,1,0,0,0
7588,1,0,0,0
7590,1,0,0,0
7592,1,0,0,0
7594,1,0,0,0
7596,0,1,0,0
7598,0,0,1,0
7600,0,0,1,0
7602,0,0,1,0
7604,0,0,1,0
7606,1,0,0,0
7608,1,0,0,0
7610,0,0,1,0
7612,1,0,0,0
7614,0,1,0,0
7616,1,0,0,0
7618,0,0,0,0
7620,0,0,1,0
7622,0,1,0,0
7624,0,1,0,0
7626,0,1,0,0
7628,1,0,0,0
7630,0,0,1,0
7632,0,0,6,0
7634,0,0,1,0
7636,0,1,0,0
7638,0,0,1,0
7640,1,0,0,0
8150,1,0,0,0
8152,1,0,0,0
8154,0,0,1,0
8156,7,7,7,7
8158,0,0,1,0
8160,0,0,1,0
14870,0,1,0,0
14872,0,1,0,0
14874,0,0,1,0
14876,0,1,0,0
14878,0,1,0,0
14880,0,0,0,1
14882,1,0,0,0
14884,0,0,0,1
14886,0,0,1,0
14888,0,1,0,0
14890,0,0,1,0
14892,0,0,1,0
14894,1,0,0,0
14896,0,0,1,0
14898,0,1,0,0
14900,0,1,0,0
14902,0,0,1,0
14904,0,1,0,0
14906,0,6,0,0
14908,1,0,0,0
14910,0,0,1,0
14912,0,0,0,0
14914,1,0,0,0
14916,0,0,1,0
14918,0,1,0,0
14920,1,0,0,0
14922,1,0,0,0
14924,0,1,0,0
14926,0,0,1,0
14928,0,1,0,0
14930,0,0,1,0
14932,0,0,1,0
14934,0,0,1,0
14936,0,0,1,0
14938,1,0,0,0
14940,0,0,1,0
14942,1,0,0,0
14944,1,0,0,0
14946,0,1,0,0
14948,0,1,0,0
14950,0,1,0,0
14952,0,1,0,0
14954,1,0,0,0
14956,1,0,0,0
14958,0,1,0,0
14960,0,0,1,0
14962,0,0,1,0
14964,0,0,1,0
14966,0,0,2,0
14968,0,1,0,0
14970,0,0,1,0
14972,0,0,1,0
14974,2,0,0,0
14976,0,4,0,0
17042,0,0,1,0
17044,0,0,1,0
17046,0,0,1,0
17048,0,0,1,0
17050,0,1,0,0
17052,1,0,0,0
17054,0,1,0,0
17056,0,0,1,0
17058,0,1,0,0
17060,0,1,0,0
17062,1,0,0,0
17064,1,0,0,0
17066,0,0,1,0
17068,0,2,0,0
17070,0,1,0,0
17072,0,0,1,0
17074,0,1,0,0
17076,0,1,0,0
17078,0,1,0,0
17080,0,1,0,0
17082,0,1,0,0
17084,1,0,0,0
17086,1,0,0,0
17088,0,0,1,0
17090,1,0,0,0
17092,2,0,0,0
17094,0,0,1,0
17096,0,0,1,0
17098,1,0,0,0
17100,0,0,1,0
17102,0,0,5,0
17104,1,0,0,0
17106,0,0,1,0
17108,0,0,1,0
17110,1,0,0,0
17112,0,0,1,0
17114,0,0,1,0
17116,1,0,0,0
17118,1,0,0,0
17120,1,0,0,0
17122,1,0,0,0
17124,0,1,0,0
17126,0,0,0,0
17128,1,0,0,0
17130,1,0,0,0
17132,1,0,0,0
17134,0,0,1,0
17136,0,0,1,0
17138,0,0,1,0
17140,0,1,0,0
17142,1,0,0,0
17144,6,0,0,0
17146,0,0,1,0
17148,0,1,0,0
17150,0,1,0,0
17152,0,0,1,0
17154,1,0,0,0
17156,0,0,5,0
17158,0,0,1,0
17160,0,0,1,0
17162,0,1,0,0
17164,1,0,0,0
17166,1,0,0,0
17168,0,1,0,0
17170,1,0,0,0
17172,1,0,0,0
17174,0,0,1,0
17176,0,0,1,0
17178,0,1,0,0
17180,0,0,1,0
17182,0,0,4,0
17184,0,0,1,0
17186,0,0,1,0
17188,0,0,1,0
17190,1,0,0,0
17192,0,0,1,0
17194,1,0,0,0
17196,0,0,1,0
17198,0,0,1,0
17200,1,0,0,0
17202,0,1,0,0
17204,0,0,1,0
17206,1,0,0,0
17208,1,0,0,0
17210,0,0,1,0
17212,1,0,0,0
17214,0,0,1,0
17216,1,0,0,0
17218,1,0,0,0
17220,1,0,0,0
17222,0,0,8,0
17224,1,0,6,0
17226,0,0,1,0
17228,0,1,0,0
17230,0,0,1,0
17232,5,0,0,0
17234,0,1,0,0
17236,0,2,0,0
17238,0,2,0,0
17240,0,0,0,0
17242,0,0,1,0
17244,0,1,0,0
17246,1,0,0,0
17248,0,1,0,0
17250,0,0,1,0
17252,1,0,0,0
17254,1,0,0,0
17256,1,0,0,0
17258,4,0,0,0
17260,1,0,0,0
17262,0,1,0,0
17264,0,0,1,0
17266,0,1,0,0
17268,0,0,1,0
17270,6,0,0,0
17272,1,0,0,0
17274,0,0,1,0
17276,0,0,1,0
17278,0,0,1,0
17280,0,1,0,0
17282,0,1,0,0
17284,0,1,0,0
17286,4,0,0,0
17288,0,1,0,0
17290,0,0,2,0
17292,0,1,0,0
17294,0,1,0,0
17296,0,0,1,0
17298,0,0,1,0
17300,4,0,0,0
17302,0,0,1,0
17304,0,0,1,0
17306,0,1,0,0
17308,1,0,0,0
17310,1,0,0,0
17312,4,0,0,0
17314,1,0,0,0
17316,0,1,0,0
17318,1,0,0,0
17320,4,0,0,0
17322,0,0,1,0
17324,0,0,1,0
17326,1,0,0,0
17328,1,0,0,0
17330,1,0,0,0
17332,1,0,0,0
17334,0,0,2,0
17336,0,0,1,0
17338,0,0,1,0
17340,1,0,0,0
17342,0,0,1,0
17344,0,0,1,0
17346,0,0,4,0
17348,0,0,1,0
17350,0,0,1,0
17352,0,0,1,1
17354,0,0,4,0
17356,0,1,0,0
17358,0,0,1,0
17360,0,0,1,0
17362,0,0,1,0
17364,1,0,0,0
17366,1,0,0,0
17368,0,0,1,0
17370,0,0,1,0
17372,0,0,1,0
17374,0,0,1,0
17376,1,0,0,0
17378,1,0,0,0
17380,0,0,1,0
17382,0,1,0,0
17384,0,1,0,0
17386,0,1,0,0
17388,1,0,0,0
17390,0,0,1,0
17392,0,0,1,0
17394,1,0,0,0
17396,1,0,0,0
17398,1,0,0,0
17400,0,0,1,0
17402,0,1,0,0
17404,0,0,1,0
17406,0,0,1,0
17408,0,0,1,0
17410,1,0,0,0
17412,0,0,1,0
17414,0,0,1,0
17416,1,0,0,0
17418,0,0,0,0
17420,0,0,4,0
17422,0,0,1,0
17424,0,1,0,0
17426,0,1,0,0
17428,0,0,1,0
17430,0,0,1,0
17432,1,0,0,0
17434,4,0,0,0
17436,1,0,0,0
17438,1,0,0,0
17440,1,0,0,0
17442,1,0,0,0
17444,0,0,1,0
17446,0,0,1,0
17448,1,0,0,0
17450,4,0,0,0
17452,0,0,1,0
17454,0,0,1,0
17456,1,0,0,0
17458,0,1,0,0
17460,0,0,1,0
17462,0,0,1,0
17464,0,1,0,0
17466,1,0,0,0
17468,0,1,0,0
17470,0,0,1,0
17472,0,0,1,0
17474,0,0,1,0
17476,1,0,0,0
17478,0,0,1,0
17480,1,0,0,0
17482,1,0,0,0
17484,0,0,1,0
17486,1,0,0,0
17488,0,0,1,0
17490,0,0,1,0
17492,1,0,6,0
17494,0,0,1,0
17496,0,0,1,0
17498,0,0,1,0
17500,0,1,0,0
17502,0,0,1,0
17504,0,0,1,0
17506,1,0,0,0
17508,0,1,0,0
17510,1,0,0,0
17512,0,0,1,0
17514,0,0,1,0
17516,0,1,0,0
17518,0,0,1,0
17520,0,0,1,0
17522,0,1,0,0
17524,0,1,0,0
17526,0,1,0,0
17528,0,1,0,0
17530,1,0,0,0
17532,1,0,0,0
17534,0,0,1,0
17536,0,0,1,0
17538,1,0,0,0
17540,0,1,0,0
17542,0,0,1,0
17544,0,0,1,0
17546,0,0,1,0
17548,0,0,1,0
17550,0,0,1,0
17552,0,0,1,0
17554,0,0,1,0
17556,0,0,1,0
17558,0,0,1,0
17560,1,0,0,0
17562,6,0,0,0
17564,0,0,1,0
17566,0,0,1,0
17568,0,0,1,0
17570,1,0,0,0
17572,1,0,0,0
17574,1,0,0,0
17576,0,0,1,0
17578,0,0,1,0
17580,0,1,0,0
17582,1,0,0,0
17584,1,0,0,0
17586,0,0,1,0
17588,0,0,1,0
17590,1,0,0,0
17592,1,0,0,0
17594,1,0,0,0
17596,0,0,1,0
17598,1,0,0,0
17600,0,0,1,0
17602,0,0,1,0
17604,4,0,0,0
17606,0,0,1,0
17608,0,0,5,0
17610,0,0,1,0
17612,1,0,0,0
17614,2,0,0,0
17616,0,0,1,0
17618,0,0,1,0
17620,1,0,0,0
17622,0,0,1,0
17624,0,0,1,0
17626,0,0,4,0
17628,0,0,1,0
17630,0,0,1,0
17632,1,0,0,0
17634,1,0,0,0
17636,1,0,0,0
17638,0,0,1,0
17640,0,0,1,0
17642,0,0,1,0
17644,0,0,1,0
17646,1,0,0,0
17648,7,7,7,7
17650,0,0,1,0
17652,0,0,1,0
17654,1,0,0,0
17656,4,0,0,0
17658,0,0,1,0
17660,0,0,1,0
17662,0,0,1,0
17664,0,0,4,0
17666,0,0,1,0
17668,0,0,1,0
17670,0,0,1,0
17672,0,0,1,0
17674,0,1,0,0
17676,0,0,1,0
17678,0,1,0,0
17680,7,7,7,7
17682,0,0,1,0
17684,0,0,1,0
17686,1,0,0,0
17688,1,0,0,0
17690,0,1,0,0
17692,1,0,0,0
17694,0,0,1,0
17696,1,0,0,0
17698,1,0,0,0
17700,1,0,0,0
17702,1,0,0,0
17704,0,0,1,0
17706,1,0,0,0
17708,1,0,0,0
17710,0,1,0,0
17712,0,1,0,0
17714,0,0,1,0
17716,1,0,0,0
17718,1,0,0,0
17720,0,0,1,0
17722,0,0,1,0
17724,1,0,0,0
17726,1,0,0,0
17728,2,0,0,0
17730,0,1,0,0
17732,0,0,1,0
17734,7,7,7,7
17736,7,7,7,7
17738,7,7,7,7
17740,7,7,7,7
17742,0,0,1,0
17744,0,1,0,0
17746,0,1,0,0
17748,1,0,0,0
17750,1,0,0,0
17752,1,0,0,0
17754,1,0,0,0
17756,0,1,0,0
17758,0,1,0,0
17760,1,0,0,0
17762,4,0,0,0
17764,0,0,1,0
17766,1,0,0,0
17768,0,1,0,0
17770,1,0,0,0
17772,0,0,1,0
17774,1,0,0,0
17776,0,0,1,0
17778,0,0,1,0
17780,0,0,1,0
17782,0,0,1,0
17784,1,0,0,0
17786,1,0,0,0
17788,1,0,0,0
17790,0,0,1,0
17792,1,0,0,0
17794,0,0,1,0
17796,0,0,1,0
17798,0,1,0,0
17800,0,0,1,0
17802,0,0,1,0
17804,1,0,0,0
17806,1,0,0,0
17808,0,0,1,0
17810,1,0,0,0
17812,1,0,0,0
17814,2,0,0,0
17816,1,0,0,0
17818,0,0,1,0
17820,0,0,1,0
17822,0,0,1,0
17824,0,0,1,0
17826,0,0,1,0
17828,0,0,1,0
17830,0,0,1,0
17832,1,0,0,0
17834,1,0,0,0
17836,0,0,1,0
17838,1,0,0,0
17840,1,0,0,0
17842,0,0,1,0
17844,0,1,0,0
17846,0,1,0,0
17848,0,0,1,0
17850,0,0,5,0
17852,0,0,1,0
17854,0,0,1,0
17856,0,0,1,0
17858,0,0,1,0
17860,0,1,0,0
17862,0,1,0,0
17864,0,1,0,0
17866,0,0,1,0
17868,0,0,1,0
17870,0,0,1,0
17872,0,0,1,0
17874,0,0,1,0
17876,1,0,0,0
17878,0,0,1,0
17880,1,0,0,0
17882,0,0,1,0
17884,0,0,6,0
17886,0,1,0,0
17888,0,0,1,0
17890,1,0,0,0
17892,0,0,1,0
17894,0,0,1,0
17896,1,0,0,0
17898,0,0,3,0
17900,0,0,2,0
17902,1,0,0,0
17904,0,0,1,0
17906,0,0,1,0
17908,0,0,1,0
17910,0,0,1,0
17912,0,0,1,0
17914,0,0,1,0
17916,0,0,1,0
17918,0,0,1,0
17920,0,1,0,0
17922,1,0,0,0
17924,1,0,0,0
17926,1,0,0,0
17928,1,0,0,0
17930,0,0,2,0
17932,0,1,0,0
17934,0,0,1,0
17936,0,0,4,0
17938,1,0,0,0
17940,0,1,0,0
17942,0,1,0,0
17944,0,0,1,0
17946,1,0,0,0
17948,0,0,1,0
17950,1,0,0,0
17952,4,0,0,0
17954,0,0,1,0
17956,1,0,0,0
17958,1,0,0,0
17960,0,0,1,0
17962,0,0,1,0
17964,1,0,0,0
17966,0,0,4,0
17968,1,0,0,0
17970,0,0,1,0
17972,0,1,0,0
17974,0,0,1,0
17976,0,1,0,0
17978,1,0,0,0
17980,0,0,1,0
17982,1,0,0,0
17984,1,0,0,0
17986,0,0,1,0
17988,0,0,1,0
17990,0,0,1,0
17992,0,1,0,0
17994,0,0,1,0
17996,1,0,0,0
17998,0,0,1,0
18000,0,1,0,0
18002,1,0,0,0
18004,0,0,1,0
18006,0,0,1,0
18008,0,1,0,0
18010,0,1,0,0
18012,0,0,1,0
18014,1,0,0,0
18016,1,0,0,0
18018,0,0,1,0
18020,0,1,0,0
18022,1,0,0,0
18024,1,0,0,0
18026,1,0,0,0
18028,0,0,1,0
18030,1,0,0,0
18032,1,0,0,0
18034,0,1,0,0
18036,0,1,0,0
18038,0,0,1,0
18040,0,0,1,0
18042,0,0,1,0
18044,1,0,0,0
18046,0,1,0,0
18048,0,0,1,0
18050,1,0,0,0
18052,0,0,1,0
18054,1,0,0,0
18056,0,0,0,0
18058,1,0,0,0
18060,0,0,1,0
18062,0,1,0,0
18064,1,0,0,0
18066,0,1,0,0
18068,0,0,1,0
18070,0,0,1,0
18072,0,0,1,0
18074,1,0,0,0
18076,1,0,0,0
18078,1,0,0,0
18080,1,0,0,0
18082,1,0,0,0
18084,1,0,0,0
18086,0,0,0,1
18088,1,0,0,0
18090,0,0,1,0
18092,0,0,1,0
18094,1,0,0,0
18096,1,0,0,0
18098,1,0,0,0
18100,1,0,0,0
18102,0,0,0,0
18104,0,0,0,0
18106,1,0,0,0
18108,0,0,1,0
18110,0,0,1,0
18112,1,0,0,0
18114,0,0,1,0
18116,1,0,0,0
18118,1,0,0,0
18120,1,0,0,0
18122,1,0,0,0
18124,0,1,0,0
18126,0,0,1,0
18128,0,0,1,0
18130,1,0,0,0
18132,1,0,0,0
18134,1,0,0,0
18136,0,0,1,0
18138,1,0,0,0
18140,0,0,1,0
18142,0,0,2,0
18144,0,0,1,0
18146,0,0,1,0
18148,0,0,4,0
18150,0,0,4,0
18152,1,0,0,0
18154,1,0,0,0
18156,0,0,0,0
18158,1,0,0,0
18160,0,0,1,0
18162,1,0,0,0
18164,0,0,1,0
18166,0,0,1,0
18168,0,0,1,0
18170,1,0,0,0
18172,0,0,1,0
18174,0,0,1,0
18176,0,0,1,0
18178,0,0,1,0
18180,0,0,1,0
18182,0,0,4,0
18184,0,0,1,0
18186,0,1,0,0
18188,1,0,0,0
18190,1,0,0,0
18192,1,0,0,0
18194,0,0,1,0
18196,0,1,0,0
18198,1,0,0,0
18200,1,0,0,0
18202,0,0,1,0
18204,0,0,1,0
18206,0,0,1,0
18208,1,0,0,0
18210,1,0,0,0
18212,0,0,1,0
18214,0,0,4,0
18216,0,0,1,0
18218,0,0,1,0
18220,0,0,4,0
18222,1,0,0,0
18224,0,0,1,0
18226,0,0,1,0
18228,0,0,1,0
18230,1,0,0,0
18232,0,0,1,0
18234,0,0,1,0
18236,1,0,0,0
18238,1,0,0,0
18240,0,0,1,0
18242,0,0,1,0
18244,0,0,1,0
18246,0,0,2,0
18248,1,0,0,0
18250,0,0,1,0
18252,1,0,0,0
18254,0,1,0,0
18256,0,0,1,0
18258,0,0,1,0
18260,0,0,1,0
18262,0,4,0,0
18264,1,0,0,0
18266,0,1,0,0
18268,1,0,0,0
18270,0,0,1,0
18272,1,0,0,0
18274,0,1,0,0
18276,1,0,0,0
18278,1,0,0,0
18280,0,0,1,0
18282,0,1,0,0
18284,0,0,1,0
18286,0,0,1,0
18288,0,0,1,0
18290,1,0,0,0
18292,0,0,1,0
18294,0,0,1,0
18296,0,0,1,0
18298,1,0,0,0
18300,0,0,1,0
18302,1,0,0,0
18304,1,0,0,0
18306,0,0,1,0
18308,0,0,1,0
18310,0,1,0,0
18312,1,0,0,0
18314,1,0,0,0
18316,0,1,0,0
18318,0,0,1,0
18320,0,0,1,0
18322,0,0,1,0
18324,1,0,0,0
18326,1,0,0,0
18328,0,0,1,0
18330,0,0,1,0
18332,0,1,0,0
18334,1,0,0,0
18336,0,0,1,0
18338,0,0,1,0
18340,0,0,1,0
18342,0,1,0,0
18344,0,1,0,0
18346,1,0,0,0
18348,1,0,0,0
18350,0,1,0,0
18352,0,1,0,0
18354,4,0,0,0
18356,1,0,0,0
18358,0,0,1,0
18360,0,1,0,0
18362,1,0,0,0
18364,0,1,0,0
18366,0,0,1,0
18368,0,0,1,0
18370,0,1,0,0
18372,0,0,1,0
18374,0,0,1,0
18376,0,0,1,0
18378,0,1,0,0
18380,1,0,0,0
18382,1,0,0,0
18384,1,0,0,0
18386,0,1,0,0
18388,1,0,0,0
18390,1,0,0,0
19336,0,0,1,0
19338,1,0,0,0
19340,0,0,1,0
19342,0,0,1,0
19344,1,0,0,0
19346,1,0,0,0
19348,0,0,1,0
19350,1,0,0,0
19352,0,1,0,0
19354,0,1,0,0
19356,0,0,1,0
19358,1,0,0,0
19360,1,0,0,0
19362,0,0,1,0
19364,0,1,0,0
19366,0,0,1,0
19368,1,0,0,0
19370,0,0,1,0
19372,0,1,0,0
19374,0,0,1,0
19376,1,0,0,0
19378,1,0,0,0
19380,0,0,1,0
19382,0,0,1,0
19384,0,1,0,0
19386,1,0,0,0
19388,0,0,1,0
19390,0,0,1,0
19392,0,0,1,0
19394,1,1,1,0
19396,0,0,1,0
19398,1,0,0,0
19400,1,0,0,0
19402,0,0,0,1
19404,0,1,0,0
19406,0,0,5,0
19408,0,0,1,0
19410,0,0,1,0
19412,0,1,0,0
19414,0,1,0,0
19416,1,0,0,0
19418,0,0,1,0
19420,0,1,0,0
19422,1,0,0,0
19424,1,0,0,0
19426,1,0,0,0
19428,0,1,0,0
19430,0,0,1,0
19432,0,0,1,0
19434,1,0,0,0
19436,0,1,0,0
19438,0,0,1,0
19440,1,0,0,0
19442,1,0,0,0
19444,0,0,1,0
19446,0,0,1,0
19448,0,0,1,0
19450,0,1,0,0
19452,0,0,1,0
19454,1,0,0,0
19456,1,0,0,0
19458,0,0,0,1
19460,0,0,1,0
19462,1,0,0,0
19464,1,0,0,0
19466,0,0,1,0
19468,0,0,1,0
19470,0,0,1,0
19472,0,0,1,0
19474,1,0,0,0
19476,0,0,1,0
19478,0,0,1,0
19480,0,0,1,0
19482,0,0,1,0
19484,0,1,0,0
19486,0,0,0,1
19488,0,0,1,0
19490,0,0,1,0
19492,6,0,0,0
19494,0,0,1,0
19496,0,0,1,0
19498,0,0,1,0
19500,1,0,0,0
19502,0,0,0,0
19504,0,0,1,0
19506,1,0,0,0
19508,1,0,0,0
19510,0,1,0,0
19512,0,0,1,0
19514,0,0,1,0
19516,1,0,0,0
19518,1,0,0,0
19520,0,0,1,0
19522,1,0,0,0
19524,1,0,0,0
19526,1,0,0,0
19528,0,1,0,0
19530,1,0,0,0
19532,1,0,0,0
19534,0,0,1,0
19536,0,0,1,0
19538,0,0,1,0
19540,1,0,0,0
19542,0,1,0,0
19544,0,0,1,0
19546,1,0,0,0
19548,0,0,1,0
19550,0,0,1,0
19552,0,0,1,0
19554,0,1,0,0
19556,1,0,0,0
19558,1,0,0,0
19560,0,0,1,0
19562,0,0,1,0
19564,0,0,4,0
19566,0,0,1,0
19568,0,0,1,0
19570,0,0,6,0
19572,1,0,0,0
19574,1,0,0,0
19576,1,0,0,0
19578,0,1,0,0
19580,0,1,0,0
19582,0,0,1,0
19584,0,0,1,0
19586,0,0,1,0
19588,0,1,0,0
19590,1,0,0,0
19592,0,1,0,0
19594,0,1,0,0
19596,0,1,0,0
19598,0,0,1,0
19600,0,1,0,0
19602,0,1,0,0
19604,0,0,1,0
19606,1,0,0,0
19608,1,0,0,0
19610,1,0,0,0
19612,0,1,0,0
19614,1,0,0,0
19616,0,0,1,0
19618,0,1,0,0
19620,0,1,0,0
19622,0,0,1,0
19624,0,0,1,0
19626,0,0,1,0
19628,0,1,0,0
19630,0,0,1,0
19632,0,0,1,0
19634,0,1,0,0
19636,1,0,0,0
19638,0,6,0,0
19640,0,1,0,0
19642,0,0,1,0
19644,0,4,0,0
19646,1,0,0,0
19648,0,0,1,0
19650,0,0,1,0
19652,0,0,1,0
19654,0,0,1,0
19656,0,1,0,0
19658,1,0,0,0
19660,1,0,0,0
19662,0,0,1,0
19664,0,0,1,0
19666,4,0,0,0
19668,1,0,0,0
19670,0,0,1,0
19672,0,0,1,0
19674,1,0,0,0
19676,1,0,0,0
19678,0,0,1,0
19680,0,1,0,0
19682,2,0,0,0
19684,0,1,0,0
19686,1,0,0,0
19688,1,0,0,0
19690,0,0,1,0
19692,0,0,1,0
19694,0,4,0,0
19696,0,0,1,0
19698,0,0,1,0
19700,0,1,0,0
19702,0,0,1,0
19704,1,0,0,0
19706,0,0,1,0
19708,0,0,1,0
19710,0,0,4,0
19712,0,0,4,0
19714,0,0,1,0
19716,0,0,1,0
19718,1,0,0,0
19720,0,0,1,0
19722,0,0,1,0
19724,0,0,1,0
19726,1,0,0,0
19728,0,0,4,0
19730,0,0,1,0
19732,0,0,1,0
19734,1,0,0,0
19736,1,0,0,0
19738,1,0,0,0
19740,1,0,0,0
19742,0,2,0,0
19744,0,0,2,0
19746,0,0,1,0
19748,0,0,1,0
19750,1,0,0,0
19752,0,0,1,0
19754,0,0,1,0
19756,0,0,1,0
19758,0,0,1,0
19760,1,0,0,0
19762,1,0,0,0
19764,4,0,0,0
19766,7,7,7,7
19768,1,0,0,0
19770,1,0,0,0
19772,0,0,1,0
19774,0,1,0,0
19776,0,0,4,0
19778,1,0,0,0
19780,0,1,0,0
19782,0,1,0,0
19784,1,0,0,0
19786,1,0,0,0
19788,1,0,0,0
19790,1,0,0,0
19792,0,0,4,0
19794,1,0,0,0
19796,1,0,0,0
19798,0,0,1,0
19800,1,0,0,0
19802,1,0,0,0
19804,1,0,0,0
19806,1,0,0,0
19808,1,0,0,0
19810,1,0,0,0
19812,1,0,0,0
19814,1,0,0,0
19816,4,0,0,0
19818,0,0,1,0
19820,1,0,0,0
19822,0,1,0,0
19824,1,0,0,0
19826,0,0,5,0
19828,0,0,1,0
19830,4,0,0,0
19832,0,0,1,0
19834,1,0,0,0
19836,1,0,0,0
19838,0,1,0,0
19840,0,0,1,0
19842,0,0,1,0
19844,0,0,1,0
19846,0,0,1,0
19848,1,0,0,0
19850,0,0,1,0
19852,1,0,0,0
19854,4,0,0,0
19856,4,0,0,0
19858,0,0,1,0
19860,0,0,1,0
19862,0,0,1,0
19864,1,0,0,0
19866,0,0,1,0
19868,1,0,0,0
19870,0,1,0,0
19872,1,0,0,0
19874,1,0,0,0
19876,1,0,0,0
19878,4,0,0,0
19880,1,0,0,0
19882,4,0,0,0
19884,4,0,0,0
19886,0,0,1,0
19888,0,0,1,0
19890,0,0,1,0
19892,0,0,1,0
19894,0,1,0,0
19896,0,1,0,0
19898,1,0,0,0
19900,0,0,1,0
19902,0,0,1,0
19904,1,0,0,0
19906,1,0,0,0
19908,0,1,0,0
19910,1,0,0,0
19912,0,0,4,0
19914,0,0,1,0
19916,0,0,1,0
19918,1,0,0,0
19920,0,0,5,0
19922,1,0,0,0
19924,0,1,0,0
19926,0,1,0,0
19928,1,0,0,0
19930,1,0,0,0
19932,1,0,0,0
19934,1,0,0,0
19936,1,0,0,0
19938,1,0,0,0
19940,1,0,0,0
19942,1,0,0,0
19944,0,0,4,0
19946,0,0,1,0
19948,0,0,1,0
19950,0,0,1,0
19952,0,1,0,0
19954,1,0,0,0
19956,1,0,0,0
19958,1,0,0,0
19960,0,0,1,0
19962,1,0,0,0
19964,1,0,0,0
19966,0,1,0,0
19968,1,0,0,0
19970,1,0,0,0
19972,0,1,0,0
19974,0,0,1,0
19976,0,1,0,0
19978,0,0,1,0
19980,1,0,0,0
19982,1,0,0,0
19984,0,1,0,0
19986,1,0,0,0
19988,1,0,0,0
19990,1,0,0,0
19992,1,0,0,0
19994,0,1,0,0
19996,0,1,0,0
19998,0,0,1,0
20000,1,0,0,0
20002,0,0,1,0
20004,1,0,0,0
20006,1,0,0,0
20008,1,0,0,0
20010,1,0,0,0
20012,1,0,0,0
20014,1,0,0,0
20016,1,0,0,0
20018,0,1,0,0
20020,0,0,1,0
20022,1,0,0,0
20024,0,0,1,0
20026,0,0,1,0
20028,0,0,4,0
20030,0,0,4,0
20032,0,0,1,0
20034,1,0,0,0
20036,0,0,1,0
20038,0,0,1,0
20040,1,0,0,0
20042,1,0,0,0
20044,0,0,1,0
20046,0,0,1,0
20048,0,1,0,0
20050,0,0,1,0
20052,1,0,0,0
20054,1,0,0,0
20056,0,0,1,0
20058,0,0,4,0
20060,0,0,4,0
20062,4,0,0,0
20064,0,0,1,0
20066,0,1,0,0
20068,1,0,0,0
20070,0,0,1,0
20072,0,0,1,0
20074,1,0,0,0
20076,7,7,7,7
20078,7,7,7,7
20080,0,0,1,0
20082,0,0,1,0
20084,0,0,1,0
20086,1,0,0,0
20088,0,0,1,0
20090,0,0,1,0
20092,0,1,0,0
20094,0,0,1,0
20096,1,0,0,0
20098,1,0,0,0
20100,1,0,0,0
20102,0,0,1,0
20104,0,4,0,0
20106,0,0,1,0
20108,1,0,0,0
20110,4,0,0,0
20112,0,1,0,0
20114,0,0,1,0
20116,0,0,1,0
20118,0,0,1,0
20120,0,1,0,0
20122,0,0,1,0
20124,1,0,0,0
20126,1,0,0,0
20128,0,0,1,0
20130,0,0,1,0
20132,0,0,1,0
20134,0,1,0,0
20136,0,1,0,0
20138,1,0,0,0
20140,0,0,1,0
20142,0,1,0,0
20144,0,1,0,0
20146,0,0,1,0
20148,1,0,0,0
20150,1,0,0,0
20152,1,0,0,0
20154,1,0,0,0
20156,0,1,0,0
20158,1,0,0,0
20160,0,0,4,0
20162,0,1,0,0
20164,1,0,0,0
20166,0,0,1,0
20168,0,0,1,0
20170,1,0,0,0
20172,0,0,1,0
20174,0,0,1,0
20176,1,0,0,0
20178,0,0,4,0
20180,1,0,0,0
20182,1,0,0,0
20184,0,0,1,0
20186,4,0,0,0
20188,1,0,0,0
20190,4,0,0,0
20192,1,0,0,0
20194,0,0,1,0
20196,1,0,0,0
20198,0,1,0,0
20200,0,0,1,0
20202,1,0,0,0
20204,1,0,0,0
20206,0,1,0,0
20208,0,0,0,0
20210,0,0,0,0
20212,1,0,0,0
20214,1,0,0,0
20216,0,1,0,0
20218,1,0,0,0
20220,0,0,1,0
20222,0,0,0,2
20224,0,0,1,0
20226,1,0,0,0
20228,0,0,1,0
20230,1,0,0,0
20232,0,0,4,0
20234,0,1,0,0
20236,0,1,0,0
20238,0,0,1,0
20240,0,0,1,0
20242,0,1,0,0
20244,0,1,0,0
20246,0,0,1,0
20248,0,0,1,0
20250,1,0,0,0
20252,0,1,0,0
20254,1,0,0,0
20256,0,0,2,0
20258,0,0,1,0
20260,1,0,0,0
20262,0,0,0,0
20264,0,1,0,0
20266,0,0,1,0
20268,1,0,0,0
20270,2,0,0,0
20272,0,0,1,0
20274,0,0,1,0
20276,1,0,0,0
20278,1,0,0,0
20280,0,1,0,0
20282,1,0,0,0
20284,0,0,1,0
20286,4,0,0,0
20288,0,1,0,0
20290,0,0,1,0
20292,0,0,1,0
20294,0,0,1,0
20296,1,0,0,0
20298,0,0,1,0
20300,0,0,0,0
20302,0,0,4,0
20304,0,0,1,0
20306,1,0,0,0
20308,0,0,0,0
20310,1,0,0,0
20312,0,1,0,0
20314,0,1,0,0
20316,1,0,0,0
20318,0,1,0,0
20320,1,0,0,0
20322,1,0,0,0
20324,0,1,0,0
20326,0,0,1,0
20328,1,0,0,0
20330,0,1,0,0
20332,1,0,0,0
20334,0,1,0,0
20336,1,0,0,0
20338,0,0,1,0
20340,0,0,1,0
20342,0,0,1,0
20344,1,0,0,0
20346,1,0,0,0
20348,1,0,0,0
20350,0,4,0,0
20352,4,0,0,0
20354,0,0,4,0
20356,0,0,4,0
20358,0,0,1,0
20360,1,0,0,0
20362,0,0,1,0
20364,0,0,1,0
20366,0,0,1,0
20368,0,1,0,0
20370,1,0,0,0
20372,0,0,1,0
20374,1,0,0,0
20376,0,0,1,0
20378,0,4,0,0
20380,1,0,0,0
20382,-1,-1,-1,-1
20384,-1,-1,-1,-1
20386,-1,-1,-1,-1
20388,-1,-1,-1,-1
20390,-1,-1,-1,-1
20392,-1,-1,-1,-1
20394,-1,-1,-1,-1
20396,-1,-1,-1,-1
20398,-1,-1,-1,-1
20400,-1,-1,-1,-1
20402,-1,-1,-1,-1
20404,-1,-1,-1,-1
20406,-1,-1,-1,-1
20408,-1,-1,-1,-1
20410,-1,-1,-1,-1
20412,-1,-1,-1,-1
20414,-1,-1,-1,-1
20416,-1,-1,-1,-1
20418,-1,-1,-1,-1
20420,-1,-1,-1,-1
20422,-1,-1,-1,-1
20424,-1,-1,-1,-1
20426,-1,-1,-1,-1
20428,-1,-1,-1,-1
20430,-1,-1,-1,-1
20432,-1,-1,-1,-1
20434,-1,-1,-1,-1
20436,-1,-1,-1,-1
20438,-1,-1,-1,-1
20440,-1,-1,-1,-1
20442,-1,-1,-1,-1
20444,-1,-1,-1,-1
20446,-1,-1,-1,-1
20448,-1,-1,-1,-1
20450,-1,-1,-1,-1
20452,-1,-1,-1,-1
20454,-1,-1,-1,-1
20456,-1,-1,-1,-1
20458,-1,-1,-1,-1
20460,-1,-1,-1,-1
20462,-1,-1,-1,-1
20464,-1,-1,-1,-1
20466,-1,-1,-1,-1
20468,-1,-1,-1,-1
20470,-1,-1,-1,-1
20472,-1,-1,-1,-1
20474,-1,-1,-1,-1
20476,-1,-1,-1,-1
20478,-1,-1,-1,-1
20480,-1,-1,-1,-1
20482,-1,-1,-1,-1
20484,-1,-1,-1,-1
20486,-1,-1,-1,-1
20488,-1,-1,-1,-1
20490,-1,-1,-1,-1
20492,-1,-1,-1,-1
20494,-1,-1,-1,-1
20496,-1,-1,-1,-1
20498,-1,-1,-1,-1
20500,-1,-1,-1,-1
20502,-1,-1,-1,-1
20504,-1,-1,-1,-1
20506,-1,-1,-1,-1
20508,-1,-1,-1,-1
20510,-1,-1,-1,-1
20512,-1,-1,-1,-1
20514,-1,-1,-1,-1
20516,-1,-1,-1,-1
20518,-1,-1,-1,-1
20520,-1,-1,-1,-1
20522,-1,-1,-1,-1
20524,-1,-1,-1,-1
20526,-1,-1,-1,-1
20528,-1,-1,-1,-1
20530,-1,-1,-1,-1
20532,-1,-1,-1,-1
20534,-1,-1,-1,-1
20536,-1,-1,-1,-1
20538,-1,-1,-1,-1
20540,-1,-1,-1,-1
20542,-1,-1,-1,-1
20544,-1,-1,-1,-1
20546,-1,-1,-1,-1
20548,-1,-1,-1,-1
20550,-1,-1,-1,-1
20552,-1,-1,-1,-1
20554,-1,-1,-1,-1
20556,-1,-1,-1,-1
20558,-1,-1,-1,-1
20560,-1,-1,-1,-1
20562,-1,-1,-1,-1
20564,-1,-1,-1,-1
20566,-1,-1,-1,-1
20568,-1,-1,-1,-1
20570,-1,-1,-1,-1
20572,-1,-1,-1,-1
20574,-1,-1,-1,-1
20576,-1,-1,-1,-1
20578,-1,-1,-1,-1
20580,-1,-1,-1,-1
20582,-1,-1,-1,-1
20584,-1,-1,-1,-1
20586,-1,-1,-1,-1
20588,-1,-1,-1,-1
20590,-1,-1,-1,-1
20592,-1,-1,-1,-1
20594,-1,-1,-1,-1
20596,-1,-1,-1,-1
20598,-1,-1,-1,-1
20600,-1,-1,-1,-1
20602,-1,-1,-1,-1
20604,-1,-1,-1,-1
20606,-1,-1,-1,-1
20608,-1,-1,-1,-1
20610,-1,-1,-1,-1
20612,-1,-1,-1,-1
20614,-1,-1,-1,-1
20616,-1,-1,-1,-1
20618,-1,-1,-1,-1
20620,-1,-1,-1,-1
20622,-1,-1,-1,-1
20624,-1,-1,-1,-1
20626,-1,-1,-1,-1
20628,-1,-1,-1,-1
20630,-1,-1,-1,-1
20632,-1,-1,-1,-1
20634,-1,-1,-1,-1
20636,-1,-1,-1,-1
20638,-1,-1,-1,-1
20640,-1,-1,-1,-1
20642,-1,-1,-1,-1
20644,-1,-1,-1,-1
20646,-1,-1,-1,-1
20648,-1,-1,-1,-1
20650,-1,-1,-1,-1
20652,-1,-1,-1,-1
20654,-1,-1,-1,-1
20656,-1,-1,-1,-1
20658,-1,-1,-1,-1
20660,-1,-1,-1,-1
20662,-1,-1,-1,-1
20664,-1,-1,-1,-1
20666,-1,-1,-1,-1
20668,-1,-1,-1,-1
20670,-1,-1,-1,-1
20672,-1,-1,-1,-1
20674,-1,-1,-1,-1
20676,-1,-1,-1,-1
20678,-1,-1,-1,-1
20680,-1,-1,-1,-1
20682,-1,-1,-1,-1
20684,-1,-1,-1,-1
20686,-1,-1,-1,-1
20688,-1,-1,-1,-1
20690,-1,-1,-1,-1
20692,-1,-1,-1,-1
20694,-1,-1,-1,-1
20696,-1,-1,-1,-1
20698,-1,-1,-1,-1
20700,-1,-1,-1,-1
20702,-1,-1,-1,-1
20704,-1,-1,-1,-1
20706,-1,-1,-1,-1
20708,-1,-1,-1,-1
20710,-1,-1,-1,-1
20712,-1,-1,-1,-1
20714,-1,-1,-1,-1
20716,-1,-1,-1,-1
20718,-1,-1,-1,-1
20720,-1,-1,-1,-1
20722,-1,-1,-1,-1
20724,-1,-1,-1,-1
20726,-1,-1,-1,-1
20728,-1,-1,-1,-1
20730,-1,-1,-1,-1
20732,-1,-1,-1,-1
20734,-1,-1,-1,-1
20736,-1,-1,-1,-1
20738,-1,-1,-1,-1
20740,-1,-1,-1,-1
20742,-1,-1,-1,-1
20744,-1,-1,-1,-1
20746,-1,-1,-1,-1
20748,-1,-1,-1,-1
20750,-1,-1,-1,-1
20752,-1,-1,-1,-1
20754,-1,-1,-1,-1
20756,-1,-1,-1,-1
20758,-1,-1,-1,-1
20760,-1,-1,-1,-1
20762,-1,-1,-1,-1
20764,-1,-1,-1,-1
20766,-1,-1,-1,-1
20768,-1,-1,-1,-1
20770,-1,-1,-1,-1
20772,-1,-1,-1,-1
20774,-1,-1,-1,-1
20776,-1,-1,-1,-1
20778,-1,-1,-1,-1
20780,-1,-1,-1,-1
20782,-1,-1,-1,-1
20784,-1,-1,-1,-1
20786,-1,-1,-1,-1
20788,-1,-1,-1,-1
20790,-1,-1,-1,-1
20792,-1,-1,-1,-1
20794,-1,-1,-1,-1
20796,-1,-1,-1,-1
20798,-1,-1,-1,-1
20800,-1,-1,-1,-1
20802,-1,-1,-1,-1
20804,-1,-1,-1,-1
20806,-1,-1,-1,-1
20808,-1,-1,-1,-1
20810,-1,-1,-1,-1
20812,-1,-1,-1,-1
20814,-1,-1,-1,-1
20816,-1,-1,-1,-1
20818,-1,-1,-1,-1
20820,-1,-1,-1,-1
20822,-1,-1,-1,-1
20824,-1,-1,-1,-1
20826,-1,-1,-1,-1
20828,-1,-1,-1,-1
20830,-1,-1,-1,-1
20832,-1,-1,-1,-1
20834,-1,-1,-1,-1
20836,-1,-1,-1,-1
20838,-1,-1,-1,-1
20840,-1,-1,-1,-1
20842,-1,-1,-1,-1
20844,-1,-1,-1,-1
20846,-1,-1,-1,-1
20848,-1,-1,-1,-1
20850,-1,-1,-1,-1
20852,-1,-1,-1,-1
20854,-1,-1,-1,-1
20856,-1,-1,-1,-1
20858,-1,-1,-1,-1
20860,-1,-1,-1,-1
20862,-1,-1,-1,-1
20864,-1,-1,-1,-1
20866,-1,-1,-1,-1
20868,-1,-1,-1,-1
20870,-1,-1,-1,-1
20872,-1,-1,-1,-1
20874,-1,-1,-1,-1
20876,-1,-1,-1,-1
20878,-1,-1,-1,-1
20880,-1,-1,-1,-1
20882,-1,-1,-1,-1
20884,-1,-1,-1,-1
20886,-1,-1,-1,-1
20888,-1,-1,-1,-1
20890,-1,-1,-1,-1
20892,-1,-1,-1,-1
20894,-1,-1,-1,-1
20896,-1,-1,-1,-1
20898,-1,-1,-1,-1
20900,-1,-1,-1,-1
21162,-1,-1,-1,-1
21164,-1,-1,-1,-1
21166,-1,-1,-1,-1
21168,-1,-1,-1,-1
21170,-1,-1,-1,-1
21172,-1,-1,-1,-1
21174,-1,-1,-1,-1
21176,-1,-1,-1,-1
21178,-1,-1,-1,-1
21180,-1,-1,-1,-1
21182,-1,-1,-1,-1
21184,-1,-1,-1,-1
21186,-1,-1,-1,-1
21188,-1,-1,-1,-1
21190,-1,-1,-1,-1
21192,-1,-1,-1,-1
21194,-1,-1,-1,-1
21196,-1,-1,-1,-1
21198,-1,-1,-1,-1
21200,-1,-1,-1,-1
21202,-1,-1,-1,-1
21204,-1,-1,-1,-1
21206,-1,-1,-1,-1
21208,-1,-1,-1,-1
21210,-1,-1,-1,-1
21212,-1,-1,-1,-1
21214,-1,-1,-1,-1
21216,-1,-1,-1,-1
21218,-1,-1,-1,-1
21220,-1,-1,-1,-1
21222,-1,-1,-1,-1
21224,-1,-1,-1,-1
21226,-1,-1,-1,-1
21228,-1,-1,-1,-1
21230,-1,-1,-1,-1
21232,-1,-1,-1,-1
21234,-1,-1,-1,-1
21236,-1,-1,-1,-1
21238,-1,-1,-1,-1
21240,-1,-1,-1,-1
21242,-1,-1,-1,-1
21244,-1,-1,-1,-1
21246,-1,-1,-1,-1
21248,-1,-1,-1,-1
21250,-1,-1,-1,-1
21252,-1,-1,-1,-1
21254,-1,-1,-1,-1
21256,-1,-1,-1,-1
21258,-1,-1,-1,-1
21496,-1,-1,-1,-1
21498,-1,-1,-1,-1
21500,-1,-1,-1,-1
21502,-1,-1,-1,-1
21504,-1,-1,-1,-1
21506,-1,-1,-1,-1
21508,-1,-1,-1,-1
21510,-1,-1,-1,-1
21512,-1,-1,-1,-1
21514,-1,-1,-1,-1
21516,-1,-1,-1,-1
21518,-1,-1,-1,-1
21520,-1,-1,-1,-1
21522,-1,-1,-1,-1
21524,-1,-1,-1,-1
21526,-1,-1,-1,-1
21528,-1,-1,-1,-1
21530,-1,-1,-1,-1
21532,-1,-1,-1,-1
21534,-1,-1,-1,-1
21536,-1,-1,-1,-1
21538,-1,-1,-1,-1
21540,-1,-1,-1,-1
21542,-1,-1,-1,-1
21544,-1,-1,-1,-1
21546,-1,-1,-1,-1
21548,-1,-1,-1,-1
21550,-1,-1,-1,-1
21552,-1,-1,-1,-1
21554,-1,-1,-1,-1
21556,-1,-1,-1,-1
21558,-1,-1,-1,-1
21560,-1,-1,-1,-1
21562,-1,-1,-1,-1
21564,-1,-1,-1,-1
21566,-1,-1,-1,-1
21568,-1,-1,-1,-1
21570,-1,-1,-1,-1
21572,-1,-1,-1,-1
21574,-1,-1,-1,-1
21576,-1,-1,-1,-1
21578,-1,-1,-1,-1
21580,-1,-1,-1,-1
21582,-1,-1,-1,-1
21584,-1,-1,-1,-1
21586,-1,-1,-1,-1
21588,-1,-1,-1,-1
21590,-1,-1,-1,-1
21592,-1,-1,-1,-1
21594,-1,-1,-1,-1
21596,-1,-1,-1,-1
21598,-1,-1,-1,-1
21600,-1,-1,-1,-1
21602,-1,-1,-1,-1
21604,-1,-1,-1,-1
21606,-1,-1,-1,-1
21608,-1,-1,-1,-1
21610,-1,-1,-1,-1
21612,-1,-1,-1,-1
21614,-1,-1,-1,-1
21616,-1,-1,-1,-1
21618,-1,-1,-1,-1
21620,-1,-1,-1,-1
21622,-1,-1,-1,-1
21624,-1,-1,-1,-1
21626,-1,-1,-1,-1
21628,-1,-1,-1,-1
21630,-1,-1,-1,-1
21632,-1,-1,-1,-1
21634,-1,-1,-1,-1
21636,-1,-1,-1,-1
21638,-1,-1,-1,-1
21640,-1,-1,-1,-1
21642,-1,-1,-1,-1
21644,-1,-1,-1,-1
21646,-1,-1,-1,-1
21648,-1,-1,-1,-1
21650,-1,-1,-1,-1
21652,-1,-1,-1,-1
21654,-1,-1,-1,-1
21656,-1,-1,-1,-1
21658,-1,-1,-1,-1
21660,-1,-1,-1,-1
21662,-1,-1,-1,-1
21664,-1,-1,-1,-1
28930,-1,-1,-1,-1
28932,-1,-1,-1,-1
28934,-1,-1,-1,-1
28936,-1,-1,-1,-1
28938,-1,-1,-1,-1
28940,-1,-1,-1,-1
28942,-1,-1,-1,-1
28944,-1,-1,-1,-1
28946,-1,-1,-1,-1
28948,-1,-1,-1,-1
28950,-1,-1,-1,-1
28952,-1,-1,-1,-1
28954,-1,-1,-1,-1
28956,-1,-1,-1,-1
28958,-1,-1,-1,-1
28960,-1,-1,-1,-1
28962,-1,-1,-1,-1
28964,-1,-1,-1,-1
28966,-1,-1,-1,-1
28968,-1,-1,-1,-1
28970,-1,-1,-1,-1
28972,-1,-1,-1,-1
28974,-1,-1,-1,-1
28976,-1,-1,-1,-1
28978,-1,-1,-1,-1
28980,-1,-1,-1,-1
28982,-1,-1,-1,-1
28984,-1,-1,-1,-1
28986,-1,-1,-1,-1
28988,-1,-1,-1,-1
28990,-1,-1,-1,-1
28992,-1,-1,-1,-1
28994,-1,-1,-1,-1
28996,-1,-1,-1,-1
28998,-1,-1,-1,-1
29000,-1,-1,-1,-1
29002,-1,-1,-1,-1
29004,-1,-1,-1,-1
29006,-1,-1,-1,-1
29008,-1,-1,-1,-1
29010,-1,-1,-1,-1
29012,-1,-1,-1,-1
29014,-1,-1,-1,-1
29016,-1,-1,-1,-1
29018,-1,-1,-1,-1
29020,-1,-1,-1,-1
29022,-1,-1,-1,-1
29024,-1,-1,-1,-1
29026,-1,-1,-1,-1
29028,-1,-1,-1,-1
29030,-1,-1,-1,-1
29032,-1,-1,-1,-1
29034,-1,-1,-1,-1
29036,-1,-1,-1,-1
29038,-1,-1,-1,-1
29040,-1,-1,-1,-1
29042,-1,-1,-1,-1
29044,-1,-1,-1,-1
29046,-1,-1,-1,-1
29048,-1,-1,-1,-1
29050,-1,-1,-1,-1
29052,-1,-1,-1,-1
29054,-1,-1,-1,-1
29056,-1,-1,-1,-1
29058,-1,-1,-1,-1
29060,-1,-1,-1,-1
29062,-1,-1,-1,-1
29064,-1,-1,-1,-1
29066,-1,-1,-1,-1
29068,-1,-1,-1,-1
29070,-1,-1,-1,-1
29072,-1,-1,-1,-1
29074,-1,-1,-1,-1
29076,-1,-1,-1,-1
29078,-1,-1,-1,-1
29080,-1,-1,-1,-1
29082,-1,-1,-1,-1
29084,-1,-1,-1,-1
29086,-1,-1,-1,-1
29088,-1,-1,-1,-1
29090,-1,-1,-1,-1
29092,-1,-1,-1,-1
29094,-1,-1,-1,-1
29096,-1,-1,-1,-1
29098,-1,-1,-1,-1
29100,-1,-1,-1,-1
29102,-1,-1,-1,-1
29104,-1,-1,-1,-1
29106,-1,-1,-1,-1
29108,-1,-1,-1,-1
29110,-1,-1,-1,-1
29112,-1,-1,-1,-1
29114,-1,-1,-1,-1
29116,-1,-1,-1,-1
29118,-1,-1,-1,-1
29120,-1,-1,-1,-1
29122,-1,-1,-1,-1
29124,-1,-1,-1,-1
29126,-1,-1,-1,-1
29128,-1,-1,-1,-1
29130,-1,-1,-1,-1
29132,-1,-1,-1,-1
29134,-1,-1,-1,-1
29136,-1,-1,-1,-1
29138,-1,-1,-1,-1
29140,-1,-1,-1,-1
29142,-1,-1,-1,-1
29144,-1,-1,-1,-1
29146,-1,-1,-1,-1
29148,-1,-1,-1,-1
29150,-1,-1,-1,-1
29152,-1,-1,-1,-1
29154,-1,-1,-1,-1
29156,-1,-1,-1,-1
29158,-1,-1,-1,-1
29160,-1,-1,-1,-1
29162,-1,-1,-1,-1
29164,-1,-1,-1,-1
29166,-1,-1,-1,-1
29168,-1,-1,-1,-1
29170,-1,-1,-1,-1
29172,-1,-1,-1,-1
29174,-1,-1,-1,-1
29176,-1,-1,-1,-1
29178,-1,-1,-1,-1
29180,-1,-1,-1,-1
29182,-1,-1,-1,-1
29184,-1,-1,-1,-1
29186,-1,-1,-1,-1
29188,-1,-1,-1,-1
29190,-1,-1,-1,-1
29192,-1,-1,-1,-1
29194,-1,-1,-1,-1
29196,-1,-1,-1,-1
29198,-1,-1,-1,-1
29200,-1,-1,-1,-1
29202,-1,-1,-1,-1
29204,-1,-1,-1,-1
29206,-1,-1,-1,-1
29208,-1,-1,-1,-1
29210,-1,-1,-1,-1
29212,-1,-1,-1,-1
29214,-1,-1,-1,-1
29216,-1,-1,-1,-1
29218,-1,-1,-1,-1
29220,-1,-1,-1,-1
29222,-1,-1,-1,-1
29224,-1,-1,-1,-1
29226,-1,-1,-1,-1
29228,-1,-1,-1,-1
29230,-1,-1,-1,-1
29232,-1,-1,-1,-1
29234,-1,-1,-1,-1
29236,-1,-1,-1,-1
29238,-1,-1,-1,-1
29240,-1,-1,-1,-1
29242,-1,-1,-1,-1
29244,-1,-1,-1,-1
29246,-1,-1,-1,-1
29248,-1,-1,-1,-1
29250,-1,-1,-1,-1
29252,-1,-1,-1,-1
29254,-1,-1,-1,-1
29256,-1,-1,-1,-1
29258,-1,-1,-1,-1
29260,-1,-1,-1,-1
29262,-1,-1,-1,-1
29264,-1,-1,-1,-1
29266,-1,-1,-1,-1
29268,-1,-1,-1,-1
29270,-1,-1,-1,-1
29272,-1,-1,-1,-1
29274,-1,-1,-1,-1
29276,-1,-1,-1,-1
29278,-1,-1,-1,-1
29280,-1,-1,-1,-1
29282,-1,-1,-1,-1
29284,-1,-1,-1,-1
29286,-1,-1,-1,-1
29288,-1,-1,-1,-1
29290,-1,-1,-1,-1
29292,-1,-1,-1,-1
29294,-1,-1,-1,-1
29296,-1,-1,-1,-1
29298,-1,-1,-1,-1
29300,-1,-1,-1,-1
29302,-1,-1,-1,-1
29304,-1,-1,-1,-1
29306,-1,-1,-1,-1
29308,-1,-1,-1,-1
29310,-1,-1,-1,-1
29312,-1,-1,-1,-1
29314,-1,-1,-1,-1
29316,-1,-1,-1,-1
29318,-1,-1,-1,-1
29320,-1,-1,-1,-1
29322,-1,-1,-1,-1
29324,-1,-1,-1,-1
29326,-1,-1,-1,-1
29328,-1,-1,-1,-1
29330,-1,-1,-1,-1
29332,-1,-1,-1,-1
29334,-1,-1,-1,-1
29336,-1,-1,-1,-1
29338,-1,-1,-1,-1
29340,-1,-1,-1,-1
29342,-1,-1,-1,-1
29344,-1,-1,-1,-1
29346,-1,-1,-1,-1
29348,-1,-1,-1,-1
29350,-1,-1,-1,-1
29352,-1,-1,-1,-1
29354,-1,-1,-1,-1
29356,-1,-1,-1,-1
29358,-1,-1,-1,-1
29360,-1,-1,-1,-1
29362,-1,-1,-1,-1
29364,-1,-1,-1,-1
29366,-1,-1,-1,-1
29368,-1,-1,-1,-1
29370,-1,-1,-1,-1
29372,-1,-1,-1,-1
29374,-1,-1,-1,-1
29376,-1,-1,-1,-1
29378,-1,-1,-1,-1
29380,-1,-1,-1,-1
29382,-1,-1,-1,-1
29384,-1,-1,-1,-1
29386,-1,-1,-1,-1
29388,-1,-1,-1,-1
29390,-1,-1,-1,-1
29392,-1,-1,-1,-1
29394,-1,-1,-1,-1
29396,-1,-1,-1,-1
29398,-1,-1,-1,-1
29400,-1,-1,-1,-1
29402,-1,-1,-1,-1
29404,-1,-1,-1,-1
29406,-1,-1,-1,-1
29408,-1,-1,-1,-1
29410,-1,-1,-1,-1
29412,-1,-1,-1,-1
29414,-1,-1,-1,-1
29416,-1,-1,-1,-1
29418,-1,-1,-1,-1
29420,-1,-1,-1,-1
29422,-1,-1,-1,-1
29424,-1,-1,-1,-1
29426,-1,-1,-1,-1
29428,-1,-1,-1,-1
29430,-1,-1,-1,-1
29432,-1,-1,-1,-1
29434,-1,-1,-1,-1
29436,-1,-1,-1,-1
29438,-1,-1,-1,-1
29440,-1,-1,-1,-1
29442,-1,-1,-1,-1
29444,-1,-1,-1,-1
29446,-1,-1,-1,-1
29448,-1,-1,-1,-1
29450,-1,-1,-1,-1
29452,-1,-1,-1,-1
29454,-1,-1,-1,-1
29456,-1,-1,-1,-1
29458,-1,-1,-1,-1
29460,-1,-1,-1,-1
29462,-1,-1,-1,-1
29464,-1,-1,-1,-1
29466,-1,-1,-1,-1
29468,-1,-1,-1,-1
29470,-1,-1,-1,-1
29472,-1,-1,-1,-1
29474,-1,-1,-1,-1
29476,-1,-1,-1,-1
29478,-1,-1,-1,-1
29480,-1,-1,-1,-1
29482,-1,-1,-1,-1
29484,-1,-1,-1,-1
29486,-1,-1,-1,-1
29488,-1,-1,-1,-1
29490,-1,-1,-1,-1
29492,-1,-1,-1,-1
29494,-1,-1,-1,-1
29496,-1,-1,-1,-1
29498,-1,-1,-1,-1
29500,-1,-1,-1,-1
29502,-1,-1,-1,-1
29504,-1,-1,-1,-1
29506,-1,-1,-1,-1
29508,-1,-1,-1,-1
29510,-1,-1,-1,-1
29512,-1,-1,-1,-1
29514,-1,-1,-1,-1
29516,-1,-1,-1,-1
29518,-1,-1,-1,-1
29520,-1,-1,-1,-1
29522,-1,-1,-1,-1
29524,-1,-1,-1,-1
29526,-1,-1,-1,-1
29528,-1,-1,-1,-1
29530,-1,-1,-1,-1
29532,-1,-1,-1,-1
29534,-1,-1,-1,-1
29536,-1,-1,-1,-1
29538,-1,-1,-1,-1
29540,-1,-1,-1,-1
29542,-1,-1,-1,-1
29544,-1,-1,-1,-1
29546,-1,-1,-1,-1
29548,-1,-1,-1,-1
29550,-1,-1,-1,-1
29552,-1,-1,-1,-1
29554,-1,-1,-1,-1
29556,-1,-1,-1,-1
29558,-1,-1,-1,-1
29560,-1,-1,-1,-1
29562,-1,-1,-1,-1
29564,-1,-1,-1,-1
29566,-1,-1,-1,-1
29568,-1,-1,-1,-1
29570,-1,-1,-1,-1
29572,-1,-1,-1,-1
29574,-1,-1,-1,-1
29576,-1,-1,-1,-1
29578,-1,-1,-1,-1
29580,-1,-1,-1,-1
29582,-1,-1,-1,-1
29584,-1,-1,-1,-1
29586,-1,-1,-1,-1
29588,-1,-1,-1,-1
29590,-1,-1,-1,-1
29592,-1,-1,-1,-1
29594,-1,-1,-1,-1
29596,-1,-1,-1,-1
29598,-1,-1,-1,-1
29600,-1,-1,-1,-1
29602,-1,-1,-1,-1
29604,-1,-1,-1,-1
29606,-1,-1,-1,-1
29608,-1,-1,-1,-1
29610,-1,-1,-1,-1
29612,-1,-1,-1,-1
29614,-1,-1,-1,-1
29616,-1,-1,-1,-1
29618,-1,-1,-1,-1
29620,-1,-1,-1,-1
29622,-1,-1,-1,-1
29624,-1,-1,-1,-1
29626,-1,-1,-1,-1
29628,-1,-1,-1,-1
29630,-1,-1,-1,-1
29632,-1,-1,-1,-1
29634,-1,-1,-1,-1
29636,-1,-1,-1,-1
29638,-1,-1,-1,-1
29640,-1,-1,-1,-1
29642,-1,-1,-1,-1
29644,-1,-1,-1,-1
29646,-1,-1,-1,-1
29648,-1,-1,-1,-1
29650,-1,-1,-1,-1
29652,-1,-1,-1,-1
29654,-1,-1,-1,-1
29656,-1,-1,-1,-1
29658,-1,-1,-1,-1
29660,-1,-1,-1,-1
29662,-1,-1,-1,-1
29664,-1,-1,-1,-1
29666,-1,-1,-1,-1
29668,-1,-1,-1,-1
29670,-1,-1,-1,-1
29672,-1,-1,-1,-1
29674,-1,-1,-1,-1
29676,-1,-1,-1,-1
29678,-1,-1,-1,-1
29680,-1,-1,-1,-1
29682,-1,-1,-1,-1
29684,-1,-1,-1,-1
29686,-1,-1,-1,-1
29688,-1,-1,-1,-1
29690,-1,-1,-1,-1
29692,-1,-1,-1,-1
29694,-1,-1,-1,-1
29696,-1,-1,-1,-1
29698,-1,-1,-1,-1
29700,-1,-1,-1,-1
29702,-1,-1,-1,-1
29704,-1,-1,-1,-1
29706,-1,-1,-1,-1
29708,-1,-1,-1,-1
29710,-1,-1,-1,-1
29712,-1,-1,-1,-1
29714,-1,-1,-1,-1
29716,-1,-1,-1,-1
29718,-1,-1,-1,-1
29720,-1,-1,-1,-1
29722,-1,-1,-1,-1
29724,-1,-1,-1,-1
29726,-1,-1,-1,-1
29728,-1,-1,-1,-1
29730,-1,-1,-1,-1
29732,-1,-1,-1,-1
29734,-1,-1,-1,-1
29736,-1,-1,-1,-1
29738,-1,-1,-1,-1
29740,-1,-1,-1,-1
29742,-1,-1,-1,-1
29744,-1,-1,-1,-1
29746,-1,-1,-1,-1
29748,-1,-1,-1,-1
29750,-1,-1,-1,-1
29752,-1,-1,-1,-1
29754,-1,-1,-1,-1
29756,-1,-1,-1,-1
29758,-1,-1,-1,-1
29760,-1,-1,-1,-1
29762,-1,-1,-1,-1
29764,-1,-1,-1,-1
29766,-1,-1,-1,-1
29768,-1,-1,-1,-1
29770,-1,-1,-1,-1
29772,-1,-1,-1,-1
29774,-1,-1,-1,-1
29776,-1,-1,-1,-1
29778,-1,-1,-1,-1
29780,-1,-1,-1,-1
29782,-1,-1,-1,-1
29784,-1,-1,-1,-1
29786,-1,-1,-1,-1
29788,-1,-1,-1,-1
29790,-1,-1,-1,-1
29792,-1,-1,-1,-1
29794,-1,-1,-1,-1
29796,-1,-1,-1,-1
29798,-1,-1,-1,-1
29800,-1,-1,-1,-1
29802,-1,-1,-1,-1
29804,-1,-1,-1,-1
29806,-1,-1,-1,-1
29808,-1,-1,-1,-1
29810,-1,-1,-1,-1
29812,-1,-1,-1,-1
29814,-1,-1,-1,-1
29816,-1,-1,-1,-1
29818,-1,-1,-1,-1
29820,-1,-1,-1,-1
29822,-1,-1,-1,-1
29824,-1,-1,-1,-1
29826,-1,-1,-1,-1
29828,-1,-1,-1,-1
29830,-1,-1,-1,-1
29832,-1,-1,-1,-1
29834,-1,-1,-1,-1
29836,-1,-1,-1,-1
29838,-1,-1,-1,-1
29840,-1,-1,-1,-1
29842,-1,-1,-1,-1
29844,-1,-1,-1,-1
29846,-1,-1,-1,-1
29848,-1,-1,-1,-1
29850,-1,-1,-1,-1
29852,-1,-1,-1,-1
29854,-1,-1,-1,-1
29856,-1,-1,-1,-1
29858,-1,-1,-1,-1
29860,-1,-1,-1,-1
29862,-1,-1,-1,-1
29864,-1,-1,-1,-1
29866,-1,-1,-1,-1
29868,-1,-1,-1,-1
29870,-1,-1,-1,-1
29872,-1,-1,-1,-1
29874,-1,-1,-1,-1
29876,-1,-1,-1,-1
29878,-1,-1,-1,-1
29880,-1,-1,-1,-1
29882,-1,-1,-1,-1
29884,-1,-1,-1,-1
29886,-1,-1,-1,-1
29888,-1,-1,-1,-1
29890,-1,-1,-1,-1
29892,-1,-1,-1,-1
29894,-1,-1,-1,-1
29896,-1,-1,-1,-1
29898,-1,-1,-1,-1
29900,-1,-1,-1,-1
29902,-1,-1,-1,-1
29904,-1,-1,-1,-1
29906,-1,-1,-1,-1
29908,-1,-1,-1,-1
29910,-1,-1,-1,-1
29912,-1,-1,-1,-1
29914,-1,-1,-1,-1
29916,-1,-1,-1,-1
29918,-1,-1,-1,-1
29920,-1,-1,-1,-1
29922,-1,-1,-1,-1
29924,-1,-1,-1,-1
29926,-1,-1,-1,-1
29928,-1,-1,-1,-1
29930,-1,-1,-1,-1
29932,-1,-1,-1,-1
29934,-1,-1,-1,-1
29936,-1,-1,-1,-1
29938,-1,-1,-1,-1
29940,-1,-1,-1,-1
29942,-1,-1,-1,-1
29944,-1,-1,-1,-1
29946,-1,-1,-1,-1
29948,-1,-1,-1,-1
29950,-1,-1,-1,-1
29952,-1,-1,-1,-1
29954,-1,-1,-1,-1
29956,-1,-1,-1,-1
29958,-1,-1,-1,-1
29960,-1,-1,-1,-1
29962,-1,-1,-1,-1
29964,-1,-1,-1,-1
29966,-1,-1,-1,-1
29968,-1,-1,-1,-1
29970,-1,-1,-1,-1
29972,-1,-1,-1,-1
29974,-1,-1,-1,-1
29976,-1,-1,-1,-1
29978,-1,-1,-1,-1
29980,-1,-1,-1,-1
29982,-1,-1,-1,-1
29984,-1,-1,-1,-1
29986,-1,-1,-1,-1
29988,-1,-1,-1,-1
29990,-1,-1,-1,-1
29992,-1,-1,-1,-1
29994,-1,-1,-1,-1
29996,-1,-1,-1,-1
29998,-1,-1,-1,-1
30000,-1,-1,-1,-1
30002,-1,-1,-1,-1
30004,-1,-1,-1,-1
30006,-1,-1,-1,-1
30008,-1,-1,-1,-1
30010,-1,-1,-1,-1
30012,-1,-1,-1,-1
30014,-1,-1,-1,-1
30016,-1,-1,-1,-1
30018,-1,-1,-1,-1
30020,-1,-1,-1,-1
30022,-1,-1,-1,-1
30024,-1,-1,-1,-1
30026,-1,-1,-1,-1
30028,-1,-1,-1,-1
30030,-1,-1,-1,-1
30032,-1,-1,-1,-1
30034,-1,-1,-1,-1
30036,-1,-1,-1,-1
30038,-1,-1,-1,-1
30040,-1,-1,-1,-1
30042,-1,-1,-1,-1
30044,-1,-1,-1,-1
30046,-1,-1,-1,-1
30048,-1,-1,-1,-1
30050,-1,-1,-1,-1
30052,-1,-1,-1,-1
30054,-1,-1,-1,-1
30056,-1,-1,-1,-1
30058,-1,-1,-1,-1
30060,-1,-1,-1,-1
30062,-1,-1,-1,-1
30064,-1,-1,-1,-1
30066,-1,-1,-1,-1
30068,-1,-1,-1,-1
30070,-1,-1,-1,-1
30072,-1,-1,-1,-1
30074,-1,-1,-1,-1
30076,-1,-1,-1,-1
30078,-1,-1,-1,-1
30080,-1,-1,-1,-1
30082,-1,-1,-1,-1
30084,-1,-1,-1,-1
30086,-1,-1,-1,-1
30088,-1,-1,-1,-1
30090,-1,-1,-1,-1
30092,-1,-1,-1,-1
30094,-1,-1,-1,-1
30096,-1,-1,-1,-1
30098,-1,-1,-1,-1
30100,-1,-1,-1,-1
30102,-1,-1,-1,-1
30104,-1,-1,-1,-1
30106,-1,-1,-1,-1
30108,-1,-1,-1,-1
30110,-1,-1,-1,-1
30112,-1,-1,-1,-1
30114,-1,-1,-1,-1
30116,-1,-1,-1,-1
30118,-1,-1,-1,-1
30120,-1,-1,-1,-1
30122,-1,-1,-1,-1
30124,-1,-1,-1,-1
30126,-1,-1,-1,-1
30128,-1,-1,-1,-1
30130,-1,-1,-1,-1
30132,-1,-1,-1,-1
30134,-1,-1,-1,-1
30136,-1,-1,-1,-1
30138,-1,-1,-1,-1
30140,-1,-1,-1,-1
30142,-1,-1,-1,-1
30144,-1,-1,-1,-1
30146,-1,-1,-1,-1
30148,-1,-1,-1,-1
30150,-1,-1,-1,-1
30152,-1,-1,-1,-1
30154,-1,-1,-1,-1
30156,-1,-1,-1,-1
30158,-1,-1,-1,-1
30160,-1,-1,-1,-1
30162,-1,-1,-1,-1
30164,-1,-1,-1,-1
30166,-1,-1,-1,-1
30168,-1,-1,-1,-1
30170,-1,-1,-1,-1
30172,-1,-1,-1,-1
30174,-1,-1,-1,-1
30176,-1,-1,-1,-1
30178,-1,-1,-1,-1
30180,-1,-1,-1,-1
30182,-1,-1,-1,-1
30184,-1,-1,-1,-1
30186,-1,-1,-1,-1
30188,-1,-1,-1,-1
30190,-1,-1,-1,-1
30192,-1,-1,-1,-1
30194,-1,-1,-1,-1
30196,-1,-1,-1,-1
30198,-1,-1,-1,-1
30200,-1,-1,-1,-1
30202,-1,-1,-1,-1
30204,-1,-1,-1,-1
30206,-1,-1,-1,-1
30208,-1,-1,-1,-1
30210,-1,-1,-1,-1
30212,-1,-1,-1,-1
30214,-1,-1,-1,-1
30216,-1,-1,-1,-1
30218,-1,-1,-1,-1
30220,-1,-1,-1,-1
30222,-1,-1,-1,-1
30224,-1,-1,-1,-1
30226,-1,-1,-1,-1
30228,-1,-1,-1,-1
30230,-1,-1,-1,-1
30232,-1,-1,-1,-1
30234,-1,-1,-1,-1
30236,-1,-1,-1,-1
30238,-1,-1,-1,-1
30240,-1,-1,-1,-1
30242,-1,-1,-1,-1
30244,-1,-1,-1,-1
30246,-1,-1,-1,-1
30248,-1,-1,-1,-1
30250,-1,-1,-1,-1
30252,-1,-1,-1,-1
30254,-1,-1,-1,-1
30256,-1,-1,-1,-1
30258,-1,-1,-1,-1
30260,-1,-1,-1,-1
30262,-1,-1,-1,-1
30264,-1,-1,-1,-1
30266,-1,-1,-1,-1
30268,-1,-1,-1,-1
30270,-1,-1,-1,-1
30272,-1,-1,-1,-1
30274,-1,-1,-1,-1
30276,-1,-1,-1,-1
30278,-1,-1,-1,-1
30280,-1,-1,-1,-1
30282,-1,-1,-1,-1
30284,-1,-1,-1,-1
30286,-1,-1,-1,-1
30288,-1,-1,-1,-1
30290,-1,-1,-1,-1
30292,-1,-1,-1,-1
30294,-1,-1,-1,-1
30296,-1,-1,-1,-1
30298,-1,-1,-1,-1
30300,-1,-1,-1,-1
30302,-1,-1,-1,-1
30304,-1,-1,-1,-1
30306,-1,-1,-1,-1
30308,-1,-1,-1,-1
30310,-1,-1,-1,-1
30312,-1,-1,-1,-1
30314,-1,-1,-1,-1
30316,-1,-1,-1,-1
30318,-1,-1,-1,-1
30320,-1,-1,-1,-1
30322,-1,-1,-1,-1
30324,-1,-1,-1,-1
30326,-1,-1,-1,-1
30328,-1,-1,-1,-1
30330,-1,-1,-1,-1
30332,-1,-1,-1,-1
30334,-1,-1,-1,-1
30336,-1,-1,-1,-1
30338,-1,-1,-1,-1
30340,-1,-1,-1,-1
30342,-1,-1,-1,-1
30344,-1,-1,-1,-1
30346,-1,-1,-1,-1
30348,-1,-1,-1,-1
30350,-1,-1,-1,-1
30352,-1,-1,-1,-1
30354,-1,-1,-1,-1
30356,-1,-1,-1,-1
30358,-1,-1,-1,-1
30360,-1,-1,-1,-1
30362,-1,-1,-1,-1
30364,-1,-1,-1,-1
30366,-1,-1,-1,-1
30368,-1,-1,-1,-1
30370,-1,-1,-1,-1
30372,-1,-1,-1,-1
30374,-1,-1,-1,-1
30376,-1,-1,-1,-1
30378,-1,-1,-1,-1
30380,-1,-1,-1,-1
30382,-1,-1,-1,-1
30384,-1,-1,-1,-1
30386,-1,-1,-1,-1
30388,-1,-1,-1,-1
30390,-1,-1,-1,-1
30392,-1,-1,-1,-1
30394,-1,-1,-1,-1
30396,-1,-1,-1,-1
30398,-1,-1,-1,-1
30400,-1,-1,-1,-1
30402,-1,-1,-1,-1
30404,-1,-1,-1,-1
30406,-1,-1,-1,-1
30408,-1,-1,-1,-1
30410,-1,-1,-1,-1
30412,-1,-1,-1,-1
30414,-1,-1,-1,-1
30416,-1,-1,-1,-1
30418,-1,-1,-1,-1
30420,-1,-1,-1,-1
30422,-1,-1,-1,-1
30424,-1,-1,-1,-1
30426,-1,-1,-1,-1
30428,-1,-1,-1,-1
30430,-1,-1,-1,-1
30432,-1,-1,-1,-1
30434,-1,-1,-1,-1
30436,-1,-1,-1,-1
30438,-1,-1,-1,-1
30440,-1,-1,-1,-1
30442,-1,-1,-1,-1
30444,-1,-1,-1,-1
30446,-1,-1,-1,-1
30448,-1,-1,-1,-1
30450,-1,-1,-1,-1
30452,-1,-1,-1,-1
30454,-1,-1,-1,-1
30456,-1,-1,-1,-1
30458,-1,-1,-1,-1
30460,-1,-1,-1,-1
30462,-1,-1,-1,-1
30464,-1,-1,-1,-1
30466,-1,-1,-1,-1
30468,-1,-1,-1,-1
30470,-1,-1,-1,-1
30472,-1,-1,-1,-1
30474,-1,-1,-1,-1
30476,-1,-1,-1,-1
30478,-1,-1,-1,-1
30480,-1,-1,-1,-1
30482,-1,-1,-1,-1
30484,-1,-1,-1,-1
30486,-1,-1,-1,-1
30488,-1,-1,-1,-1
30490,-1,-1,-1,-1
30492,-1,-1,-1,-1
30494,-1,-1,-1,-1
30496,-1,-1,-1,-1
30498,-1,-1,-1,-1
30500,-1,-1,-1,-1
30502,-1,-1,-1,-1
30504,-1,-1,-1,-1
30506,-1,-1,-1,-1
30508,-1,-1,-1,-1
30510,-1,-1,-1,-1
30512,-1,-1,-1,-1
30514,-1,-1,-1,-1
30516,-1,-1,-1,-1
30518,-1,-1,-1,-1
30520,-1,-1,-1,-1
30522,-1,-1,-1,-1
30524,-1,-1,-1,-1
30526,-1,-1,-1,-1
30528,-1,-1,-1,-1
30530,-1,-1,-1,-1
30532,-1,-1,-1,-1
30534,-1,-1,-1,-1
30536,-1,-1,-1,-1
30538,-1,-1,-1,-1
30540,-1,-1,-1,-1
30542,-1,-1,-1,-1
30544,-1,-1,-1,-1
30546,-1,-1,-1,-1
30548,-1,-1,-1,-1
30550,-1,-1,-1,-1
30552,-1,-1,-1,-1
30554,-1,-1,-1,-1
30556,-1,-1,-1,-1
30558,-1,-1,-1,-1
30560,-1,-1,-1,-1
30562,-1,-1,-1,-1
30564,-1,-1,-1,-1
30566,-1,-1,-1,-1
30568,-1,-1,-1,-1
30570,-1,-1,-1,-1
30572,-1,-1,-1,-1
30574,-1,-1,-1,-1
30576,-1,-1,-1,-1
30578,-1,-1,-1,-1
30580,-1,-1,-1,-1
30582,-1,-1,-1,-1
30584,-1,-1,-1,-1
30586,-1,-1,-1,-1
30588,-1,-1,-1,-1
30590,-1,-1,-1,-1
30592,-1,-1,-1,-1
30594,-1,-1,-1,-1
30596,-1,-1,-1,-1
30598,-1,-1,-1,-1
30600,-1,-1,-1,-1
30602,-1,-1,-1,-1
30604,-1,-1,-1,-1
30606,-1,-1,-1,-1
30608,-1,-1,-1,-1
30610,-1,-1,-1,-1
30612,-1,-1,-1,-1
30614,-1,-1,-1,-1
30616,-1,-1,-1,-1
30618,-1,-1,-1,-1
30620,-1,-1,-1,-1
30622,-1,-1,-1,-1
30624,-1,-1,-1,-1
30626,-1,-1,-1,-1
30628,-1,-1,-1,-1
30630,-1,-1,-1,-1
30632,-1,-1,-1,-1
30634,-1,-1,-1,-1
30636,-1,-1,-1,-1
30638,-1,-1,-1,-1
30640,-1,-1,-1,-1
30642,-1,-1,-1,-1
30644,-1,-1,-1,-1
30646,-1,-1,-1,-1
30648,-1,-1,-1,-1
30650,-1,-1,-1,-1
30652,-1,-1,-1,-1
30654,-1,-1,-1,-1
30656,-1,-1,-1,-1
30658,-1,-1,-1,-1
30660,-1,-1,-1,-1
30662,-1,-1,-1,-1
30664,-1,-1,-1,-1
30666,-1,-1,-1,-1
30668,-1,-1,-1,-1
30670,-1,-1,-1,-1
30672,-1,-1,-1,-1
30674,-1,-1,-1,-1
30676,-1,-1,-1,-1
30678,-1,-1,-1,-1
30680,-1,-1,-1,-1
30682,-1,-1,-1,-1
30684,-1,-1,-1,-1
30686,-1,-1,-1,-1
30688,-1,-1,-1,-1
30690,-1,-1,-1,-1
30692,-1,-1,-1,-1
30694,-1,-1,-1,-1
30696,-1,-1,-1,-1
30698,-1,-1,-1,-1
30700,-1,-1,-1,-1
30702,-1,-1,-1,-1
30704,-1,-1,-1,-1
30706,-1,-1,-1,-1
30708,-1,-1,-1,-1
30710,-1,-1,-1,-1
30712,-1,-1,-1,-1
30714,-1,-1,-1,-1
30716,-1,-1,-1,-1
30718,-1,-1,-1,-1
30720,-1,-1,-1,-1
30722,-1,-1,-1,-1
30724,-1,-1,-1,-1
30726,-1,-1,-1,-1
30728,-1,-1,-1,-1
30730,-1,-1,-1,-1
30732,-1,-1,-1,-1
30734,-1,-1,-1,-1
30736,-1,-1,-1,-1
30738,-1,-1,-1,-1
30740,-1,-1,-1,-1
30742,-1,-1,-1,-1
30744,-1,-1,-1,-1
30746,-1,-1,-1,-1
30748,-1,-1,-1,-1
30750,-1,-1,-1,-1
30752,-1,-1,-1,-1
30754,-1,-1,-1,-1
30756,-1,-1,-1,-1
30758,-1,-1,-1,-1
30760,-1,-1,-1,-1
30762,-1,-1,-1,-1
30764,-1,-1,-1,-1
30766,-1,-1,-1,-1
30768,-1,-1,-1,-1
30770,-1,-1,-1,-1
30772,-1,-1,-1,-1
30774,-1,-1,-1,-1
30776,-1,-1,-1,-1
30778,-1,-1,-1,-1
30780,-1,-1,-1,-1
30782,-1,-1,-1,-1
30784,-1,-1,-1,-1
30786,-1,-1,-1,-1
30788,-1,-1,-1,-1
30790,-1,-1,-1,-1
30792,-1,-1,-1,-1
30794,-1,-1,-1,-1
30796,-1,-1,-1,-1
30798,-1,-1,-1,-1
30800,-1,-1,-1,-1
30802,-1,-1,-1,-1
30804,-1,-1,-1,-1
30806,-1,-1,-1,-1
30808,-1,-1,-1,-1
30810,-1,-1,-1,-1
30812,-1,-1,-1,-1
30814,-1,-1,-1,-1
30816,-1,-1,-1,-1
30818,-1,-1,-1,-1
30820,-1,-1,-1,-1
30822,-1,-1,-1,-1
30824,-1,-1,-1,-1
30826,-1,-1,-1,-1
30828,-1,-1,-1,-1
30830,-1,-1,-1,-1
30832,-1,-1,-1,-1
30834,-1,-1,-1,-1
30836,-1,-1,-1,-1
30838,-1,-1,-1,-1
30840,-1,-1,-1,-1
30842,-1,-1,-1,-1
30844,-1,-1,-1,-1
30846,-1,-1,-1,-1
30848,-1,-1,-1,-1
30850,-1,-1,-1,-1
30852,-1,-1,-1,-1
30854,-1,-1,-1,-1
30856,-1,-1,-1,-1
30858,-1,-1,-1,-1
30860,-1,-1,-1,-1
30862,-1,-1,-1,-1
30864,-1,-1,-1,-1
30866,-1,-1,-1,-1
30868,-1,-1,-1,-1
30870,-1,-1,-1,-1
30872,-1,-1,-1,-1
30874,-1,-1,-1,-1
30876,-1,-1,-1,-1
30878,-1,-1,-1,-1
30880,-1,-1,-1,-1
30882,-1,-1,-1,-1
30884,-1,-1,-1,-1
30886,-1,-1,-1,-1
30888,-1,-1,-1,-1
30890,-1,-1,-1,-1
30892,-1,-1,-1,-1
30894,-1,-1,-1,-1
30896,-1,-1,-1,-1
30898,-1,-1,-1,-1
30900,-1,-1,-1,-1
30902,-1,-1,-1,-1
30904,-1,-1,-1,-1
30906,-1,-1,-1,-1
30908,-1,-1,-1,-1
30910,-1,-1,-1,-1
30912,-1,-1,-1,-1
30914,-1,-1,-1,-1
30916,-1,-1,-1,-1
30918,-1,-1,-1,-1
30920,-1,-1,-1,-1
30922,-1,-1,-1,-1
30924,-1,-1,-1,-1
30926,-1,-1,-1,-1
30928,-1,-1,-1,-1
30930,-1,-1,-1,-1
30932,-1,-1,-1,-1
30934,-1,-1,-1,-1
30936,-1,-1,-1,-1
30938,-1,-1,-1,-1
30940,-1,-1,-1,-1
30942,-1,-1,-1,-1
30944,-1,-1,-1,-1
30946,-1,-1,-1,-1
30948,-1,-1,-1,-1
30950,-1,-1,-1,-1
30952,-1,-1,-1,-1
30954,-1,-1,-1,-1
30956,-1,-1,-1,-1
30958,-1,-1,-1,-1
30960,-1,-1,-1,-1
30962,-1,-1,-1,-1
30964,-1,-1,-1,-1
30966,-1,-1,-1,-1
30968,-1,-1,-1,-1
30970,-1,-1,-1,-1
30972,-1,-1,-1,-1
30974,-1,-1,-1,-1
30976,-1,-1,-1,-1
30978,-1,-1,-1,-1
30980,-1,-1,-1,-1
30982,-1,-1,-1,-1
30984,-1,-1,-1,-1
30986,-1,-1,-1,-1
30988,-1,-1,-1,-1
30990,-1,-1,-1,-1
30992,-1,-1,-1,-1
30994,-1,-1,-1,-1
30996,-1,-1,-1,-1
30998,-1,-1,-1,-1
31000,-1,-1,-1,-1
31002,-1,-1,-1,-1
31004,-1,-1,-1,-1
31006,-1,-1,-1,-1
31008,-1,-1,-1,-1
31010,-1,-1,-1,-1
31012,-1,-1,-1,-1
31014,-1,-1,-1,-1
31016,-1,-1,-1,-1
31018,-1,-1,-1,-1
31020,-1,-1,-1,-1
31022,-1,-1,-1,-1
33742,-1,-1,-1,-1
33744,-1,-1,-1,-1
33746,-1,-1,-1,-1
33748,-1,-1,-1,-1
33750,-1,-1,-1,-1
33752,-1,-1,-1,-1
33754,-1,-1,-1,-1
33756,-1,-1,-1,-1
33758,-1,-1,-1,-1
33760,-1,-1,-1,-1
33762,-1,-1,-1,-1
33764,-1,-1,-1,-1
33766,-1,-1,-1,-1
33768,-1,-1,-1,-1
33770,-1,-1,-1,-1
33908,-1,-1,-1,-1
33910,-1,-1,-1,-1
33980,-1,-1,-1,-1
33982,-1,-1,-1,-1
33984,-1,-1,-1,-1
33986,-1,-1,-1,-1
33988,-1,-1,-1,-1
33990,-1,-1,-1,-1
33992,-1,-1,-1,-1
33994,-1,-1,-1,-1
33996,-1,-1,-1,-1
33998,-1,-1,-1,-1
34000,-1,-1,-1,-1
34002,-1,-1,-1,-1
34004,-1,-1,-1,-1
34006,-1,-1,-1,-1
34008,-1,-1,-1,-1
34010,-1,-1,-1,-1
34012,-1,-1,-1,-1
34014,-1,-1,-1,-1
34016,-1,-1,-1,-1
34018,-1,-1,-1,-1
34020,-1,-1,-1,-1
34022,-1,-1,-1,-1
34024,-1,-1,-1,-1
34026,-1,-1,-1,-1
34028,-1,-1,-1,-1
34030,-1,-1,-1,-1
34032,-1,-1,-1,-1
34034,-1,-1,-1,-1
34036,-1,-1,-1,-1
34038,-1,-1,-1,-1
34040,-1,-1,-1,-1
34042,-1,-1,-1,-1
34044,-1,-1,-1,-1
34046,-1,-1,-1,-1
34048,-1,-1,-1,-1
34050,-1,-1,-1,-1
34052,-1,-1,-1,-1
34054,-1,-1,-1,-1
34056,-1,-1,-1,-1
34058,-1,-1,-1,-1
34060,-1,-1,-1,-1
34062,-1,-1,-1,-1
34064,-1,-1,-1,-1
34066,-1,-1,-1,-1
34068,-1,-1,-1,-1
34070,-1,-1,-1,-1
34072,-1,-1,-1,-1
34074,-1,-1,-1,-1
34076,-1,-1,-1,-1
34078,-1,-1,-1,-1
34080,-1,-1,-1,-1
34082,-1,-1,-1,-1
34084,-1,-1,-1,-1
34086,-1,-1,-1,-1
34088,-1,-1,-1,-1
34090,-1,-1,-1,-1
34092,-1,-1,-1,-1
34094,-1,-1,-1,-1
34096,-1,-1,-1,-1
34098,-1,-1,-1,-1
34100,-1,-1,-1,-1
34102,-1,-1,-1,-1
34104,-1,-1,-1,-1
34106,-1,-1,-1,-1
34108,-1,-1,-1,-1
34110,-1,-1,-1,-1
34112,-1,-1,-1,-1
34114,-1,-1,-1,-1
34116,-1,-1,-1,-1
34118,-1,-1,-1,-1
34120,-1,-1,-1,-1
34122,-1,-1,-1,-1
34124,-1,-1,-1,-1
34126,-1,-1,-1,-1
34128,-1,-1,-1,-1
34130,-1,-1,-1,-1
34132,-1,-1,-1,-1
34134,-1,-1,-1,-1
34136,-1,-1,-1,-1
34138,-1,-1,-1,-1
34140,-1,-1,-1,-1
34142,-1,-1,-1,-1
34144,-1,-1,-1,-1
34146,-1,-1,-1,-1
34148,-1,-1,-1,-1
34150,-1,-1,-1,-1
34152,-1,-1,-1,-1
34154,-1,-1,-1,-1
34156,-1,-1,-1,-1
34158,-1,-1,-1,-1
34160,-1,-1,-1,-1
34162,-1,-1,-1,-1
34164,-1,-1,-1,-1
34166,-1,-1,-1,-1
34168,-1,-1,-1,-1
34170,-1,-1,-1,-1
34172,-1,-1,-1,-1
34174,-1,-1,-1,-1
34176,-1,-1,-1,-1
34178,-1,-1,-1,-1
34180,-1,-1,-1,-1
34182,-1,-1,-1,-1
34184,-1,-1,-1,-1
34808,-1,-1,-1,-1
34810,-1,-1,-1,-1
34812,-1,-1,-1,-1
34814,-1,-1,-1,-1
34816,-1,-1,-1,-1
34818,-1,-1,-1,-1
34820,-1,-1,-1,-1
34822,-1,-1,-1,-1
34824,-1,-1,-1,-1
34826,-1,-1,-1,-1
34828,-1,-1,-1,-1
34830,-1,-1,-1,-1
34832,-1,-1,-1,-1
34834,-1,-1,-1,-1
34836,-1,-1,-1,-1
34838,-1,-1,-1,-1
34840,-1,-1,-1,-1
34842,-1,-1,-1,-1
34844,-1,-1,-1,-1
34846,-1,-1,-1,-1
34848,-1,-1,-1,-1
34850,-1,-1,-1,-1
34852,-1,-1,-1,-1
34854,-1,-1,-1,-1
34856,-1,-1,-1,-1
34858,-1,-1,-1,-1
34860,-1,-1,-1,-1
34862,-1,-1,-1,-1
34864,-1,-1,-1,-1
34866,-1,-1,-1,-1
34868,-1,-1,-1,-1
34870,-1,-1,-1,-1
