JPGNumber,Race 0 Bubble 0,Race 0 Bubble 1,Race 0 Bubble 2,Race 0 Bubble 3
2294,1,0,0,0
2296,0,1,0,0
2298,1,0,0,0
2300,1,0,0,0
2302,1,0,0,0
2304,0,0,1,0
2306,1,0,0,0
2308,1,0,0,0
2310,0,0,1,0
2324,1,0,0,0
2326,0,0,1,0
2328,1,0,0,0
2330,1,0,0,0
2332,1,0,0,0
2334,0,0,1,0
2336,1,0,0,0
3030,0,1,0,0
3044,0,0,1,0
3046,0,1,0,0
3048,0,1,0,0
3050,1,0,0,0
3052,0,1,0,0
3054,1,0,0,0
3056,0,0,1,0
3058,0,1,0,0
3060,1,0,0,0
3062,0,0,1,0
3064,0,0,1,0
3066,1,0,0,0
3068,0,0,1,0
3070,0,0,1,0
3072,1,0,0,0
3074,0,1,0,0
3076,1,0,0,0
3078,1,0,0,0
3080,1,0,0,0
3082,0,0,1,0
3084,0,1,0,0
3086,0,0,1,0
3088,0,0,1,0
3090,0,0,1,0
3092,0,0,1,0
3094,0,0,1,0
3096,0,1,0,0
3098,0,1,0,0
3100,0,0,1,0
3102,0,0,1,0
3104,0,0,1,0
3106,0,0,1,0
3108,0,1,0,0
3110,0,0,1,0
3112,0,0,1,0
3114,0,1,0,0
3116,0,0,1,0
3118,0,0,1,0
3120,0,1,0,0
3122,1,0,0,0
3250,1,0,0,0
3252,1,0,0,0
3254,1,0,0,0
3256,0,0,1,0
3258,1,0,0,0
3260,0,0,0,0
3262,1,0,0,0
3264,1,0,0,0
3266,1,0,0,0
3268,0,0,1,0
3270,1,0,0,0
3272,0,1,0,0
3274,1,0,0,0
3276,0,0,1,0
3278,1,0,0,0
3280,1,0,0,0
3282,1,0,0,0
3284,0,0,1,0
3286,0,0,1,0
3288,0,0,1,0
3290,1,0,0,0
3292,0,0,0,0
3294,1,0,0,0
3296,1,0,0,0
3298,0,1,0,0
3300,1,0,0,0
3302,1,0,0,0
3304,1,0,0,0
3306,1,0,0,0
3308,1,0,0,0
3310,1,0,0,0
3312,1,0,0,0
3314,1,0,0,0
3316,1,0,0,0
3318,0,0,1,0
3320,1,0,0,0
3322,1,0,0,0
3324,0,0,1,0
3326,0,0,0,0
3328,1,0,0,0
3330,1,0,0,0
3332,0,1,0,0
3334,1,0,0,0
3336,0,0,1,0
3338,0,1,0,0
3340,0,0,1,0
3342,0,0,1,0
3344,0,0,1,0
3346,1,0,0,0
3348,1,0,0,0
3350,0,0,1,0
3352,0,0,1,0
3354,1,0,0,0
3356,0,0,1,0
3358,0,0,1,0
3360,0,1,0,0
3362,0,0,1,0
3364,0,1,0,0
3366,0,0,1,0
3368,0,0,1,0
3370,1,0,0,0
3372,0,0,1,0
3374,0,0,1,0
3376,0,0,1,0
3378,0,1,0,0
3380,0,0,1,0
3382,1,0,0,0
3384,0,0,1,0
3386,1,0,0,0
3388,0,0,1,0
3390,0,1,0,0
3392,1,0,0,0
3394,1,0,0,0
3396,0,0,1,0
3398,0,0,1,0
3400,0,0,1,0
3402,0,0,0,0
3404,1,0,0,0
3406,1,0,0,0
3408,0,0,1,0
3410,0,0,1,0
3412,0,1,0,0
3414,1,0,0,0
3416,1,0,0,0
3418,0,1,0,0
3420,1,0,0,0
3422,0,0,1,0
3424,1,0,0,0
3426,1,0,0,0
3428,0,0,1,0
3430,1,0,0,0
3432,0,0,0,0
3434,1,0,0,0
3436,0,0,1,0
3438,0,0,1,0
3440,0,0,1,0
3442,1,0,0,0
3444,0,0,1,0
3446,0,0,1,0
3448,1,0,0,0
3450,1,0,0,0
3452,1,0,0,0
4616,1,0,0,0
4618,0,1,0,0
4620,0,1,0,0
4622,0,1,0,0
4624,0,0,1,0
4626,0,0,1,0
4628,0,0,1,0
4630,0,0,1,0
4632,0,1,0,0
4634,1,0,0,0
4636,1,0,0,0
4638,1,0,0,0
4640,1,0,0,0
4642,0,0,1,0
4644,0,0,1,0
4646,0,0,1,0
4648,1,0,0,0
4650,0,0,1,0
4652,0,1,0,0
4654,0,1,0,0
4656,1,0,0,0
4658,0,0,1,0
4660,0,0,1,0
4662,0,0,1,0
4664,0,0,1,0
4666,0,1,0,0
4668,0,0,1,0
4670,1,0,0,0
4672,0,0,1,0
4674,0,0,1,0
4676,1,0,0,0
4678,1,0,0,0
4680,0,1,0,0
4682,0,0,1,0
4684,0,1,0,0
4686,1,0,0,0
4688,1,0,0,0
4690,0,1,0,0
4692,0,1,0,0
4694,0,0,1,0
4696,0,0,1,0
4698,1,0,0,0
4700,1,0,0,0
4702,1,0,0,0
4704,0,0,1,0
4706,0,0,1,0
4708,0,0,1,0
4710,0,0,1,0
4712,0,0,1,0
4714,0,0,1,0
4716,0,0,1,0
4718,0,0,1,0
4720,0,0,1,0
4722,0,1,0,0
4724,1,0,0,0
4726,1,0,0,0
4728,1,0,0,0
4730,1,0,0,0
4732,0,0,1,0
4734,0,0,1,0
4736,0,1,0,0
4738,0,0,1,0
4740,0,0,1,0
4742,0,1,0,0
4744,1,0,0,0
4746,1,0,0,0
4748,1,0,0,0
4750,0,0,1,0
4752,1,0,0,0
4754,1,0,0,0
4756,0,0,1,0
4758,1,0,0,0
4760,1,0,0,0
4762,1,0,0,0
4764,0,0,1,0
4766,0,1,0,0
4768,0,0,1,0
4770,0,0,1,0
4772,0,0,1,0
4774,0,0,1,0
4776,1,0,0,0
4778,0,0,1,0
4780,0,0,0,1
4782,1,0,0,0
4784,0,0,1,0
4786,0,0,1,0
4788,0,0,1,0
4790,1,0,0,0
4792,1,0,0,0
4794,1,0,0,0
4796,0,0,1,0
4798,1,0,0,0
4800,1,0,0,0
4802,1,0,0,0
4804,0,0,1,0
4806,1,0,0,0
4808,0,0,1,0
4810,0,0,1,0
4812,0,0,1,0
4814,1,0,0,0
4816,1,0,0,0
4818,0,0,1,0
4820,0,0,1,0
4822,0,0,0,0
4824,1,0,0,0
4826,1,0,0,0
4828,0,0,1,0
4830,0,0,1,0
4832,1,0,0,0
4834,1,0,0,0
4836,0,0,1,0
4838,0,1,0,0
4840,0,1,0,0
5256,0,0,1,0
5258,1,0,0,0
5260,1,0,0,0
5262,1,0,0,0
5264,0,0,1,0
5266,0,1,0,0
5268,1,0,0,0
5270,0,0,1,0
5272,0,0,1,0
5274,1,0,0,0
5276,1,0,0,0
5278,1,0,0,0
5280,0,0,1,0
5282,0,1,0,0
5284,0,0,1,0
5286,1,0,0,0
5288,0,0,1,0
5290,1,0,0,0
5292,0,0,1,0
5294,0,0,1,0
5296,1,0,0,0
5298,0,0,1,0
5300,1,0,0,0
5302,1,0,0,0
5304,1,0,0,0
5306,1,0,0,0
5308,1,0,0,0
5310,1,0,0,0
5312,1,0,0,0
5314,1,0,0,0
5316,0,0,1,0
5318,1,0,0,0
5320,1,0,0,0
5322,1,0,0,0
5324,0,0,1,0
5326,1,0,0,0
5328,1,0,0,0
5330,0,0,1,0
5332,1,0,0,0
5334,1,0,0,0
5988,1,0,0,0
5990,1,0,0,0
5992,0,0,1,0
5994,0,0,0,1
5996,0,0,0,1
5998,0,0,1,0
6000,0,0,1,0
6002,1,0,0,0
6004,1,0,0,0
7540,0,0,1,0
7542,0,0,1,0
7544,1,0,0,0
7546,1,0,0,0
7548,0,0,1,0
7550,1,0,0,0
7552,0,0,1,0
7554,0,1,0,0
7556,1,0,0,0
7558,0,0,0,1
7560,1,0,0,0
7562,1,0,0,0
7564,1,0,0,0
7566,0,0,1,0
7568,1,0,0,0
7570,0,1,0,0
7572,0,0,1,0
7574,0,0,1,0
7576,1,0,0,0
7578,0,0,1,0
7580,0,0,1,0
7582,0,0,1,0
7584,0,0,0,1
7586,1,0,0,0
7588,1,0,0,0
7590,1,0,0,0
7592,1,0,0,0
7594,1,0,0,0
7596,0,1,0,0
7598,0,0,1,0
7600,0,0,1,0
7602,0,0,1,0
7604,0,0,1,0
7606,1,0,0,0
7608,1,0,0,0
7610,0,0,1,0
7612,1,0,0,0
7614,0,1,0,0
7616,1,0,0,0
7618,0,0,0,0
7620,0,0,1,0
7622,0,1,0,0
7624,0,1,0,0
7626,0,1,0,0
7628,1,0,0,0
7630,0,0,1,0
7632,0,0,1,0
7634,0,0,1,0
7636,0,1,0,0
7638,0,0,1,0
7640,1,0,0,0
8150,1,0,0,0
8152,1,0,0,0
8154,0,0,1,0
8156,7,7,7,7
8158,0,0,1,0
8160,0,0,1,0
14870,0,1,0,0
14872,0,1,0,0
14874,0,0,1,0
14876,0,1,0,0
14878,0,1,0,0
14880,0,0,0,1
14882,1,0,0,0
14884,0,0,0,1
14886,0,0,1,0
14888,0,1,0,0
14890,0,0,1,0
14892,0,0,1,0
14894,1,0,0,0
14896,0,0,1,0
14898,0,1,0,0
14900,0,1,0,0
14902,0,0,1,0
14904,0,1,0,0
14906,0,1,0,0
14908,1,0,0,0
14910,0,0,1,0
14912,0,0,0,0
14914,1,0,0,0
14916,0,0,1,0
14918,0,1,0,0
14920,1,0,0,0
14922,1,0,0,0
14924,0,1,0,0
14926,0,0,1,0
14928,0,1,0,0
14930,0,0,1,0
14932,0,0,1,0
14934,0,0,1,0
14936,0,0,1,0
14938,1,0,0,0
14940,0,0,1,0
14942,1,0,0,0
14944,1,0,0,0
14946,0,1,0,0
14948,0,1,0,0
14950,0,1,0,0
14952,0,1,0,0
14954,1,0,0,0
14956,1,0,0,0
14958,0,1,0,0
14960,0,0,1,0
14962,0,0,1,0
14964,0,0,1,0
14966,0,0,1,0
14968,0,1,0,0
14970,0,0,1,0
14972,0,0,1,0
14974,1,0,0,0
14976,0,1,0,0
17042,0,0,1,0
17044,0,0,1,0
17046,0,0,1,0
17048,0,0,1,0
17050,0,1,0,0
17052,1,0,0,0
17054,0,1,0,0
17056,0,0,1,0
17058,0,1,0,0
17060,0,1,0,0
17062,1,0,0,0
17064,1,0,0,0
17066,0,0,1,0
17068,0,1,0,0
17070,0,1,0,0
17072,0,0,1,0
17074,0,1,0,0
17076,0,1,0,0
17078,0,1,0,0
17080,0,1,0,0
17082,0,1,0,0
17084,1,0,0,0
17086,1,0,0,0
17088,0,0,1,0
17090,1,0,0,0
17092,1,0,0,0
17094,0,0,1,0
17096,0,0,1,0
17098,1,0,0,0
17100,0,0,1,0
17102,0,0,1,0
17104,1,0,0,0
17106,0,0,1,0
17108,0,0,1,0
17110,1,0,0,0
17112,0,0,1,0
17114,0,0,1,0
17116,1,0,0,0
17118,1,0,0,0
17120,1,0,0,0
17122,1,0,0,0
17124,0,1,0,0
17126,0,0,0,0
17128,1,0,0,0
17130,1,0,0,0
17132,1,0,0,0
17134,0,0,1,0
17136,0,0,1,0
17138,0,0,1,0
17140,0,1,0,0
17142,1,0,0,0
17144,1,0,0,0
17146,0,0,1,0
17148,0,1,0,0
17150,0,1,0,0
17152,0,0,1,0
17154,1,0,0,0
17156,0,0,1,0
17158,0,0,1,0
17160,0,0,1,0
17162,0,1,0,0
17164,1,0,0,0
17166,1,0,0,0
17168,0,1,0,0
17170,1,0,0,0
17172,1,0,0,0
17174,0,0,1,0
17176,0,0,1,0
17178,0,1,0,0
17180,0,0,1,0
17182,0,0,1,0
17184,0,0,1,0
17186,0,0,1,0
17188,0,0,1,0
17190,1,0,0,0
17192,0,0,1,0
17194,1,0,0,0
17196,0,0,1,0
17198,0,0,1,0
17200,1,0,0,0
17202,0,1,0,0
17204,0,0,1,0
17206,1,0,0,0
17208,1,0,0,0
17210,0,0,1,0
17212,1,0,0,0
17214,0,0,1,0
17216,1,0,0,0
17218,1,0,0,0
17220,1,0,0,0
17222,0,0,1,0
17224,1,0,0,0
17226,0,0,1,0
17228,0,1,0,0
17230,0,0,1,0
17232,1,0,0,0
17234,0,1,0,0
17236,0,1,0,0
17238,0,1,0,0
17240,0,0,0,0
17242,0,0,1,0
17244,0,1,0,0
17246,1,0,0,0
17248,0,1,0,0
17250,0,0,1,0
17252,1,0,0,0
17254,1,0,0,0
17256,1,0,0,0
17258,1,0,0,0
17260,1,0,0,0
17262,0,1,0,0
17264,0,0,1,0
17266,0,1,0,0
17268,0,0,1,0
17270,1,0,0,0
17272,1,0,0,0
17274,0,0,1,0
17276,0,0,1,0
17278,0,0,1,0
17280,0,1,0,0
17282,0,1,0,0
17284,0,1,0,0
17286,1,0,0,0
17288,0,1,0,0
17290,0,0,1,0
17292,0,1,0,0
17294,0,1,0,0
17296,0,0,1,0
17298,0,0,1,0
17300,1,0,0,0
17302,0,0,1,0
17304,0,0,1,0
17306,0,1,0,0
17308,1,0,0,0
17310,1,0,0,0
17312,1,0,0,0
17314,1,0,0,0
17316,0,1,0,0
17318,1,0,0,0
17320,1,0,0,0
17322,0,0,1,0
17324,0,0,1,0
17326,1,0,0,0
17328,1,0,0,0
17330,1,0,0,0
17332,1,0,0,0
17334,0,0,1,0
17336,0,0,1,0
17338,0,0,1,0
17340,1,0,0,0
17342,0,0,1,0
17344,0,0,1,0
17346,0,0,1,0
17348,0,0,1,0
17350,0,0,1,0
17352,0,0,1,1
17354,0,0,1,0
17356,0,1,0,0
17358,0,0,1,0
17360,0,0,1,0
17362,0,0,1,0
17364,1,0,0,0
17366,1,0,0,0
17368,0,0,1,0
17370,0,0,1,0
17372,0,0,1,0
17374,0,0,1,0
17376,1,0,0,0
17378,1,0,0,0
17380,0,0,1,0
17382,0,1,0,0
17384,0,1,0,0
17386,0,1,0,0
17388,1,0,0,0
17390,0,0,1,0
17392,0,0,1,0
17394,1,0,0,0
17396,1,0,0,0
17398,1,0,0,0
17400,0,0,1,0
17402,0,1,0,0
17404,0,0,1,0
17406,0,0,1,0
17408,0,0,1,0
17410,1,0,0,0
17412,0,0,1,0
17414,0,0,1,0
17416,1,0,0,0
17418,0,0,0,0
17420,0,0,1,0
17422,0,0,1,0
17424,0,1,0,0
17426,0,1,0,0
17428,0,0,1,0
17430,0,0,1,0
17432,1,0,0,0
17434,1,0,0,0
17436,1,0,0,0
17438,1,0,0,0
17440,1,0,0,0
17442,1,0,0,0
17444,0,0,1,0
17446,0,0,1,0
17448,1,0,0,0
17450,1,0,0,0
17452,0,0,1,0
17454,0,0,1,0
17456,1,0,0,0
17458,0,1,0,0
17460,0,0,1,0
17462,0,0,1,0
17464,0,1,0,0
17466,1,0,0,0
17468,0,1,0,0
17470,0,0,1,0
17472,0,0,1,0
17474,0,0,1,0
17476,1,0,0,0
17478,0,0,1,0
17480,1,0,0,0
17482,1,0,0,0
17484,0,0,1,0
17486,1,0,0,0
17488,0,0,1,0
17490,0,0,1,0
17492,1,0,0,0
17494,0,0,1,0
17496,0,0,1,0
17498,0,0,1,0
17500,0,1,0,0
17502,0,0,1,0
17504,0,0,1,0
17506,1,0,0,0
17508,0,1,0,0
17510,1,0,0,0
17512,0,0,1,0
17514,0,0,1,0
17516,0,1,0,0
17518,0,0,1,0
17520,0,0,1,0
17522,0,1,0,0
17524,0,1,0,0
17526,0,1,0,0
17528,0,1,0,0
17530,1,0,0,0
17532,1,0,0,0
17534,0,0,1,0
17536,0,0,1,0
17538,1,0,0,0
17540,0,1,0,0
17542,0,0,1,0
17544,0,0,1,0
17546,0,0,1,0
17548,0,0,1,0
17550,0,0,1,0
17552,0,0,1,0
17554,0,0,1,0
17556,0,0,1,0
17558,0,0,1,0
17560,1,0,0,0
17562,1,0,0,0
17564,0,0,1,0
17566,0,0,1,0
17568,0,0,1,0
17570,1,0,0,0
17572,1,0,0,0
17574,1,0,0,0
17576,0,0,1,0
17578,0,0,1,0
17580,0,1,0,0
17582,1,0,0,0
17584,1,0,0,0
17586,0,0,1,0
17588,0,0,1,0
17590,1,0,0,0
17592,1,0,0,0
17594,1,0,0,0
17596,0,0,1,0
17598,1,0,0,0
17600,0,0,1,0
17602,0,0,1,0
17604,1,0,0,0
17606,0,0,1,0
17608,0,0,1,0
17610,0,0,1,0
17612,1,0,0,0
17614,1,0,0,0
17616,0,0,1,0
17618,0,0,1,0
17620,1,0,0,0
17622,0,0,1,0
17624,0,0,1,0
17626,0,0,1,0
17628,0,0,1,0
17630,0,0,1,0
17632,1,0,0,0
17634,1,0,0,0
17636,1,0,0,0
17638,0,0,1,0
17640,0,0,1,0
17642,0,0,1,0
17644,0,0,1,0
17646,1,0,0,0
17648,7,7,7,7
17650,0,0,1,0
17652,0,0,1,0
17654,1,0,0,0
17656,1,0,0,0
17658,0,0,1,0
17660,0,0,1,0
17662,0,0,1,0
17664,0,0,1,0
17666,0,0,1,0
17668,0,0,1,0
17670,0,0,1,0
17672,0,0,1,0
17674,0,1,0,0
17676,0,0,1,0
17678,0,1,0,0
17680,7,7,7,7
17682,0,0,1,0
17684,0,0,1,0
17686,1,0,0,0
17688,1,0,0,0
17690,0,1,0,0
17692,1,0,0,0
17694,0,0,1,0
17696,1,0,0,0
17698,1,0,0,0
17700,1,0,0,0
17702,1,0,0,0
17704,0,0,1,0
17706,1,0,0,0
17708,1,0,0,0
17710,0,1,0,0
17712,0,1,0,0
17714,0,0,1,0
17716,1,0,0,0
17718,1,0,0,0
17720,0,0,1,0
17722,0,0,1,0
17724,1,0,0,0
17726,1,0,0,0
17728,1,0,0,0
17730,0,1,0,0
17732,0,0,1,0
17734,7,7,7,7
17736,7,7,7,7
17738,7,7,7,7
17740,7,7,7,7
17742,0,0,1,0
17744,0,1,0,0
17746,0,1,0,0
17748,1,0,0,0
17750,1,0,0,0
17752,1,0,0,0
17754,1,0,0,0
17756,0,1,0,0
17758,0,1,0,0
17760,1,0,0,0
17762,1,0,0,0
17764,0,0,1,0
17766,1,0,0,0
17768,0,1,0,0
17770,1,0,0,0
17772,0,0,1,0
17774,1,0,0,0
17776,0,0,1,0
17778,0,0,1,0
17780,0,0,1,0
17782,0,0,1,0
17784,1,0,0,0
17786,1,0,0,0
17788,1,0,0,0
17790,0,0,1,0
17792,1,0,0,0
17794,0,0,1,0
17796,0,0,1,0
17798,0,1,0,0
17800,0,0,1,0
17802,0,0,1,0
17804,1,0,0,0
17806,1,0,0,0
17808,0,0,1,0
17810,1,0,0,0
17812,1,0,0,0
17814,1,0,0,0
17816,1,0,0,0
17818,0,0,1,0
17820,0,0,1,0
17822,0,0,1,0
17824,0,0,1,0
17826,0,0,1,0
17828,0,0,1,0
17830,0,0,1,0
17832,1,0,0,0
17834,1,0,0,0
17836,0,0,1,0
17838,1,0,0,0
17840,1,0,0,0
17842,0,0,1,0
17844,0,1,0,0
17846,0,1,0,0
17848,0,0,1,0
17850,0,0,1,0
17852,0,0,1,0
17854,0,0,1,0
17856,0,0,1,0
17858,0,0,1,0
17860,0,1,0,0
17862,0,1,0,0
17864,0,1,0,0
17866,0,0,1,0
17868,0,0,1,0
17870,0,0,1,0
17872,0,0,1,0
17874,0,0,1,0
17876,1,0,0,0
17878,0,0,1,0
17880,1,0,0,0
17882,0,0,1,0
17884,0,0,1,0
17886,0,1,0,0
17888,0,0,1,0
17890,1,0,0,0
17892,0,0,1,0
17894,0,0,1,0
17896,1,0,0,0
17898,0,0,1,0
17900,0,0,1,0
17902,1,0,0,0
17904,0,0,1,0
17906,0,0,1,0
17908,0,0,1,0
17910,0,0,1,0
17912,0,0,1,0
17914,0,0,1,0
17916,0,0,1,0
17918,0,0,1,0
17920,0,1,0,0
17922,1,0,0,0
17924,1,0,0,0
17926,1,0,0,0
17928,1,0,0,0
17930,0,0,1,0
17932,0,1,0,0
17934,0,0,1,0
17936,0,0,1,0
17938,1,0,0,0
17940,0,1,0,0
17942,0,1,0,0
17944,0,0,1,0
17946,1,0,0,0
17948,0,0,1,0
17950,1,0,0,0
17952,1,0,0,0
17954,0,0,1,0
17956,1,0,0,0
17958,1,0,0,0
17960,0,0,1,0
17962,0,0,1,0
17964,1,0,0,0
17966,0,0,1,0
17968,1,0,0,0
17970,0,0,1,0
17972,0,1,0,0
17974,0,0,1,0
17976,0,1,0,0
17978,1,0,0,0
17980,0,0,1,0
17982,1,0,0,0
17984,1,0,0,0
17986,0,0,1,0
17988,0,0,1,0
17990,0,0,1,0
17992,0,1,0,0
17994,0,0,1,0
17996,1,0,0,0
17998,0,0,1,0
18000,0,1,0,0
18002,1,0,0,0
18004,0,0,1,0
18006,0,0,1,0
18008,0,1,0,0
18010,0,1,0,0
18012,0,0,1,0
18014,1,0,0,0
18016,1,0,0,0
18018,0,0,1,0
18020,0,1,0,0
18022,1,0,0,0
18024,1,0,0,0
18026,1,0,0,0
18028,0,0,1,0
18030,1,0,0,0
18032,1,0,0,0
18034,0,1,0,0
18036,0,1,0,0
18038,0,0,1,0
18040,0,0,1,0
18042,0,0,1,0
18044,1,0,0,0
18046,0,1,0,0
18048,0,0,1,0
18050,1,0,0,0
18052,0,0,1,0
18054,1,0,0,0
18056,0,0,0,0
18058,1,0,0,0
18060,0,0,1,0
18062,0,1,0,0
18064,1,0,0,0
18066,0,1,0,0
18068,0,0,1,0
18070,0,0,1,0
18072,0,0,1,0
18074,1,0,0,0
18076,1,0,0,0
18078,1,0,0,0
18080,1,0,0,0
18082,1,0,0,0
18084,1,0,0,0
18086,0,0,0,1
18088,1,0,0,0
18090,0,0,1,0
18092,0,0,1,0
18094,1,0,0,0
18096,1,0,0,0
18098,1,0,0,0
18100,1,0,0,0
18102,0,0,0,0
18104,0,0,0,0
18106,1,0,0,0
18108,0,0,1,0
18110,0,0,1,0
18112,1,0,0,0
18114,0,0,1,0
18116,1,0,0,0
18118,1,0,0,0
18120,1,0,0,0
18122,1,0,0,0
18124,0,1,0,0
18126,0,0,1,0
18128,0,0,1,0
18130,1,0,0,0
18132,1,0,0,0
18134,1,0,0,0
18136,0,0,1,0
18138,1,0,0,0
18140,0,0,1,0
18142,0,0,1,0
18144,0,0,1,0
18146,0,0,1,0
18148,0,0,1,0
18150,0,0,1,0
18152,1,0,0,0
18154,1,0,0,0
18156,0,0,0,0
18158,1,0,0,0
18160,0,0,1,0
18162,1,0,0,0
18164,0,0,1,0
18166,0,0,1,0
18168,0,0,1,0
18170,1,0,0,0
18172,0,0,1,0
18174,0,0,1,0
18176,0,0,1,0
18178,0,0,1,0
18180,0,0,1,0
18182,0,0,1,0
18184,0,0,1,0
18186,0,1,0,0
18188,1,0,0,0
18190,1,0,0,0
18192,1,0,0,0
18194,0,0,1,0
18196,0,1,0,0
18198,1,0,0,0
18200,1,0,0,0
18202,0,0,1,0
18204,0,0,1,0
18206,0,0,1,0
18208,1,0,0,0
18210,1,0,0,0
18212,0,0,1,0
18214,0,0,1,0
18216,0,0,1,0
18218,0,0,1,0
18220,0,0,1,0
18222,1,0,0,0
18224,0,0,1,0
18226,0,0,1,0
18228,0,0,1,0
18230,1,0,0,0
18232,0,0,1,0
18234,0,0,1,0
18236,1,0,0,0
18238,1,0,0,0
18240,0,0,1,0
18242,0,0,1,0
18244,0,0,1,0
18246,0,0,1,0
18248,1,0,0,0
18250,0,0,1,0
18252,1,0,0,0
18254,0,1,0,0
18256,0,0,1,0
18258,0,0,1,0
18260,0,0,1,0
18262,0,1,0,0
18264,1,0,0,0
18266,0,1,0,0
18268,1,0,0,0
18270,0,0,1,0
18272,1,0,0,0
18274,0,1,0,0
18276,1,0,0,0
18278,1,0,0,0
18280,0,0,1,0
18282,0,1,0,0
18284,0,0,1,0
18286,0,0,1,0
18288,0,0,1,0
18290,1,0,0,0
18292,0,0,1,0
18294,0,0,1,0
18296,0,0,1,0
18298,1,0,0,0
18300,0,0,1,0
18302,1,0,0,0
18304,1,0,0,0
18306,0,0,1,0
18308,0,0,1,0
18310,0,1,0,0
18312,1,0,0,0
18314,1,0,0,0
18316,0,1,0,0
18318,0,0,1,0
18320,0,0,1,0
18322,0,0,1,0
18324,1,0,0,0
18326,1,0,0,0
18328,0,0,1,0
18330,0,0,1,0
18332,0,1,0,0
18334,1,0,0,0
18336,0,0,1,0
18338,0,0,1,0
18340,0,0,1,0
18342,0,1,0,0
18344,0,1,0,0
18346,1,0,0,0
18348,1,0,0,0
18350,0,1,0,0
18352,0,1,0,0
18354,1,0,0,0
18356,1,0,0,0
18358,0,0,1,0
18360,0,1,0,0
18362,1,0,0,0
18364,0,1,0,0
18366,0,0,1,0
18368,0,0,1,0
18370,0,1,0,0
18372,0,0,1,0
18374,0,0,1,0
18376,0,0,1,0
18378,0,1,0,0
18380,1,0,0,0
18382,1,0,0,0
18384,1,0,0,0
18386,0,1,0,0
18388,1,0,0,0
18390,1,0,0,0
19336,0,0,1,0
19338,1,0,0,0
19340,0,0,1,0
19342,0,0,1,0
19344,1,0,0,0
19346,1,0,0,0
19348,0,0,1,0
19350,1,0,0,0
19352,0,1,0,0
19354,0,1,0,0
19356,0,0,1,0
19358,1,0,0,0
19360,1,0,0,0
19362,0,0,1,0
19364,0,1,0,0
19366,0,0,1,0
19368,1,0,0,0
19370,0,0,1,0
19372,0,1,0,0
19374,0,0,1,0
19376,1,0,0,0
19378,1,0,0,0
19380,0,0,1,0
19382,0,0,1,0
19384,0,1,0,0
19386,1,0,0,0
19388,0,0,1,0
19390,0,0,1,0
19392,0,0,1,0
19394,1,1,1,0
19396,0,0,1,0
19398,1,0,0,0
19400,1,0,0,0
19402,0,0,0,1
19404,0,1,0,0
19406,0,0,1,0
19408,0,0,1,0
19410,0,0,1,0
19412,0,1,0,0
19414,0,1,0,0
19416,1,0,0,0
19418,0,0,1,0
19420,0,1,0,0
19422,1,0,0,0
19424,1,0,0,0
19426,1,0,0,0
19428,0,1,0,0
19430,0,0,1,0
19432,0,0,1,0
19434,1,0,0,0
19436,0,1,0,0
19438,0,0,1,0
19440,1,0,0,0
19442,1,0,0,0
19444,0,0,1,0
19446,0,0,1,0
19448,0,0,1,0
19450,0,1,0,0
19452,0,0,1,0
19454,1,0,0,0
19456,1,0,0,0
19458,0,0,0,1
19460,0,0,1,0
19462,1,0,0,0
19464,1,0,0,0
19466,0,0,1,0
19468,0,0,1,0
19470,0,0,1,0
19472,0,0,1,0
19474,1,0,0,0
19476,0,0,1,0
19478,0,0,1,0
19480,0,0,1,0
19482,0,0,1,0
19484,0,1,0,0
19486,0,0,0,1
19488,0,0,1,0
19490,0,0,1,0
19492,1,0,0,0
19494,0,0,1,0
19496,0,0,1,0
19498,0,0,1,0
19500,1,0,0,0
19502,0,0,0,0
19504,0,0,1,0
19506,1,0,0,0
19508,1,0,0,0
19510,0,1,0,0
19512,0,0,1,0
19514,0,0,1,0
19516,1,0,0,0
19518,1,0,0,0
19520,0,0,1,0
19522,1,0,0,0
19524,1,0,0,0
19526,1,0,0,0
19528,0,1,0,0
19530,1,0,0,0
19532,1,0,0,0
19534,0,0,1,0
19536,0,0,1,0
19538,0,0,1,0
19540,1,0,0,0
19542,0,1,0,0
19544,0,0,1,0
19546,1,0,0,0
19548,0,0,1,0
19550,0,0,1,0
19552,0,0,1,0
19554,0,1,0,0
19556,1,0,0,0
19558,1,0,0,0
19560,0,0,1,0
19562,0,0,1,0
19564,0,0,1,0
19566,0,0,1,0
19568,0,0,1,0
19570,0,0,1,0
19572,1,0,0,0
19574,1,0,0,0
19576,1,0,0,0
19578,0,1,0,0
19580,0,1,0,0
19582,0,0,1,0
19584,0,0,1,0
19586,0,0,1,0
19588,0,1,0,0
19590,1,0,0,0
19592,0,1,0,0
19594,0,1,0,0
19596,0,1,0,0
19598,0,0,1,0
19600,0,1,0,0
19602,0,1,0,0
19604,0,0,1,0
19606,1,0,0,0
19608,1,0,0,0
19610,1,0,0,0
19612,0,1,0,0
19614,1,0,0,0
19616,0,0,1,0
19618,0,1,0,0
19620,0,1,0,0
19622,0,0,1,0
19624,0,0,1,0
19626,0,0,1,0
19628,0,1,0,0
19630,0,0,1,0
19632,0,0,1,0
19634,0,1,0,0
19636,1,0,0,0
19638,0,1,0,0
19640,0,1,0,0
19642,0,0,1,0
19644,0,1,0,0
19646,1,0,0,0
19648,0,0,1,0
19650,0,0,1,0
19652,0,0,1,0
19654,0,0,1,0
19656,0,1,0,0
19658,1,0,0,0
19660,1,0,0,0
19662,0,0,1,0
19664,0,0,1,0
19666,1,0,0,0
19668,1,0,0,0
19670,0,0,1,0
19672,0,0,1,0
19674,1,0,0,0
19676,1,0,0,0
19678,0,0,1,0
19680,0,1,0,0
19682,1,0,0,0
19684,0,1,0,0
19686,1,0,0,0
19688,1,0,0,0
19690,0,0,1,0
19692,0,0,1,0
19694,0,1,0,0
19696,0,0,1,0
19698,0,0,1,0
19700,0,1,0,0
19702,0,0,1,0
19704,1,0,0,0
19706,0,0,1,0
19708,0,0,1,0
19710,0,0,1,0
19712,0,0,1,0
19714,0,0,1,0
19716,0,0,1,0
19718,1,0,0,0
19720,0,0,1,0
19722,0,0,1,0
19724,0,0,1,0
19726,1,0,0,0
19728,0,0,1,0
19730,0,0,1,0
19732,0,0,1,0
19734,1,0,0,0
19736,1,0,0,0
19738,1,0,0,0
19740,1,0,0,0
19742,0,1,0,0
19744,0,0,1,0
19746,0,0,1,0
19748,0,0,1,0
19750,1,0,0,0
19752,0,0,1,0
19754,0,0,1,0
19756,0,0,1,0
19758,0,0,1,0
19760,1,0,0,0
19762,1,0,0,0
19764,1,0,0,0
19766,7,7,7,7
19768,1,0,0,0
19770,1,0,0,0
19772,0,0,1,0
19774,0,1,0,0
19776,0,0,1,0
19778,1,0,0,0
19780,0,1,0,0
19782,0,1,0,0
19784,1,0,0,0
19786,1,0,0,0
19788,1,0,0,0
19790,1,0,0,0
19792,0,0,1,0
19794,1,0,0,0
19796,1,0,0,0
19798,0,0,1,0
19800,1,0,0,0
19802,1,0,0,0
19804,1,0,0,0
19806,1,0,0,0
19808,1,0,0,0
19810,1,0,0,0
19812,1,0,0,0
19814,1,0,0,0
19816,1,0,0,0
19818,0,0,1,0
19820,1,0,0,0
19822,0,1,0,0
19824,1,0,0,0
19826,0,0,1,0
19828,0,0,1,0
19830,1,0,0,0
19832,0,0,1,0
19834,1,0,0,0
19836,1,0,0,0
19838,0,1,0,0
19840,0,0,1,0
19842,0,0,1,0
19844,0,0,1,0
19846,0,0,1,0
19848,1,0,0,0
19850,0,0,1,0
19852,1,0,0,0
19854,1,0,0,0
19856,1,0,0,0
19858,0,0,1,0
19860,0,0,1,0
19862,0,0,1,0
19864,1,0,0,0
19866,0,0,1,0
19868,1,0,0,0
19870,0,1,0,0
19872,1,0,0,0
19874,1,0,0,0
19876,1,0,0,0
19878,1,0,0,0
19880,1,0,0,0
19882,1,0,0,0
19884,1,0,0,0
19886,0,0,1,0
19888,0,0,1,0
19890,0,0,1,0
19892,0,0,1,0
19894,0,1,0,0
19896,0,1,0,0
19898,1,0,0,0
19900,0,0,1,0
19902,0,0,1,0
19904,1,0,0,0
19906,1,0,0,0
19908,0,1,0,0
19910,1,0,0,0
19912,0,0,1,0
19914,0,0,1,0
19916,0,0,1,0
19918,1,0,0,0
19920,0,0,1,0
19922,1,0,0,0
19924,0,1,0,0
19926,0,1,0,0
19928,1,0,0,0
19930,1,0,0,0
19932,1,0,0,0
19934,1,0,0,0
19936,1,0,0,0
19938,1,0,0,0
19940,1,0,0,0
19942,1,0,0,0
19944,0,0,1,0
19946,0,0,1,0
19948,0,0,1,0
19950,0,0,1,0
19952,0,1,0,0
19954,1,0,0,0
19956,1,0,0,0
19958,1,0,0,0
19960,0,0,1,0
19962,1,0,0,0
19964,1,0,0,0
19966,0,1,0,0
19968,1,0,0,0
19970,1,0,0,0
19972,0,1,0,0
19974,0,0,1,0
19976,0,1,0,0
19978,0,0,1,0
19980,1,0,0,0
19982,1,0,0,0
19984,0,1,0,0
19986,1,0,0,0
19988,1,0,0,0
19990,1,0,0,0
19992,1,0,0,0
19994,0,1,0,0
19996,0,1,0,0
19998,0,0,1,0
20000,1,0,0,0
20002,0,0,1,0
20004,1,0,0,0
20006,1,0,0,0
20008,1,0,0,0
20010,1,0,0,0
20012,1,0,0,0
20014,1,0,0,0
20016,1,0,0,0
20018,0,1,0,0
20020,0,0,1,0
20022,1,0,0,0
20024,0,0,1,0
20026,0,0,1,0
20028,0,0,1,0
20030,0,0,1,0
20032,0,0,1,0
20034,1,0,0,0
20036,0,0,1,0
20038,0,0,1,0
20040,1,0,0,0
20042,1,0,0,0
20044,0,0,1,0
20046,0,0,1,0
20048,0,1,0,0
20050,0,0,1,0
20052,1,0,0,0
20054,1,0,0,0
20056,0,0,1,0
20058,0,0,1,0
20060,0,0,1,0
20062,1,0,0,0
20064,0,0,1,0
20066,0,1,0,0
20068,1,0,0,0
20070,0,0,1,0
20072,0,0,1,0
20074,1,0,0,0
20076,7,7,7,7
20078,7,7,7,7
20080,0,0,1,0
20082,0,0,1,0
20084,0,0,1,0
20086,1,0,0,0
20088,0,0,1,0
20090,0,0,1,0
20092,0,1,0,0
20094,0,0,1,0
20096,1,0,0,0
20098,1,0,0,0
20100,1,0,0,0
20102,0,0,1,0
20104,0,1,0,0
20106,0,0,1,0
20108,1,0,0,0
20110,1,0,0,0
20112,0,1,0,0
20114,0,0,1,0
20116,0,0,1,0
20118,0,0,1,0
20120,0,1,0,0
20122,0,0,1,0
20124,1,0,0,0
20126,1,0,0,0
20128,0,0,1,0
20130,0,0,1,0
20132,0,0,1,0
20134,0,1,0,0
20136,0,1,0,0
20138,1,0,0,0
20140,0,0,1,0
20142,0,1,0,0
20144,0,1,0,0
20146,0,0,1,0
20148,1,0,0,0
20150,1,0,0,0
20152,1,0,0,0
20154,1,0,0,0
20156,0,1,0,0
20158,1,0,0,0
20160,0,0,1,0
20162,0,1,0,0
20164,1,0,0,0
20166,0,0,1,0
20168,0,0,1,0
20170,1,0,0,0
20172,0,0,1,0
20174,0,0,1,0
20176,1,0,0,0
20178,0,0,1,0
20180,1,0,0,0
20182,1,0,0,0
20184,0,0,1,0
20186,1,0,0,0
20188,1,0,0,0
20190,1,0,0,0
20192,1,0,0,0
20194,0,0,1,0
20196,1,0,0,0
20198,0,1,0,0
20200,0,0,1,0
20202,1,0,0,0
20204,1,0,0,0
20206,0,1,0,0
20208,0,0,0,0
20210,0,0,0,0
20212,1,0,0,0
20214,1,0,0,0
20216,0,1,0,0
20218,1,0,0,0
20220,0,0,1,0
20222,0,0,0,1
20224,0,0,1,0
20226,1,0,0,0
20228,0,0,1,0
20230,1,0,0,0
20232,0,0,1,0
20234,0,1,0,0
20236,0,1,0,0
20238,0,0,1,0
20240,0,0,1,0
20242,0,1,0,0
20244,0,1,0,0
20246,0,0,1,0
20248,0,0,1,0
20250,1,0,0,0
20252,0,1,0,0
20254,1,0,0,0
20256,0,0,1,0
20258,0,0,1,0
20260,1,0,0,0
20262,0,0,0,0
20264,0,1,0,0
20266,0,0,1,0
20268,1,0,0,0
20270,1,0,0,0
20272,0,0,1,0
20274,0,0,1,0
20276,1,0,0,0
20278,1,0,0,0
20280,0,1,0,0
20282,1,0,0,0
20284,0,0,1,0
20286,1,0,0,0
20288,0,1,0,0
20290,0,0,1,0
20292,0,0,1,0
20294,0,0,1,0
20296,1,0,0,0
20298,0,0,1,0
20300,0,0,0,0
20302,0,0,1,0
20304,0,0,1,0
20306,1,0,0,0
20308,0,0,0,0
20310,1,0,0,0
20312,0,1,0,0
20314,0,1,0,0
20316,1,0,0,0
20318,0,1,0,0
20320,1,0,0,0
20322,1,0,0,0
20324,0,1,0,0
20326,0,0,1,0
20328,1,0,0,0
20330,0,1,0,0
20332,1,0,0,0
20334,0,1,0,0
20336,1,0,0,0
20338,0,0,1,0
20340,0,0,1,0
20342,0,0,1,0
20344,1,0,0,0
20346,1,0,0,0
20348,1,0,0,0
20350,0,1,0,0
20352,1,0,0,0
20354,0,0,1,0
20356,0,0,1,0
20358,0,0,1,0
20360,1,0,0,0
20362,0,0,1,0
20364,0,0,1,0
20366,0,0,1,0
20368,0,1,0,0
20370,1,0,0,0
20372,0,0,1,0
20374,1,0,0,0
20376,0,0,1,0
20378,0,1,0,0
20380,1,0,0,0
20382,0,1,0,0
20384,0,0,1,0
20386,1,0,0,0
20388,1,0,0,0
20390,1,0,0,0
20392,1,0,0,0
20394,1,0,0,0
20396,0,0,1,0
20398,0,0,1,0
20400,0,0,1,0
20402,0,1,0,0
20404,0,1,0,0
20406,0,0,1,0
20408,0,0,1,0
20410,0,0,1,0
20412,0,1,0,0
20414,1,0,0,0
20416,0,1,0,0
20418,0,1,0,0
20420,0,0,1,0
20422,0,0,1,0
20424,1,0,0,0
20426,0,0,1,0
20428,0,1,0,0
20430,0,0,1,0
20432,1,0,0,0
20434,0,0,1,0
20436,0,0,1,0
20438,1,0,0,0
20440,1,0,0,0
20442,1,0,0,0
20444,1,0,0,0
20446,0,0,1,0
20448,1,0,0,0
20450,1,0,0,0
20452,1,0,0,0
20454,1,0,0,0
20456,0,0,1,0
20458,0,1,0,0
20460,1,0,0,0
20462,0,0,1,0
20464,0,1,0,0
20466,0,0,1,0
20468,1,0,0,0
20470,0,0,1,0
20472,0,1,0,0
20474,1,0,0,0
20476,1,0,0,0
20478,1,0,0,0
20480,0,0,1,0
20482,0,0,1,0
20484,0,1,0,0
20486,0,0,1,0
20488,1,0,0,0
20490,1,0,0,0
20492,1,0,0,0
20494,1,0,0,0
20496,0,1,0,0
20498,0,0,1,0
20500,0,1,0,0
20502,0,0,1,0
20504,0,0,1,0
20506,1,0,0,0
20508,1,0,0,0
20510,0,0,1,0
20512,1,0,0,0
20514,1,0,0,0
20516,0,0,1,0
20518,0,0,1,0
20520,0,0,1,0
20522,0,0,1,0
20524,0,0,1,0
20526,0,1,0,0
20528,1,0,0,0
20530,0,0,1,0
20532,0,1,0,0
20534,0,0,1,0
20536,1,0,0,0
20538,1,0,0,0
20540,0,1,0,0
20542,0,0,1,0
20544,1,0,0,0
20546,0,0,1,0
20548,0,0,1,0
20550,0,0,1,0
20552,0,0,1,0
20554,1,0,0,0
20556,0,0,1,0
20558,0,1,0,0
20560,1,0,0,0
20562,0,0,1,0
20564,0,0,1,0
20566,0,0,1,0
20568,0,0,1,0
20570,0,1,0,0
20572,1,0,0,0
20574,0,0,1,0
20576,0,0,1,0
20578,1,0,0,0
20580,1,0,0,0
20582,1,0,0,0
20584,0,0,1,0
20586,0,0,1,0
20588,1,0,0,0
20590,0,0,1,0
20592,0,0,1,0
20594,0,1,0,0
20596,0,0,1,0
20598,1,0,0,0
20600,0,1,0,0
20602,1,0,0,0
20604,1,0,0,0
20606,1,0,0,0
20608,1,0,0,0
20610,0,1,0,0
20612,1,0,0,0
20614,1,0,0,0
20616,1,0,0,0
20618,0,0,1,0
20620,1,0,0,0
20622,0,0,1,0
20624,0,0,1,0
20626,0,0,1,0
20628,0,1,0,0
20630,0,0,1,0
20632,0,1,0,0
20634,0,0,1,0
20636,1,0,0,0
20638,0,0,1,0
20640,1,0,0,0
20642,1,0,0,0
20644,0,0,1,0
20646,0,1,0,0
20648,0,0,1,0
20650,1,0,0,0
20652,0,1,0,0
20654,0,0,0,1
20656,1,0,0,0
20658,0,0,1,0
20660,0,0,1,0
20662,1,0,0,0
20664,0,0,1,0
20666,0,0,1,0
20668,0,0,1,0
20670,7,7,7,7
20672,7,7,7,7
20674,7,7,7,7
20676,7,7,7,7
20678,7,7,7,7
20680,7,7,7,7
20682,7,7,7,7
20684,7,7,7,7
20686,7,7,7,7
20688,7,7,7,7
20690,7,7,7,7
20692,7,7,7,7
20694,7,7,7,7
20696,7,7,7,7
20698,7,7,7,7
20700,0,1,0,0
20702,0,0,1,0
20704,0,0,1,0
20706,0,0,1,0
20708,1,0,0,0
20710,0,1,0,0
20712,0,0,1,0
20714,0,1,0,0
20716,0,1,0,0
20718,0,1,0,0
20720,0,1,0,0
20722,0,1,0,0
20724,0,1,0,0
20726,0,1,0,0
20728,1,0,0,0
20730,0,0,1,0
20732,0,1,0,0
20734,1,0,0,0
20736,0,1,0,0
20738,0,1,0,0
20740,1,0,0,0
20742,1,0,0,0
20744,1,0,0,0
20746,0,1,0,0
20748,0,0,1,0
20750,0,0,1,0
20752,1,0,0,0
20754,1,0,0,0
20756,1,0,0,0
20758,1,0,0,0
20760,0,1,0,0
20762,0,0,1,0
20764,0,0,1,0
20766,0,0,1,0
20768,0,0,1,0
20770,0,0,1,0
20772,0,0,1,0
20774,1,0,0,0
20776,0,0,1,0
20778,1,0,0,0
20780,0,0,1,0
20782,1,0,0,0
20784,0,0,1,0
20786,0,0,1,0
20788,1,0,0,0
20790,0,1,0,0
20792,0,0,1,0
20794,0,0,1,0
20796,0,0,1,0
20798,1,0,0,0
20800,0,1,0,0
20802,0,0,1,0
20804,0,0,1,0
20806,0,0,0,0
20808,1,0,0,0
20810,0,0,1,0
20812,0,0,1,0
20814,0,1,0,0
20816,0,0,1,0
20818,1,0,0,0
20820,0,0,1,0
20822,1,0,0,0
20824,1,0,0,0
20826,1,0,0,0
20828,1,0,0,0
20830,0,0,1,0
20832,0,1,0,0
20834,1,0,0,0
20836,1,0,0,0
20838,1,0,0,0
20840,0,0,1,0
20842,0,0,1,0
20844,1,0,0,0
20846,1,0,0,0
20848,1,0,0,0
20850,1,0,0,0
20852,0,1,0,0
20854,0,0,1,0
20856,0,0,1,0
20858,0,0,1,0
20860,0,1,0,0
20862,0,1,0,0
20864,0,1,0,0
20866,0,0,1,0
20868,1,0,0,0
20870,1,0,0,0
20872,1,0,0,0
20874,0,0,1,0
20876,0,1,0,0
20878,1,0,0,0
20880,1,0,0,0
20882,1,0,0,0
20884,1,0,0,0
20886,1,0,0,0
20888,1,0,0,0
20890,1,0,0,0
20892,0,0,1,0
20894,1,0,0,0
20896,1,0,0,0
20898,0,0,1,0
20900,1,0,0,0
21162,0,0,1,0
21164,0,0,1,0
21166,1,0,0,0
21168,1,0,0,0
21170,0,1,0,0
21172,0,0,1,0
21174,1,0,0,0
21176,1,0,0,0
21178,0,0,1,0
21180,0,0,1,0
21182,0,0,1,0
21184,0,1,0,0
21186,0,1,0,0
21188,1,0,0,0
21190,0,0,1,0
21192,1,0,0,0
21194,1,0,0,0
21196,1,0,0,0
21198,0,1,0,0
21200,1,0,0,0
21202,0,0,1,0
21204,1,0,0,0
21206,0,0,1,0
21208,1,0,0,0
21210,1,0,0,0
21212,0,1,0,0
21214,0,0,1,0
21216,1,0,0,0
21218,0,0,1,0
21220,1,0,0,0
21222,1,0,0,0
21224,1,0,0,0
21226,0,0,1,0
21228,1,0,0,0
21230,1,0,0,0
21232,1,0,0,0
21234,0,1,0,0
21236,0,1,0,0
21238,0,1,0,0
21240,0,0,1,0
21242,0,0,1,0
21244,1,0,0,0
21246,0,0,1,0
21248,1,0,0,0
21250,1,0,0,0
21252,0,0,0,1
21254,1,0,0,0
21256,1,0,0,0
21258,1,0,0,0
21496,1,0,0,0
21498,1,0,0,0
21500,0,0,1,0
21502,1,0,0,0
21504,1,0,0,0
21506,0,0,1,0
21508,1,0,0,0
21510,0,0,1,0
21512,0,0,1,0
21514,0,1,0,0
21516,0,1,0,0
21518,0,0,1,0
21520,0,0,1,0
21522,0,0,1,0
21524,1,0,0,0
21526,0,0,1,0
21528,0,1,0,0
21530,1,0,0,0
21532,0,0,1,0
21534,0,0,1,0
21536,1,0,0,0
21538,0,0,1,0
21540,0,1,0,0
21542,0,1,0,0
21544,0,0,1,0
21546,0,0,1,0
21548,1,0,0,0
21550,0,0,0,0
21552,0,0,0,0
21554,0,0,1,0
21556,1,0,0,0
21558,1,0,0,0
21560,1,0,0,0
21562,0,0,1,0
21564,0,0,1,0
21566,1,0,0,0
21568,1,0,0,0
21570,0,0,1,0
21572,1,0,0,0
21574,1,0,0,0
21576,0,0,1,0
21578,1,0,0,0
21580,0,0,1,0
21582,1,0,0,0
21584,0,0,1,0
21586,0,0,1,0
21588,1,0,0,0
21590,0,0,1,0
21592,1,0,0,0
21594,1,0,0,0
21596,1,0,0,0
21598,1,0,0,0
21600,0,0,1,0
21602,1,0,0,0
21604,1,0,0,0
21606,1,0,0,0
21608,1,0,0,0
21610,1,0,0,0
21612,1,0,0,0
21614,1,0,0,0
21616,1,0,0,0
21618,1,0,0,0
21620,1,0,0,0
21622,0,0,1,0
21624,0,0,1,0
21626,1,0,0,0
21628,0,1,0,0
21630,1,0,0,0
21632,1,0,0,0
21634,0,0,1,0
21636,1,0,0,0
21638,1,0,0,0
21640,1,0,0,0
21642,0,0,1,0
21644,0,0,1,0
21646,1,0,0,0
21648,1,0,0,0
21650,0,0,1,0
21652,0,0,1,0
21654,1,0,0,0
21656,0,0,1,0
21658,0,0,1,0
21660,0,0,1,0
21662,1,0,0,0
21664,1,0,0,0
28930,0,0,1,0
28932,1,0,0,0
28934,0,0,1,0
28936,0,1,0,0
28938,0,1,0,0
28940,0,1,0,0
28942,0,1,0,0
28944,0,0,1,0
28946,1,0,0,0
28948,0,1,0,0
28950,0,0,1,0
28952,0,0,1,0
28954,0,1,0,0
28956,0,0,1,0
28958,0,1,0,0
28960,0,0,1,0
28962,0,1,0,0
28964,0,0,1,0
28966,0,0,1,0
28968,0,0,1,0
28970,0,0,1,0
28972,0,0,1,0
28974,0,1,0,0
28976,0,0,1,0
28978,1,0,0,0
28980,0,0,1,0
28982,0,1,0,0
28984,0,0,1,0
28986,0,0,1,0
28988,0,1,0,0
28990,0,0,1,0
28992,0,0,1,0
28994,1,0,0,0
28996,0,1,0,0
28998,1,0,0,0
29000,0,0,1,0
29002,0,1,0,0
29004,0,0,1,0
29006,0,0,1,0
29008,1,0,0,0
29010,1,0,0,0
29012,1,0,0,0
29014,1,0,0,0
29016,0,0,1,0
29018,0,1,0,0
29020,0,0,1,0
29022,0,0,1,0
29024,0,0,1,0
29026,0,0,1,0
29028,0,1,0,0
29030,1,0,0,0
29032,0,0,1,0
29034,1,0,0,0
29036,0,0,1,0
29038,0,0,1,0
29040,0,0,1,0
29042,0,0,1,0
29044,1,0,0,0
29046,1,0,0,0
29048,0,1,0,0
29050,0,0,1,0
29052,7,7,7,7
29054,0,0,1,0
29056,0,0,1,0
29058,0,0,1,0
29060,0,0,1,0
29062,0,1,0,0
29064,0,0,1,0
29066,1,0,0,0
29068,0,1,0,0
29070,0,1,0,0
29072,0,1,0,0
29074,0,0,1,0
29076,0,0,1,0
29078,0,0,1,0
29080,1,0,0,0
29082,0,1,0,0
29084,0,0,1,0
29086,0,0,1,0
29088,1,0,0,0
29090,0,0,1,0
29092,0,0,1,0
29094,0,0,1,0
29096,1,0,0,0
29098,1,0,0,0
29100,0,1,0,0
29102,0,0,1,0
29104,0,0,1,0
29106,0,0,1,0
29108,0,0,1,0
29110,1,0,0,0
29112,0,0,1,0
29114,1,0,0,0
29116,0,1,0,0
29118,1,0,0,0
29120,1,0,0,0
29122,0,1,0,0
29124,0,0,1,0
29126,1,0,0,0
29128,1,0,0,0
29130,7,7,7,7
29132,7,7,7,7
29134,0,0,1,0
29136,0,0,1,0
29138,0,0,1,0
29140,1,0,0,0
29142,0,0,1,0
29144,0,0,1,0
29146,0,0,1,0
29148,0,0,1,0
29150,0,0,1,0
29152,0,0,1,0
29154,0,0,1,0
29156,0,0,1,0
29158,0,0,1,0
29160,0,1,0,0
29162,0,1,0,0
29164,0,1,0,0
29166,0,1,0,0
29168,0,1,0,0
29170,0,1,0,0
29172,0,1,0,0
29174,0,0,1,0
29176,0,0,1,0
29178,0,0,1,0
29180,0,0,1,0
29182,0,1,0,0
29184,0,0,1,0
29186,0,0,1,0
29188,0,0,1,0
29190,0,0,1,0
29192,0,0,1,0
29194,0,0,1,0
29196,0,1,0,0
29198,0,0,1,0
29200,0,0,1,0
29202,0,0,1,0
29204,0,0,1,0
29206,0,1,0,0
29208,1,0,0,0
29210,0,0,1,0
29212,0,0,1,0
29214,0,0,1,0
29216,1,0,0,0
29218,0,0,1,0
29220,0,0,1,0
29222,0,0,1,0
29224,1,0,0,0
29226,0,0,1,0
29228,1,0,0,0
29230,0,0,1,0
29232,0,0,1,0
29234,0,0,1,0
29236,0,0,1,0
29238,0,0,1,0
29240,0,0,1,0
29242,1,0,0,0
29244,0,0,1,0
29246,0,0,1,0
29248,0,0,1,0
29250,0,0,1,0
29252,0,0,1,0
29254,0,0,1,0
29256,0,0,1,0
29258,1,0,0,0
29260,1,0,0,0
29262,0,0,1,0
29264,1,0,0,0
29266,1,0,0,0
29268,0,0,1,0
29270,0,0,1,0
29272,0,0,1,0
29274,0,0,1,0
29276,1,0,0,0
29278,0,0,1,0
29280,1,0,0,0
29282,0,0,1,0
29284,1,0,0,0
29286,0,1,0,0
29288,1,0,0,0
29290,1,0,0,0
29292,1,0,0,0
29294,0,1,0,0
29296,0,1,0,0
29298,0,0,1,0
29300,0,0,1,0
29302,0,0,1,0
29304,0,0,1,0
29306,0,0,1,0
29308,0,0,1,0
29310,1,0,0,0
29312,0,0,1,0
29314,0,0,1,0
29316,0,1,0,0
29318,0,0,1,0
29320,0,1,0,0
29322,0,0,1,0
29324,0,0,1,0
29326,0,0,1,0
29328,0,0,1,0
29330,0,0,1,0
29332,0,1,0,0
29334,1,0,0,0
29336,0,1,0,0
29338,0,0,1,0
29340,0,0,1,0
29342,0,0,1,0
29344,0,0,1,0
29346,0,0,1,0
29348,1,0,0,0
29350,0,0,1,0
29352,0,0,1,0
29354,0,1,0,0
29356,1,0,0,0
29358,0,0,1,0
29360,0,0,1,0
29362,0,0,1,0
29364,0,0,1,0
29366,0,0,1,0
29368,0,1,0,0
29370,0,1,0,0
29372,0,0,1,0
29374,0,0,1,0
29376,0,1,0,0
29378,0,1,0,0
29380,0,0,1,0
29382,0,0,1,0
29384,0,0,1,0
29386,1,0,0,0
29388,1,0,0,0
29390,0,0,1,0
29392,0,0,1,0
29394,0,0,1,0
29396,0,0,1,0
29398,0,0,1,0
29400,0,0,1,0
29402,0,1,0,0
29404,0,1,0,0
29406,0,0,1,0
29408,0,1,0,0
29410,1,0,0,0
29412,0,0,1,0
29414,1,0,0,0
29416,1,0,0,0
29418,0,0,1,0
29420,0,0,1,0
29422,1,0,0,0
29424,1,0,0,0
29426,0,0,1,0
29428,0,0,1,0
29430,0,0,1,0
29432,0,0,1,0
29434,0,0,1,0
29436,0,0,1,0
29438,0,0,1,0
29440,1,0,0,0
29442,0,1,0,0
29444,0,1,0,0
29446,1,0,0,0
29448,0,0,1,0
29450,0,0,1,0
29452,0,0,1,0
29454,0,0,1,0
29456,1,0,0,0
29458,1,0,0,0
29460,0,0,1,0
29462,1,0,0,0
29464,0,0,1,0
29466,0,0,1,0
29468,0,1,0,0
29470,1,0,0,0
29472,0,0,1,0
29474,1,0,0,0
29476,0,0,1,0
29478,0,0,1,0
29480,1,0,0,0
29482,1,0,0,0
29484,0,0,1,0
29486,1,0,0,0
29488,0,0,1,0
29490,1,0,0,0
29492,0,1,0,0
29494,1,0,0,0
29496,0,0,1,0
29498,1,0,0,0
29500,0,0,1,0
29502,0,1,0,0
29504,0,0,1,0
29506,0,0,1,0
29508,0,0,1,0
29510,0,0,1,0
29512,0,1,0,0
29514,0,1,0,0
29516,0,0,1,0
29518,0,0,1,0
29520,1,0,0,0
29522,1,0,0,0
29524,0,0,1,0
29526,0,0,1,0
29528,1,0,0,0
29530,1,0,0,0
29532,0,0,1,0
29534,0,0,1,0
29536,1,0,0,0
29538,0,0,1,0
29540,1,0,0,0
29542,0,0,1,0
29544,0,0,1,0
29546,0,0,1,0
29548,0,1,0,0
29550,0,0,1,0
29552,1,0,0,0
29554,0,1,0,0
29556,0,1,0,0
29558,0,0,1,0
29560,1,0,0,0
29562,0,0,1,0
29564,1,0,0,0
29566,0,0,1,0
29568,0,1,0,0
29570,0,0,1,0
29572,0,1,0,0
29574,0,1,0,0
29576,1,0,0,0
29578,0,0,1,0
29580,0,0,1,0
29582,1,0,0,0
29584,1,0,0,0
29586,0,0,1,0
29588,0,0,1,0
29590,1,0,0,0
29592,0,0,1,0
29594,1,0,0,0
29596,0,0,1,0
29598,0,1,0,0
29600,1,0,0,0
29602,0,0,1,0
29604,1,0,0,0
29606,0,0,1,0
29608,0,0,1,0
29610,1,0,0,0
29612,1,0,0,0
29614,0,1,0,0
29616,1,0,0,0
29618,0,0,1,0
29620,0,1,0,0
29622,1,0,0,0
29624,0,1,0,0
29626,0,0,1,0
29628,1,0,0,0
29630,0,1,0,0
29632,0,1,0,0
29634,0,0,1,0
29636,0,1,0,0
29638,1,0,0,0
29640,0,0,1,0
29642,0,0,1,0
29644,0,0,1,0
29646,0,0,1,0
29648,0,1,0,0
29650,0,0,1,0
29652,0,0,1,0
29654,1,0,0,0
29656,1,0,0,0
29658,0,0,1,0
29660,0,0,1,0
29662,1,0,0,0
29664,0,0,1,0
29666,0,1,0,0
29668,1,0,0,0
29670,0,0,1,0
29672,0,0,1,0
29674,1,0,0,0
29676,0,0,1,0
29678,0,0,1,0
29680,1,0,0,0
29682,1,0,0,0
29684,0,0,1,0
29686,0,0,1,0
29688,0,0,1,0
29690,0,1,0,0
29692,1,0,0,0
29694,0,0,1,0
29696,0,1,0,0
29698,0,0,1,0
29700,1,0,0,0
29702,0,0,1,0
29704,0,0,1,0
29706,1,0,0,0
29708,1,0,0,0
29710,1,0,0,0
29712,0,0,1,0
29714,1,0,0,0
29716,0,0,1,0
29718,0,0,1,0
29720,0,0,1,0
29722,0,1,0,0
29724,0,1,0,0
29726,1,0,0,0
29728,0,0,1,0
29730,0,0,1,0
29732,0,0,1,0
29734,0,0,1,0
29736,0,1,0,0
29738,0,1,0,0
29740,0,0,1,0
29742,0,1,0,0
29744,0,0,1,0
29746,1,0,0,0
29748,1,0,0,0
29750,1,0,0,0
29752,1,0,0,0
29754,0,0,1,0
29756,1,0,0,0
29758,0,0,1,0
29760,1,0,0,0
29762,1,0,0,0
29764,0,0,1,0
29766,0,0,1,0
29768,0,0,1,0
29770,0,1,0,0
29772,0,0,1,0
29774,0,0,1,0
29776,1,0,0,0
29778,1,0,0,0
29780,1,0,0,0
29782,1,0,0,0
29784,0,0,1,0
29786,1,0,0,0
29788,0,0,1,0
29790,1,0,0,0
29792,0,1,0,0
29794,0,1,0,0
29796,0,1,0,0
29798,1,0,0,0
29800,0,1,0,0
29802,0,0,1,0
29804,0,1,0,0
29806,1,0,0,0
29808,0,1,0,0
29810,0,0,1,0
29812,0,0,1,0
29814,0,0,1,0
29816,0,0,1,0
29818,1,0,0,0
29820,1,0,0,0
29822,1,0,0,0
29824,0,0,1,0
29826,0,0,1,0
29828,0,0,1,0
29830,1,0,0,0
29832,0,0,1,0
29834,0,1,0,0
29836,1,0,0,0
29838,0,1,0,0
29840,1,0,0,0
29842,1,0,0,0
29844,0,0,1,0
29846,1,0,0,0
29848,1,0,0,0
29850,1,0,0,0
29852,0,1,0,0
29854,0,0,1,0
29856,1,0,0,0
29858,0,0,1,0
29860,0,0,1,0
29862,0,0,1,0
29864,1,0,0,0
29866,0,0,1,0
29868,0,0,1,0
29870,1,0,0,0
29872,0,0,1,0
29874,1,0,0,0
29876,0,0,1,0
29878,1,0,0,0
29880,0,0,1,0
29882,1,0,0,0
29884,1,0,0,0
29886,0,1,0,0
29888,7,7,7,7
29890,0,0,1,0
29892,0,0,1,0
29894,0,1,0,0
29896,0,0,1,0
29898,1,0,0,0
29900,1,0,0,0
29902,0,0,1,0
29904,0,0,1,0
29906,0,0,1,0
29908,0,1,0,0
29910,0,0,1,0
29912,0,0,1,0
29914,0,0,1,0
29916,0,0,1,0
29918,1,0,0,0
29920,0,1,0,0
29922,0,0,1,0
29924,0,0,1,0
29926,0,0,1,0
29928,1,0,0,0
29930,0,0,1,0
29932,1,0,0,0
29934,0,1,0,0
29936,1,0,0,0
29938,0,0,1,0
29940,0,0,1,0
29942,0,1,0,0
29944,0,1,0,0
29946,0,1,0,0
29948,0,0,1,0
29950,0,1,0,0
29952,0,0,1,0
29954,0,0,1,0
29956,0,0,1,0
29958,0,0,1,0
29960,0,0,1,0
29962,0,1,0,0
29964,0,0,1,0
29966,0,0,1,0
29968,0,0,1,0
29970,0,0,1,0
29972,0,0,1,0
29974,0,0,1,0
29976,1,0,0,0
29978,1,0,0,0
29980,0,0,1,0
29982,1,0,0,0
29984,0,0,1,0
29986,1,0,0,0
29988,0,0,1,0
29990,1,0,0,0
29992,0,0,1,0
29994,0,1,0,0
29996,0,1,0,0
29998,0,1,0,0
30000,1,0,0,0
30002,0,1,0,0
30004,0,0,1,0
30006,1,0,0,0
30008,1,0,0,0
30010,0,0,1,0
30012,1,0,0,0
30014,0,0,1,0
30016,0,0,1,0
30018,0,0,1,0
30020,1,0,0,0
30022,1,0,0,0
30024,0,0,1,0
30026,0,0,1,0
30028,0,0,1,0
30030,0,0,1,0
30032,0,0,1,0
30034,0,0,1,0
30036,0,0,0,1
30038,1,0,0,0
30040,0,1,0,0
30042,0,1,0,0
30044,0,1,0,0
30046,0,0,1,0
30048,1,0,0,0
30050,1,0,0,0
30052,0,1,0,0
30054,1,0,0,0
30056,1,0,0,0
30058,1,0,0,0
30060,0,0,1,0
30062,1,0,0,0
30064,0,0,1,0
30066,0,0,1,0
30068,0,0,1,0
30070,0,0,1,0
30072,1,0,0,0
30074,0,0,1,0
30076,1,0,0,0
30078,1,0,0,0
30080,0,0,1,0
30082,0,0,1,0
30084,0,0,1,0
30086,0,0,1,0
30088,0,0,1,0
30090,1,0,0,0
30092,1,0,0,0
30094,1,0,0,0
30096,0,0,1,0
30098,0,0,1,0
30100,0,0,1,0
30102,0,0,1,0
30104,1,0,0,0
30106,0,0,1,0
30108,0,0,1,0
30110,0,1,0,0
30112,0,1,0,0
30114,0,0,1,0
30116,0,0,1,0
30118,1,0,0,0
30120,7,7,7,7
30122,7,7,7,7
30124,1,0,0,0
30126,1,0,0,0
30128,1,0,0,0
30130,1,0,0,0
30132,0,0,1,0
30134,1,0,0,0
30136,0,1,0,0
30138,0,1,0,0
30140,1,0,0,0
30142,0,0,1,0
30144,0,0,1,0
30146,0,0,1,0
30148,1,0,0,0
30150,0,0,1,0
30152,0,1,0,0
30154,0,0,1,0
30156,0,0,1,0
30158,0,1,0,0
30160,1,0,0,0
30162,0,1,0,0
30164,0,1,0,0
30166,0,1,0,0
30168,1,0,0,0
30170,1,0,0,0
30172,0,0,1,0
30174,0,1,0,0
30176,0,0,1,0
30178,0,0,1,0
30180,1,0,0,0
30182,0,0,1,0
30184,0,0,1,0
30186,1,0,0,0
30188,0,1,0,0
30190,0,0,1,0
30192,0,0,1,0
30194,1,0,0,0
30196,0,0,1,0
30198,0,1,0,0
30200,0,1,0,0
30202,1,0,0,0
30204,0,0,1,0
30206,1,0,0,0
30208,1,0,0,0
30210,1,0,0,0
30212,0,0,1,0
30214,0,0,0,0
30216,0,1,0,0
30218,0,0,1,0
30220,0,0,1,0
30222,0,0,1,0
30224,0,0,1,0
30226,1,0,0,0
30228,0,0,1,0
30230,0,1,0,0
30232,1,0,0,0
30234,0,0,1,0
30236,1,0,0,0
30238,0,1,0,0
30240,1,0,0,0
30242,0,1,0,0
30244,1,0,0,0
30246,0,0,1,0
30248,0,1,0,0
30250,1,0,0,0
30252,1,0,0,0
30254,0,1,0,0
30256,0,1,0,0
30258,0,0,1,0
30260,0,0,1,0
30262,0,1,0,0
30264,0,0,1,0
30266,0,1,0,0
30268,0,0,1,0
30270,0,0,1,0
30272,1,0,0,0
30274,1,0,0,0
30276,0,1,0,0
30278,0,0,1,0
30280,1,0,0,0
30282,0,1,0,0
30284,0,0,1,0
30286,0,0,1,0
30288,1,0,0,0
30290,0,0,1,0
30292,0,0,1,0
30294,0,0,1,0
30296,0,0,1,0
30298,0,1,0,0
30300,0,0,1,0
30302,1,0,0,0
30304,1,0,0,0
30306,0,0,1,0
30308,0,0,1,0
30310,0,0,1,0
30312,0,0,1,0
30314,0,0,1,0
30316,1,0,0,0
30318,0,0,0,0
30320,1,0,0,0
30322,1,0,0,0
30324,0,0,1,0
30326,1,0,0,0
30328,1,0,0,0
30330,0,1,0,0
30332,0,0,1,0
30334,0,0,1,0
30336,0,0,1,0
30338,0,0,1,0
30340,0,0,1,0
30342,1,0,0,0
30344,0,0,1,0
30346,1,0,0,0
30348,0,1,0,0
30350,0,1,0,0
30352,0,1,0,0
30354,0,0,1,0
30356,0,1,0,0
30358,1,0,0,0
30360,1,0,0,0
30362,0,1,0,0
30364,0,0,1,0
30366,0,1,0,0
30368,0,0,1,0
30370,0,1,0,0
30372,0,1,0,0
30374,0,1,0,0
30376,0,0,1,0
30378,1,0,0,0
30380,0,0,1,0
30382,0,1,0,0
30384,0,1,0,0
30386,1,0,0,0
30388,1,0,0,0
30390,1,0,0,0
30392,0,1,0,0
30394,0,0,1,0
30396,0,0,1,0
30398,0,0,1,0
30400,1,0,0,0
30402,1,0,0,0
30404,0,0,1,0
30406,0,0,1,0
30408,0,0,1,0
30410,0,0,1,0
30412,0,0,1,0
30414,0,0,1,0
30416,1,0,0,0
30418,1,0,0,0
30420,0,1,0,0
30422,0,1,0,0
30424,0,0,1,0
30426,0,0,1,0
30428,0,0,1,0
30430,0,0,1,0
30432,1,0,0,0
30434,0,0,1,0
30436,0,0,1,0
30438,0,0,1,0
30440,1,0,0,0
30442,0,0,1,0
30444,0,0,1,0
30446,0,0,1,0
30448,0,0,0,1
30450,0,0,1,0
30452,0,0,1,0
30454,0,0,1,0
30456,0,0,1,0
30458,0,1,0,0
30460,0,0,1,0
30462,1,0,0,0
30464,1,0,0,0
30466,1,0,0,0
30468,0,0,1,0
30470,1,0,0,0
30472,1,0,0,0
30474,1,0,0,0
30476,0,0,1,0
30478,0,0,1,0
30480,0,0,1,0
30482,0,0,1,0
30484,0,0,1,0
30486,0,0,1,0
30488,0,1,0,0
30490,0,0,1,0
30492,0,0,1,0
30494,1,0,0,0
30496,0,0,1,0
30498,0,1,0,0
30500,1,0,0,0
30502,0,0,0,1
30504,1,0,0,0
30506,1,0,0,0
30508,0,0,1,0
30510,0,1,0,0
30512,1,0,0,0
30514,0,1,0,0
30516,0,1,0,0
30518,0,0,1,0
30520,0,0,1,0
30522,0,0,1,0
30524,0,0,1,0
30526,1,0,0,0
30528,0,1,0,0
30530,0,0,1,0
30532,0,0,1,0
30534,0,0,1,0
30536,1,0,0,0
30538,0,0,1,0
30540,0,0,1,0
30542,1,0,0,0
30544,0,0,1,0
30546,1,0,0,0
30548,0,0,1,0
30550,0,0,1,0
30552,0,0,1,0
30554,0,0,1,0
30556,0,0,1,0
30558,1,0,0,0
30560,1,0,0,0
30562,0,0,1,0
30564,0,0,1,0
30566,0,0,1,0
30568,0,1,0,0
30570,0,0,1,0
30572,0,0,1,0
30574,1,0,0,0
30576,0,1,0,0
30578,0,0,1,0
30580,1,0,0,0
30582,0,0,1,0
30584,0,0,1,0
30586,0,0,1,0
30588,0,0,1,0
30590,0,0,1,0
30592,0,0,1,0
30594,0,0,1,0
30596,0,0,1,0
30598,0,0,1,0
30600,0,0,1,0
30602,1,0,0,0
30604,0,0,1,0
30606,0,0,1,0
30608,0,0,1,0
30610,0,0,1,0
30612,1,0,0,0
30614,1,0,0,0
30616,1,0,0,0
30618,0,0,1,0
30620,0,0,1,0
30622,0,1,0,0
30624,0,0,1,0
30626,0,0,1,0
30628,0,0,1,0
30630,1,0,0,0
30632,0,0,1,0
30634,0,0,1,0
30636,0,1,0,0
30638,0,0,1,0
30640,0,1,0,0
30642,1,0,0,0
30644,0,0,0,0
30646,0,1,0,0
30648,0,1,0,0
30650,1,0,0,0
30652,1,0,0,0
30654,1,0,0,0
30656,0,0,1,0
30658,0,1,0,0
30660,0,0,1,0
30662,0,0,1,0
30664,0,0,1,0
30666,0,0,1,0
30668,0,0,1,0
30670,0,0,1,0
30672,0,1,0,0
30674,0,0,1,0
30676,1,0,0,0
30678,1,0,0,0
30680,1,0,0,0
30682,1,0,0,0
30684,0,0,1,0
30686,0,0,1,0
30688,0,0,1,0
30690,0,0,1,0
30692,0,0,1,0
30694,0,0,1,0
30696,0,0,1,0
30698,0,0,1,0
30700,0,0,1,0
30702,0,0,1,0
30704,0,0,1,0
30706,0,0,1,0
30708,0,0,1,0
30710,0,0,1,0
30712,0,0,1,0
30714,1,0,0,0
30716,0,1,0,0
30718,1,0,0,0
30720,1,0,0,0
30722,1,0,0,0
30724,1,0,0,0
30726,0,0,1,0
30728,0,0,1,0
30730,0,0,1,0
30732,0,0,1,0
30734,0,0,1,0
30736,0,0,1,0
30738,1,0,0,0
30740,1,0,0,0
30742,1,0,0,0
30744,0,0,1,0
30746,0,0,1,0
30748,0,0,1,0
30750,0,1,0,0
30752,1,0,0,0
30754,0,0,1,0
30756,0,0,1,0
30758,1,0,0,0
30760,0,0,1,0
30762,0,0,1,0
30764,0,1,0,0
30766,0,0,1,0
30768,0,0,1,0
30770,0,0,1,0
30772,1,0,0,0
30774,0,1,0,0
30776,0,0,0,0
30778,0,0,1,0
30780,0,0,1,0
30782,0,0,1,0
30784,1,0,0,0
30786,1,0,0,0
30788,1,0,0,0
30790,0,0,0,0
30792,0,0,1,0
30794,0,0,1,0
30796,1,0,0,0
30798,0,0,1,0
30800,0,0,1,0
30802,0,1,0,0
30804,0,0,1,0
30806,0,0,1,0
30808,1,0,0,0
30810,0,0,1,0
30812,1,0,0,0
30814,1,0,0,0
30816,0,0,1,0
30818,0,0,1,0
30820,0,0,1,0
30822,1,0,0,0
30824,1,0,0,0
30826,1,0,0,0
30828,0,0,1,0
30830,0,1,0,0
30832,0,1,0,0
30834,0,0,1,0
30836,1,0,0,0
30838,0,0,1,0
30840,1,0,0,0
30842,0,0,1,0
30844,0,0,1,0
30846,0,0,1,0
30848,0,0,1,0
30850,1,0,0,0
30852,0,0,1,0
30854,0,0,1,0
30856,1,0,0,0
30858,0,0,1,0
30860,0,0,1,0
30862,0,0,1,0
30864,0,0,1,0
30866,0,1,0,0
30868,1,0,0,0
30870,0,1,0,0
30872,1,0,0,0
30874,0,0,1,0
30876,0,0,1,0
30878,0,0,1,0
30880,0,0,1,0
30882,1,0,0,0
30884,0,1,0,0
30886,0,1,0,0
30888,1,0,0,0
30890,0,1,0,0
30892,1,0,0,0
30894,1,0,0,0
30896,0,1,0,0
30898,0,1,0,0
30900,0,0,0,1
30902,0,1,0,0
30904,0,1,0,0
30906,0,0,1,0
30908,0,0,1,0
30910,0,0,0,1
30912,1,0,0,0
30914,0,0,1,0
30916,0,0,1,0
30918,0,1,0,0
30920,1,0,0,0
30922,1,0,0,0
30924,0,1,0,0
30926,0,0,1,0
30928,1,0,0,0
30930,1,0,0,0
30932,0,0,1,0
30934,1,0,0,0
30936,1,0,0,0
30938,0,0,1,0
30940,1,0,0,0
30942,0,1,0,0
30944,0,0,1,0
30946,0,0,1,0
30948,0,0,1,0
30950,1,0,0,0
30952,1,0,0,0
30954,1,0,0,0
30956,0,0,1,0
30958,0,0,1,0
30960,1,0,0,0
30962,1,0,0,0
30964,0,0,1,0
30966,0,0,1,0
30968,0,0,1,0
30970,1,0,0,0
30972,0,0,1,0
30974,0,1,0,0
30976,1,0,0,0
30978,1,0,0,0
30980,0,1,0,0
30982,0,0,1,0
30984,1,0,0,0
30986,0,0,1,0
30988,0,0,1,0
30990,1,0,0,0
30992,0,0,1,0
30994,0,0,1,0
30996,1,0,0,0
30998,1,0,0,0
31000,0,0,1,0
31002,0,0,1,0
31004,1,0,0,0
31006,1,0,0,0
31008,0,0,1,0
31010,0,0,1,0
31012,0,0,1,0
31014,0,0,1,0
31016,1,0,0,0
31018,0,0,1,0
31020,0,0,1,0
31022,0,0,1,0
33742,1,0,0,0
33744,0,0,1,0
33746,0,0,1,0
33748,0,1,0,0
33750,0,0,1,0
33752,1,0,0,0
33754,0,0,1,0
33756,0,0,1,0
33758,0,1,0,0
33760,0,0,1,0
33762,0,1,0,0
33764,0,0,1,0
33766,0,1,0,0
33768,0,1,0,0
33770,1,0,0,0
33908,0,1,0,0
33910,0,1,0,0
33980,1,0,0,0
33982,1,0,0,0
33984,0,1,0,0
33986,0,0,1,0
33988,1,0,0,0
33990,0,1,0,0
33992,1,0,0,0
33994,0,0,1,0
33996,0,1,0,0
33998,1,0,0,0
34000,1,0,0,0
34002,1,0,0,0
34004,1,0,0,0
34006,0,1,0,0
34008,1,0,0,0
34010,0,1,0,0
34012,0,1,0,0
34014,1,0,0,0
34016,0,0,1,0
34018,0,0,1,0
34020,0,0,1,0
34022,0,0,1,0
34024,1,0,0,0
34026,0,0,1,0
34028,0,1,0,0
34030,0,0,1,0
34032,0,1,0,0
34034,1,0,0,0
34036,0,0,1,0
34038,1,0,0,0
34040,0,0,1,0
34042,0,0,1,0
34044,0,0,1,0
34046,0,1,0,0
34048,0,1,0,0
34050,1,0,0,0
34052,1,0,0,0
34054,0,1,0,0
34056,0,0,1,0
34058,0,0,1,0
34060,0,0,1,0
34062,0,0,1,0
34064,0,0,1,0
34066,0,0,1,0
34068,0,0,1,0
34070,1,0,0,0
34072,1,0,0,0
34074,0,0,1,0
34076,1,0,0,0
34078,0,0,1,0
34080,0,1,0,0
34082,1,0,0,0
34084,1,0,0,0
34086,0,0,1,0
34088,0,1,0,0
34090,0,1,0,0
34092,0,0,1,0
34094,1,0,0,0
34096,0,1,0,0
34098,1,0,0,0
34100,0,1,0,0
34102,0,1,0,0
34104,1,0,0,0
34106,1,0,0,0
34108,0,0,1,0
34110,0,0,1,0
34112,0,0,1,0
34114,0,0,1,0
34116,1,0,0,0
34118,0,0,1,0
34120,0,0,0,0
34122,0,0,1,0
34124,0,0,1,0
34126,0,0,1,0
34128,0,0,1,0
34130,1,0,0,0
34132,0,1,0,0
34134,0,0,1,0
34136,0,1,0,0
34138,1,0,0,0
34140,0,0,1,0
34142,0,0,1,0
34144,0,0,1,0
34146,0,1,0,0
34148,0,1,0,0
34150,0,1,0,0
34152,0,0,1,0
34154,1,0,0,0
34156,0,1,0,0
34158,0,0,1,0
34160,0,0,1,0
34162,0,0,1,0
34164,1,0,0,0
34166,1,0,0,0
34168,0,1,0,0
34170,1,0,0,0
34172,0,0,1,0
34174,0,1,0,0
34176,1,0,0,0
34178,0,0,1,0
34180,0,1,0,0
34182,0,1,0,0
34184,0,0,1,0
34808,0,0,1,0
34810,0,0,1,0
34812,0,0,1,0
34814,0,1,0,0
34816,0,1,0,0
34818,0,1,0,0
34820,0,0,1,0
34822,1,0,0,0
34824,0,1,0,0
34826,0,0,1,0
34828,0,1,0,0
34830,0,0,1,0
34832,0,1,0,0
34834,0,1,0,0
34836,1,0,0,0
34838,0,1,0,0
34840,1,0,0,0
34842,1,0,0,0
34844,0,0,1,0
34846,0,1,0,0
34848,0,0,1,0
34850,0,0,1,0
34852,0,0,1,0
34854,0,0,1,0
34856,0,0,1,0
34858,0,0,1,0
34860,1,0,0,0
34862,1,0,0,0
34864,1,0,0,0
34866,0,1,0,0
34868,1,0,0,0
34870,1,0,0,0
